payment_id,amount,failure_reason,payment_method,merchant_type,previous_successes,previous_failures,retry_count,days_since_last_payment,customer_tenure_months,mandate_age_days,average_amount,amount_vs_average,recent_success_rate,failure_frequency,retry_interval_hours,recovered
PX000001,499,expired_card,netbanking,saas,12,1,3,4,52,605,551.56,0.905,0.923,0.25,36.51,0
PX000002,499,suspicious_reversal,card,media,5,3,0,29,48,139,351.26,1.421,0.625,0.10345,23.1,1
PX000003,2499,expired_card,wallet,saas,9,0,3,48,47,486,2909.17,0.859,1.0,0.0,37.58,0
PX000004,2499,mandate_expired,upi,subscription,9,1,1,25,60,623,1967.09,1.27,0.9,0.04,3.27,1
PX000005,19999,insufficient_funds,card,education,7,2,3,31,57,112,23139.97,0.864,0.778,0.06452,21.69,1
PX000006,999,insufficient_funds,netbanking,education,9,1,0,6,27,659,963.66,1.037,0.9,0.16667,10.11,1
PX000007,9999,mandate_expired,netbanking,subscription,9,2,2,7,11,429,7364.01,1.358,0.818,0.28571,44.44,0
PX000008,1999,insufficient_funds,netbanking,saas,5,3,3,17,58,243,2032.06,0.984,0.625,0.17647,21.35,1
PX000009,1499,suspicious_reversal,upi,media,8,2,0,34,33,271,1894.48,0.791,0.8,0.05882,38.89,1
PX000010,999,suspicious_reversal,netbanking,ecommerce,8,3,0,47,21,484,898.03,1.112,0.727,0.06383,4.99,0
PX000011,1999,insufficient_funds,upi,media,7,3,1,9,57,11,1566.67,1.276,0.7,0.33333,6.76,1
PX000012,19999,bank_timeout,card,saas,9,2,1,58,32,210,26795.6,0.746,0.818,0.03448,1.68,1
PX000013,999,expired_card,wallet,subscription,8,0,1,50,16,582,785.33,1.272,1.0,0.0,25.71,0
PX000014,19999,suspicious_reversal,wallet,education,10,0,1,36,22,107,25193.37,0.794,1.0,0.0,15.24,1
PX000015,19999,suspicious_reversal,netbanking,subscription,3,0,0,11,50,39,21457.23,0.932,1.0,0.0,32.83,0
PX000016,9999,insufficient_funds,wallet,saas,6,1,0,23,56,383,6812.69,1.468,0.857,0.04348,40.09,1
PX000017,1999,suspicious_reversal,netbanking,subscription,14,1,0,26,37,170,1787.12,1.119,0.933,0.03846,17.9,1
PX000018,1999,insufficient_funds,upi,education,13,2,3,37,39,70,2359.96,0.847,0.867,0.05405,4.51,0
PX000019,4999,bank_timeout,wallet,media,10,3,3,48,32,360,5397.29,0.926,0.769,0.0625,44.73,1
PX000020,9999,bank_timeout,netbanking,subscription,10,2,2,23,8,533,10422.9,0.959,0.833,0.08696,44.97,1
PX000021,2499,mandate_expired,upi,ecommerce,9,2,3,28,19,323,2103.01,1.188,0.818,0.07143,44.13,0
PX000022,2499,bank_timeout,card,media,9,1,3,47,49,145,3319.95,0.753,0.9,0.02128,31.67,1
PX000023,499,bank_timeout,upi,subscription,10,1,2,31,33,544,550.9,0.906,0.909,0.03226,40.93,1
PX000024,9999,expired_card,upi,subscription,6,2,1,6,47,134,13838.83,0.723,0.75,0.33333,22.28,0
PX000025,1499,expired_card,wallet,saas,9,1,3,9,57,203,1264.8,1.185,0.9,0.11111,20.83,0
PX000026,1999,expired_card,wallet,saas,5,1,0,35,22,414,2322.04,0.861,0.833,0.02857,31.28,0
PX000027,2499,insufficient_funds,upi,education,14,0,3,51,50,41,2060.4,1.213,1.0,0.0,16.37,1
PX000028,4999,insufficient_funds,upi,education,6,4,3,42,9,515,4550.46,1.099,0.6,0.09524,30.94,1
PX000029,4999,insufficient_funds,wallet,saas,9,0,3,46,3,317,4876.33,1.025,1.0,0.0,7.66,1
PX000030,999,suspicious_reversal,wallet,subscription,6,5,2,22,45,394,869.89,1.148,0.545,0.22727,40.61,0
PX000031,2499,expired_card,netbanking,media,11,1,1,2,37,678,2395.46,1.043,0.917,0.5,15.11,0
PX000032,2499,bank_timeout,card,ecommerce,18,3,1,3,31,568,2478.41,1.008,0.857,1.0,47.31,1
PX000033,1499,suspicious_reversal,upi,saas,7,0,1,7,56,493,1754.74,0.854,1.0,0.0,37.25,0
PX000034,4999,expired_card,card,media,4,2,3,25,42,654,5685.31,0.879,0.667,0.08,11.79,0
PX000035,2499,insufficient_funds,wallet,media,6,4,3,25,33,100,2648.68,0.943,0.6,0.16,47.89,0
PX000036,4999,mandate_expired,upi,ecommerce,5,0,1,28,58,464,4372.3,1.143,1.0,0.0,20.47,0
PX000037,19999,expired_card,netbanking,saas,10,1,1,53,1,207,20982.78,0.953,0.909,0.01887,38.12,0
PX000038,4999,mandate_expired,wallet,saas,12,1,1,3,4,180,3261.47,1.533,0.923,0.33333,22.12,0
PX000039,9999,insufficient_funds,upi,subscription,5,2,1,7,25,630,6009.26,1.664,0.714,0.28571,24.64,1
PX000040,499,insufficient_funds,card,saas,8,1,1,28,52,520,359.46,1.388,0.889,0.03571,2.75,1
PX000041,499,suspicious_reversal,upi,subscription,4,3,1,52,32,452,364.37,1.369,0.571,0.05769,37.21,0
PX000042,1499,insufficient_funds,upi,media,11,0,2,21,24,14,1097.85,1.365,1.0,0.0,34.95,1
PX000043,1499,expired_card,wallet,ecommerce,8,0,2,60,35,427,1051.59,1.425,1.0,0.0,43.12,0
PX000044,1999,mandate_expired,upi,education,6,2,3,16,38,446,2084.62,0.959,0.75,0.125,19.32,0
PX000045,2499,expired_card,wallet,saas,8,3,1,58,16,131,1898.32,1.316,0.727,0.05172,41.3,0
PX000046,999,insufficient_funds,card,saas,12,2,0,59,60,276,1174.27,0.851,0.857,0.0339,42.66,1
PX000047,4999,insufficient_funds,card,education,8,1,0,21,2,698,3973.59,1.258,0.889,0.04762,5.2,1
PX000048,2499,suspicious_reversal,card,ecommerce,5,4,0,16,9,216,3028.4,0.825,0.556,0.25,42.14,0
PX000049,499,suspicious_reversal,netbanking,media,5,3,0,16,28,118,639.49,0.78,0.625,0.1875,28.25,0
PX000050,4999,insufficient_funds,wallet,ecommerce,8,2,0,27,12,180,5839.81,0.856,0.8,0.07407,40.94,0
PX000051,4999,insufficient_funds,netbanking,saas,10,0,1,8,11,696,4927.14,1.015,1.0,0.0,45.78,1
PX000052,1499,mandate_expired,wallet,ecommerce,4,2,2,32,40,137,2084.93,0.719,0.667,0.0625,39.37,0
PX000053,1499,mandate_expired,wallet,subscription,9,2,2,60,17,206,973.83,1.539,0.818,0.03333,22.27,1
PX000054,1999,bank_timeout,wallet,education,11,1,3,27,18,652,2398.19,0.834,0.917,0.03704,47.61,1
PX000055,9999,expired_card,upi,ecommerce,12,0,3,6,20,488,11243.02,0.889,1.0,0.0,31.99,1
PX000056,19999,insufficient_funds,wallet,subscription,7,2,3,33,33,513,27245.4,0.734,0.778,0.06061,29.48,1
PX000057,1499,expired_card,upi,ecommerce,10,3,3,15,25,667,2007.31,0.747,0.769,0.2,40.56,0
PX000058,499,expired_card,wallet,education,9,2,1,1,3,246,617.77,0.808,0.818,2.0,40.36,1
PX000059,4999,expired_card,netbanking,subscription,8,1,0,17,29,646,5652.68,0.884,0.889,0.05882,5.81,0
PX000060,2499,bank_timeout,upi,saas,12,0,1,41,46,258,3073.7,0.813,1.0,0.0,40.03,1
PX000061,19999,mandate_expired,card,ecommerce,8,0,2,4,14,1,18980.12,1.054,1.0,0.0,37.29,1
PX000062,1499,expired_card,netbanking,media,7,3,2,46,43,340,1340.59,1.118,0.7,0.06522,10.91,1
PX000063,4999,expired_card,wallet,subscription,6,2,0,53,58,713,6490.14,0.77,0.75,0.03774,9.63,1
PX000064,1999,expired_card,wallet,ecommerce,6,2,1,26,16,554,2521.32,0.793,0.75,0.07692,27.16,0
PX000065,9999,insufficient_funds,upi,saas,4,2,3,11,51,650,9758.67,1.025,0.667,0.18182,23.11,0
PX000066,1999,bank_timeout,card,ecommerce,6,1,2,52,11,234,1776.33,1.125,0.857,0.01923,3.13,1
PX000067,1499,insufficient_funds,wallet,education,5,1,0,52,58,551,1882.51,0.796,0.833,0.01923,25.49,0
PX000068,1999,bank_timeout,upi,saas,12,1,3,7,48,633,2141.86,0.933,0.923,0.14286,17.54,1
PX000069,1999,mandate_expired,wallet,education,11,0,1,10,31,528,1821.64,1.097,1.0,0.0,10.69,1
PX000070,9999,expired_card,netbanking,ecommerce,9,0,3,41,55,411,6211.64,1.61,1.0,0.0,35.81,0
PX000071,999,mandate_expired,upi,saas,5,1,1,47,9,363,1028.16,0.972,0.833,0.02128,46.36,0
PX000072,9999,suspicious_reversal,wallet,subscription,11,0,3,48,14,612,8274.35,1.208,1.0,0.0,14.93,0
PX000073,499,bank_timeout,wallet,saas,6,2,1,9,35,138,436.78,1.142,0.75,0.22222,5.1,0
PX000074,999,mandate_expired,upi,media,7,3,0,43,33,221,1321.07,0.756,0.7,0.06977,2.64,0
PX000075,9999,suspicious_reversal,wallet,subscription,8,2,2,18,12,704,6753.61,1.481,0.8,0.11111,41.7,0
PX000076,2499,suspicious_reversal,upi,media,13,0,2,5,35,570,2391.19,1.045,1.0,0.0,44.71,0
PX000077,499,bank_timeout,card,subscription,7,1,0,12,9,416,663.65,0.752,0.875,0.08333,26.02,1
PX000078,9999,insufficient_funds,netbanking,media,10,1,0,40,11,492,9477.13,1.055,0.909,0.025,11.36,1
PX000079,19999,bank_timeout,netbanking,media,8,1,2,36,15,167,22200.63,0.901,0.889,0.02778,2.91,0
PX000080,499,mandate_expired,card,media,11,3,1,31,3,538,482.92,1.033,0.786,0.09677,10.74,0
PX000081,1499,bank_timeout,card,subscription,8,4,3,22,48,350,1076.19,1.393,0.667,0.18182,13.49,1
PX000082,1999,bank_timeout,netbanking,saas,10,2,3,46,11,230,1635.67,1.222,0.833,0.04348,6.72,1
PX000083,4999,insufficient_funds,wallet,ecommerce,13,2,1,35,46,404,6345.18,0.788,0.867,0.05714,5.66,1
PX000084,999,expired_card,upi,media,11,1,2,57,46,295,1266.03,0.789,0.917,0.01754,32.86,1
PX000085,4999,bank_timeout,upi,media,8,2,3,47,37,564,4512.37,1.108,0.8,0.04255,40.17,1
PX000086,4999,bank_timeout,netbanking,saas,5,2,0,12,11,143,4639.27,1.078,0.714,0.16667,23.27,1
PX000087,2499,expired_card,netbanking,education,9,1,0,18,12,582,3313.88,0.754,0.9,0.05556,38.63,1
PX000088,2499,insufficient_funds,upi,ecommerce,6,1,1,47,10,154,3333.46,0.75,0.857,0.02128,40.92,0
PX000089,499,insufficient_funds,netbanking,subscription,14,0,3,15,19,368,501.11,0.996,1.0,0.0,28.18,1
PX000090,9999,expired_card,wallet,media,14,2,2,48,37,280,13838.44,0.723,0.875,0.04167,42.47,1
PX000091,999,expired_card,upi,ecommerce,8,2,3,24,25,690,640.06,1.561,0.8,0.08333,36.11,0
PX000092,2499,suspicious_reversal,upi,education,6,5,0,27,4,468,1902.31,1.314,0.545,0.18519,42.68,0
PX000093,499,insufficient_funds,wallet,saas,7,0,1,5,4,723,328.96,1.517,1.0,0.0,6.8,0
PX000094,4999,mandate_expired,upi,education,11,2,3,42,39,626,3310.32,1.51,0.846,0.04762,36.84,1
PX000095,9999,insufficient_funds,card,education,11,0,3,27,4,299,6693.02,1.494,1.0,0.0,11.06,1
PX000096,9999,expired_card,wallet,ecommerce,12,3,3,58,31,329,7446.33,1.343,0.8,0.05172,10.8,1
PX000097,2499,bank_timeout,netbanking,saas,6,2,1,25,18,555,1960.57,1.275,0.75,0.08,43.53,1
PX000098,999,expired_card,card,media,12,2,3,27,15,720,1386.65,0.72,0.857,0.07407,43.54,0
PX000099,19999,insufficient_funds,upi,ecommerce,9,2,0,46,60,405,12337.88,1.621,0.818,0.04348,15.53,1
PX000100,1499,expired_card,wallet,ecommerce,3,1,2,37,14,325,1430.47,1.048,0.75,0.02703,3.91,0
PX000101,4999,suspicious_reversal,upi,subscription,10,2,2,3,7,258,5844.47,0.855,0.833,0.66667,1.38,0
PX000102,2499,expired_card,upi,education,7,1,0,25,5,129,3147.57,0.794,0.875,0.04,44.47,1
PX000103,2499,suspicious_reversal,netbanking,subscription,8,3,2,35,31,113,2978.35,0.839,0.727,0.08571,4.06,0
PX000104,999,suspicious_reversal,netbanking,saas,10,3,2,38,29,677,805.51,1.24,0.769,0.07895,33.41,0
PX000105,2499,bank_timeout,card,subscription,8,4,1,54,42,358,1782.56,1.402,0.667,0.07407,7.75,1
PX000106,999,bank_timeout,netbanking,ecommerce,5,3,1,1,28,182,964.27,1.036,0.625,3.0,19.22,0
PX000107,499,insufficient_funds,wallet,saas,5,2,3,37,15,558,413.1,1.208,0.714,0.05405,37.91,0
PX000108,1499,suspicious_reversal,wallet,media,6,2,0,29,10,714,1468.87,1.021,0.75,0.06897,6.72,1
PX000109,4999,suspicious_reversal,wallet,ecommerce,10,4,2,19,12,23,4566.44,1.095,0.714,0.21053,10.01,0
PX000110,1999,bank_timeout,netbanking,education,10,0,2,30,34,91,1580.76,1.265,1.0,0.0,35.99,1
PX000111,1499,suspicious_reversal,wallet,media,10,2,3,7,46,176,1227.87,1.221,0.833,0.28571,2.06,0
PX000112,1499,bank_timeout,wallet,ecommerce,4,4,3,32,56,230,1827.51,0.82,0.5,0.125,36.83,0
PX000113,1999,suspicious_reversal,upi,saas,9,4,3,17,59,303,1267.3,1.577,0.692,0.23529,21.79,0
PX000114,19999,insufficient_funds,wallet,saas,9,2,1,50,58,188,27514.97,0.727,0.818,0.04,37.77,0
PX000115,2499,suspicious_reversal,upi,subscription,9,2,2,31,18,189,2824.72,0.885,0.818,0.06452,6.14,0
PX000116,1499,suspicious_reversal,card,subscription,9,1,3,7,36,679,2035.63,0.736,0.9,0.14286,15.45,0
PX000117,4999,mandate_expired,netbanking,saas,5,3,3,57,54,547,6503.77,0.769,0.625,0.05263,6.98,0
PX000118,19999,insufficient_funds,wallet,saas,5,2,0,21,42,390,24348.55,0.821,0.714,0.09524,18.5,1
PX000119,1499,suspicious_reversal,card,saas,8,0,2,46,2,371,1766.94,0.848,1.0,0.0,41.79,0
PX000120,19999,expired_card,card,education,8,2,2,6,30,649,24226.15,0.826,0.8,0.33333,9.99,1
PX000121,999,suspicious_reversal,upi,education,5,0,3,44,60,693,1204.0,0.83,1.0,0.0,22.9,0
PX000122,9999,mandate_expired,upi,ecommerce,8,1,0,46,50,363,13352.63,0.749,0.889,0.02174,2.05,1
PX000123,499,mandate_expired,netbanking,subscription,9,3,2,35,40,51,367.39,1.358,0.75,0.08571,3.78,0
PX000124,19999,insufficient_funds,upi,education,4,0,2,52,45,172,20771.33,0.963,1.0,0.0,20.75,0
PX000125,19999,mandate_expired,upi,saas,8,2,1,28,26,239,16886.85,1.184,0.8,0.07143,12.42,1
PX000126,499,bank_timeout,wallet,media,6,0,1,46,11,721,317.32,1.573,1.0,0.0,36.03,1
PX000127,9999,mandate_expired,card,education,5,0,1,34,37,436,12336.93,0.81,1.0,0.0,36.27,0
PX000128,1999,suspicious_reversal,upi,ecommerce,10,1,3,56,46,91,1516.01,1.319,0.909,0.01786,36.85,1
PX000129,999,suspicious_reversal,wallet,education,12,2,0,13,42,394,984.12,1.015,0.857,0.15385,27.65,1
PX000130,1999,mandate_expired,wallet,saas,12,0,1,36,11,162,2373.24,0.842,1.0,0.0,39.8,0
PX000131,19999,mandate_expired,card,ecommerce,7,3,3,7,14,247,25050.44,0.798,0.7,0.42857,18.71,0
PX000132,9999,suspicious_reversal,netbanking,subscription,10,0,2,41,47,694,12631.94,0.792,1.0,0.0,13.67,1
PX000133,2499,suspicious_reversal,netbanking,media,6,1,0,14,55,401,1929.49,1.295,0.857,0.07143,8.25,0
PX000134,9999,insufficient_funds,wallet,education,9,4,3,31,19,371,9494.96,1.053,0.692,0.12903,16.64,1
PX000135,999,mandate_expired,wallet,ecommerce,10,1,3,2,49,451,1141.51,0.875,0.909,0.5,35.97,0
PX000136,4999,expired_card,card,ecommerce,4,4,1,42,49,628,3488.46,1.433,0.5,0.09524,44.49,1
PX000137,1499,suspicious_reversal,card,subscription,3,1,0,25,52,561,1970.44,0.761,0.75,0.04,31.5,1
PX000138,9999,insufficient_funds,netbanking,media,8,1,3,14,48,487,8808.9,1.135,0.889,0.07143,42.62,0
PX000139,2499,mandate_expired,card,education,13,1,3,5,36,363,3274.21,0.763,0.929,0.2,30.43,0
PX000140,999,mandate_expired,upi,saas,14,4,1,34,33,78,779.84,1.281,0.778,0.11765,40.43,1
PX000141,19999,insufficient_funds,netbanking,ecommerce,10,4,2,49,35,624,14455.15,1.384,0.714,0.08163,28.18,1
PX000142,9999,expired_card,card,ecommerce,10,3,0,24,44,593,11675.3,0.856,0.769,0.125,22.75,0
PX000143,1499,insufficient_funds,card,subscription,9,3,2,25,26,123,1787.79,0.838,0.75,0.12,37.77,1
PX000144,999,insufficient_funds,netbanking,media,3,1,3,11,4,387,1164.19,0.858,0.75,0.09091,27.83,1
PX000145,1499,suspicious_reversal,netbanking,subscription,6,3,2,53,25,583,1942.33,0.772,0.667,0.0566,33.68,0
PX000146,2499,mandate_expired,card,education,9,2,0,46,37,259,2796.07,0.894,0.818,0.04348,24.92,1
PX000147,2499,bank_timeout,card,subscription,10,5,2,41,46,563,3495.06,0.715,0.667,0.12195,23.89,1
PX000148,1999,mandate_expired,netbanking,subscription,5,2,1,2,29,408,1651.23,1.211,0.714,1.0,28.84,1
PX000149,499,suspicious_reversal,wallet,ecommerce,10,4,1,17,32,272,317.63,1.571,0.714,0.23529,37.88,0
PX000150,2499,mandate_expired,wallet,ecommerce,6,2,2,46,17,686,2820.61,0.886,0.75,0.04348,21.0,0
PX000151,499,mandate_expired,wallet,saas,6,1,3,38,54,335,307.49,1.623,0.857,0.02632,12.35,1
PX000152,19999,insufficient_funds,upi,ecommerce,2,1,1,33,19,241,20773.33,0.963,0.667,0.0303,11.04,1
PX000153,1999,suspicious_reversal,card,subscription,8,2,1,56,19,109,2793.91,0.715,0.8,0.03571,18.51,0
PX000154,1499,suspicious_reversal,netbanking,subscription,9,0,1,43,47,730,908.37,1.65,1.0,0.0,8.15,0
PX000155,2499,bank_timeout,upi,saas,11,1,0,60,51,163,3128.5,0.799,0.917,0.01667,8.51,1
PX000156,4999,mandate_expired,upi,ecommerce,9,0,1,15,41,668,6187.81,0.808,1.0,0.0,46.57,1
PX000157,4999,mandate_expired,upi,ecommerce,7,5,2,53,11,448,4112.05,1.216,0.583,0.09434,5.23,0
PX000158,999,bank_timeout,netbanking,ecommerce,8,2,3,59,46,72,1262.11,0.792,0.8,0.0339,28.72,1
PX000159,1499,expired_card,upi,subscription,9,2,2,20,27,172,1370.99,1.093,0.818,0.1,35.76,0
PX000160,499,mandate_expired,upi,ecommerce,7,3,3,1,19,135,553.11,0.902,0.7,3.0,18.54,0
PX000161,4999,expired_card,card,saas,13,1,0,36,49,323,3977.11,1.257,0.929,0.02778,42.43,1
PX000162,499,mandate_expired,wallet,saas,9,2,0,14,14,84,562.6,0.887,0.818,0.14286,37.59,0
PX000163,2499,insufficient_funds,wallet,ecommerce,9,1,0,11,57,696,1890.08,1.322,0.9,0.09091,46.07,1
PX000164,1499,expired_card,upi,education,10,2,2,10,56,243,1296.64,1.156,0.833,0.2,22.07,1
PX000165,4999,bank_timeout,card,saas,6,3,0,47,3,275,4212.51,1.187,0.667,0.06383,8.72,0
PX000166,499,bank_timeout,card,media,5,2,1,12,29,243,327.44,1.524,0.714,0.16667,3.2,0
PX000167,1999,insufficient_funds,wallet,media,7,6,0,53,45,267,1206.38,1.657,0.538,0.11321,24.59,0
PX000168,9999,insufficient_funds,wallet,saas,5,1,2,2,15,405,11598.22,0.862,0.833,0.5,31.27,1
PX000169,1499,mandate_expired,netbanking,subscription,8,0,0,7,59,70,1321.16,1.135,1.0,0.0,33.81,0
PX000170,19999,mandate_expired,netbanking,subscription,4,3,0,9,48,590,22833.67,0.876,0.571,0.33333,9.75,0
PX000171,1499,mandate_expired,upi,saas,4,2,2,20,40,656,1574.51,0.952,0.667,0.1,44.16,1
PX000172,999,bank_timeout,wallet,saas,8,1,3,19,17,413,633.75,1.576,0.889,0.05263,4.27,0
PX000173,1499,bank_timeout,upi,saas,10,3,3,7,39,486,939.71,1.595,0.769,0.42857,13.59,1
PX000174,999,bank_timeout,wallet,education,10,2,0,57,29,233,803.95,1.243,0.833,0.03509,47.97,1
PX000175,1499,bank_timeout,wallet,subscription,6,1,0,45,53,75,1002.0,1.496,0.857,0.02222,15.28,1
PX000176,19999,mandate_expired,wallet,education,9,1,0,22,21,384,26128.72,0.765,0.9,0.04545,14.39,1
PX000177,999,insufficient_funds,netbanking,media,8,0,3,3,2,241,995.4,1.004,1.0,0.0,17.43,1
PX000178,19999,mandate_expired,netbanking,education,9,2,3,52,1,120,20114.97,0.994,0.818,0.03846,20.66,1
PX000179,4999,suspicious_reversal,netbanking,saas,11,2,0,45,52,677,3298.47,1.516,0.846,0.04444,5.73,0
PX000180,1999,expired_card,wallet,subscription,10,1,1,18,38,170,2190.95,0.912,0.909,0.05556,37.87,1
PX000181,499,suspicious_reversal,card,media,9,3,0,34,60,241,428.08,1.166,0.75,0.08824,0.84,0
PX000182,1499,insufficient_funds,wallet,subscription,9,0,0,3,10,724,1837.51,0.816,1.0,0.0,45.03,0
PX000183,499,bank_timeout,upi,education,6,1,3,59,49,321,477.89,1.044,0.857,0.01695,26.74,1
PX000184,1999,mandate_expired,netbanking,saas,15,2,2,49,14,524,2412.07,0.829,0.882,0.04082,19.12,0
PX000185,19999,mandate_expired,wallet,saas,2,4,2,58,37,517,27805.63,0.719,0.333,0.06897,46.63,0
PX000186,19999,expired_card,wallet,education,8,0,3,10,23,612,19749.16,1.013,1.0,0.0,2.81,1
PX000187,499,mandate_expired,upi,subscription,10,3,0,52,28,631,520.24,0.959,0.769,0.05769,16.84,1
PX000188,1499,insufficient_funds,upi,education,15,2,2,24,9,599,1207.21,1.242,0.882,0.08333,35.9,1
PX000189,499,expired_card,netbanking,education,11,0,1,60,35,635,651.83,0.766,1.0,0.0,45.69,1
PX000190,4999,insufficient_funds,card,subscription,4,1,1,14,22,479,4309.19,1.16,0.8,0.07143,29.71,0
PX000191,19999,expired_card,netbanking,education,11,1,0,7,46,705,21580.65,0.927,0.917,0.14286,20.24,0
PX000192,1499,bank_timeout,netbanking,media,6,0,2,46,17,256,1366.29,1.097,1.0,0.0,12.24,0
PX000193,9999,insufficient_funds,wallet,ecommerce,4,2,0,13,55,664,13118.81,0.762,0.667,0.15385,32.77,1
PX000194,1499,mandate_expired,card,ecommerce,9,2,0,45,1,125,1409.91,1.063,0.818,0.04444,23.63,1
PX000195,9999,bank_timeout,netbanking,ecommerce,6,2,2,3,30,19,9439.27,1.059,0.75,0.66667,42.46,1
PX000196,1999,mandate_expired,wallet,education,9,6,2,31,41,622,1889.23,1.058,0.6,0.19355,39.44,0
PX000197,9999,suspicious_reversal,netbanking,ecommerce,13,2,0,44,13,183,13009.86,0.769,0.867,0.04545,15.2,1
PX000198,9999,bank_timeout,netbanking,saas,9,0,1,15,49,43,12319.01,0.812,1.0,0.0,24.85,1
PX000199,999,expired_card,card,education,13,3,3,21,38,510,776.47,1.287,0.812,0.14286,15.93,1
PX000200,9999,bank_timeout,upi,saas,6,1,1,2,4,115,11327.66,0.883,0.857,0.5,30.41,0
PX000201,1499,expired_card,wallet,saas,6,5,2,44,23,398,1224.07,1.225,0.545,0.11364,16.07,0
PX000202,4999,expired_card,netbanking,saas,8,5,1,44,39,515,3944.28,1.267,0.615,0.11364,13.96,0
PX000203,2499,insufficient_funds,wallet,ecommerce,8,3,1,34,1,188,2739.13,0.912,0.727,0.08824,22.68,1
PX000204,9999,insufficient_funds,upi,subscription,3,1,3,26,22,524,13315.46,0.751,0.75,0.03846,34.36,1
PX000205,1499,suspicious_reversal,upi,subscription,12,1,2,49,46,515,1535.39,0.976,0.923,0.02041,18.28,0
PX000206,499,suspicious_reversal,card,media,12,3,1,34,15,392,630.2,0.792,0.8,0.08824,7.1,0
PX000207,4999,mandate_expired,wallet,saas,6,0,1,5,56,136,3762.79,1.329,1.0,0.0,29.39,1
PX000208,999,suspicious_reversal,card,ecommerce,8,2,0,24,21,231,703.08,1.421,0.8,0.08333,33.5,1
PX000209,19999,insufficient_funds,card,subscription,7,0,2,13,55,40,14229.65,1.405,1.0,0.0,23.94,1
PX000210,1499,bank_timeout,netbanking,saas,9,0,3,20,1,174,916.34,1.636,1.0,0.0,5.02,1
PX000211,4999,insufficient_funds,upi,subscription,8,2,0,56,34,32,5259.54,0.95,0.8,0.03571,26.54,1
PX000212,9999,mandate_expired,wallet,subscription,12,2,0,24,40,229,12773.39,0.783,0.857,0.08333,18.5,0
PX000213,19999,mandate_expired,netbanking,education,7,4,1,51,12,214,27253.36,0.734,0.636,0.07843,19.27,0
PX000214,1999,suspicious_reversal,netbanking,education,7,2,3,11,6,22,1849.63,1.081,0.778,0.18182,31.34,0
PX000215,499,bank_timeout,wallet,saas,8,1,2,46,35,611,373.83,1.335,0.889,0.02174,10.92,1
PX000216,999,mandate_expired,upi,education,12,4,3,36,22,632,853.53,1.17,0.75,0.11111,23.47,0
PX000217,2499,expired_card,netbanking,media,12,4,0,32,48,25,2265.09,1.103,0.75,0.125,23.03,1
PX000218,499,bank_timeout,upi,education,7,1,2,28,14,152,508.49,0.981,0.875,0.03571,13.81,0
PX000219,1499,insufficient_funds,upi,education,6,3,1,37,34,720,1683.66,0.89,0.667,0.08108,43.19,0
PX000220,9999,bank_timeout,wallet,education,6,0,1,44,60,404,12685.81,0.788,1.0,0.0,13.79,1
PX000221,19999,bank_timeout,upi,media,4,3,2,4,33,328,15239.0,1.312,0.571,0.75,33.72,1
PX000222,499,mandate_expired,card,subscription,7,1,3,14,34,638,540.2,0.924,0.875,0.07143,8.88,0
PX000223,1999,insufficient_funds,netbanking,media,4,3,2,47,59,605,1961.07,1.019,0.571,0.06383,24.67,0
PX000224,1999,insufficient_funds,card,media,4,1,0,51,41,52,1248.15,1.602,0.8,0.01961,22.6,0
PX000225,19999,insufficient_funds,netbanking,media,14,2,2,43,59,6,17684.95,1.131,0.875,0.04651,29.74,1
PX000226,499,suspicious_reversal,wallet,subscription,6,3,0,36,60,390,574.07,0.869,0.667,0.08333,22.91,0
PX000227,999,suspicious_reversal,card,ecommerce,3,4,3,50,17,3,1094.65,0.913,0.429,0.08,44.9,0
PX000228,499,suspicious_reversal,wallet,ecommerce,6,3,2,57,20,50,488.64,1.021,0.667,0.05263,40.41,0
PX000229,1499,bank_timeout,wallet,subscription,10,2,2,40,36,38,1969.66,0.761,0.833,0.05,33.35,0
PX000230,2499,insufficient_funds,netbanking,saas,9,1,3,8,25,374,1830.53,1.365,0.9,0.125,28.55,1
PX000231,1999,expired_card,netbanking,subscription,7,1,3,44,9,425,1520.87,1.314,0.875,0.02273,36.61,0
PX000232,999,expired_card,upi,ecommerce,7,1,3,36,34,672,899.58,1.111,0.875,0.02778,42.06,1
PX000233,1999,insufficient_funds,netbanking,subscription,5,0,2,31,18,223,1487.75,1.344,1.0,0.0,29.65,1
PX000234,1499,mandate_expired,card,ecommerce,3,3,2,35,1,415,1893.22,0.792,0.5,0.08571,11.72,0
PX000235,1499,insufficient_funds,card,subscription,8,5,2,9,41,427,953.29,1.572,0.615,0.55556,39.66,1
PX000236,4999,mandate_expired,card,ecommerce,8,1,3,30,7,478,5144.25,0.972,0.889,0.03333,11.8,0
PX000237,1999,suspicious_reversal,card,saas,9,2,0,17,1,262,1965.29,1.017,0.818,0.11765,23.96,0
PX000238,499,expired_card,card,subscription,8,3,2,7,14,220,471.54,1.058,0.727,0.42857,14.68,0
PX000239,19999,insufficient_funds,netbanking,subscription,13,0,0,40,26,632,14262.19,1.402,1.0,0.0,17.89,1
PX000240,999,bank_timeout,card,media,7,1,1,41,21,183,1195.69,0.836,0.875,0.02439,37.06,1
PX000241,1999,bank_timeout,card,education,7,2,0,53,50,119,1781.82,1.122,0.778,0.03774,40.81,1
PX000242,1499,suspicious_reversal,wallet,subscription,13,2,0,59,53,318,1117.43,1.341,0.867,0.0339,16.24,0
PX000243,1999,expired_card,card,media,11,1,2,9,29,402,1913.6,1.045,0.917,0.11111,24.83,1
PX000244,4999,suspicious_reversal,wallet,education,7,2,2,39,58,39,4360.58,1.146,0.778,0.05128,33.26,1
PX000245,19999,insufficient_funds,netbanking,ecommerce,2,3,3,19,51,339,25509.34,0.784,0.4,0.15789,38.63,1
PX000246,4999,bank_timeout,netbanking,saas,8,3,1,53,42,200,3629.34,1.377,0.727,0.0566,15.06,1
PX000247,9999,insufficient_funds,upi,education,3,2,1,46,21,539,13973.88,0.716,0.6,0.04348,17.02,1
PX000248,1499,mandate_expired,card,media,13,1,3,18,49,64,1412.53,1.061,0.929,0.05556,8.45,1
PX000249,1999,expired_card,card,ecommerce,9,2,3,21,43,588,1614.05,1.239,0.818,0.09524,29.25,0
PX000250,999,insufficient_funds,card,media,6,1,0,14,28,569,827.91,1.207,0.857,0.07143,3.9,1
PX000251,2499,mandate_expired,netbanking,education,10,4,0,27,41,199,2816.51,0.887,0.714,0.14815,27.56,1
PX000252,2499,expired_card,upi,education,3,0,1,26,29,60,2050.51,1.219,1.0,0.0,31.64,1
PX000253,4999,suspicious_reversal,wallet,media,8,2,0,11,60,137,4915.87,1.017,0.8,0.18182,40.53,0
PX000254,2499,mandate_expired,upi,ecommerce,9,3,0,15,44,366,2580.11,0.969,0.75,0.2,26.74,0
PX000255,1999,insufficient_funds,card,education,11,1,1,1,50,90,1448.89,1.38,0.917,1.0,42.25,1
PX000256,4999,insufficient_funds,netbanking,saas,6,2,3,6,8,694,4851.22,1.03,0.75,0.33333,30.44,1
PX000257,2499,insufficient_funds,wallet,saas,8,1,2,42,15,427,2537.61,0.985,0.889,0.02381,26.83,1
PX000258,2499,expired_card,card,ecommerce,9,2,1,27,32,197,2882.83,0.867,0.818,0.07407,23.34,1
PX000259,19999,mandate_expired,netbanking,media,10,0,0,28,3,283,27057.42,0.739,1.0,0.0,15.89,0
PX000260,1499,expired_card,upi,education,8,2,2,46,52,460,1843.85,0.813,0.8,0.04348,12.42,0
PX000261,4999,bank_timeout,wallet,ecommerce,11,2,2,15,53,716,3910.37,1.278,0.846,0.13333,11.74,0
PX000262,2499,insufficient_funds,upi,ecommerce,6,1,2,2,38,454,2752.21,0.908,0.857,0.5,3.86,1
PX000263,4999,suspicious_reversal,wallet,saas,8,1,2,38,34,139,6676.25,0.749,0.889,0.02632,5.4,1
PX000264,1499,suspicious_reversal,card,education,7,2,3,3,40,321,1827.61,0.82,0.778,0.66667,31.41,0
PX000265,9999,mandate_expired,upi,ecommerce,8,6,1,20,44,433,6203.63,1.612,0.571,0.3,0.85,0
PX000266,499,bank_timeout,wallet,saas,8,1,0,60,36,168,630.99,0.791,0.889,0.01667,8.06,0
PX000267,9999,insufficient_funds,wallet,saas,7,1,3,19,27,106,13374.03,0.748,0.875,0.05263,24.87,0
PX000268,499,insufficient_funds,card,ecommerce,8,2,1,35,27,305,319.99,1.559,0.8,0.05714,44.82,1
PX000269,2499,expired_card,wallet,saas,13,0,3,37,45,603,2400.12,1.041,1.0,0.0,8.32,1
PX000270,2499,mandate_expired,netbanking,media,8,2,0,26,16,405,2604.05,0.96,0.8,0.07692,2.49,1
PX000271,499,insufficient_funds,wallet,media,7,0,3,14,21,616,547.5,0.911,1.0,0.0,27.24,1
PX000272,4999,suspicious_reversal,card,ecommerce,9,0,1,20,32,431,4819.96,1.037,1.0,0.0,14.83,0
PX000273,1999,suspicious_reversal,netbanking,subscription,10,1,0,12,37,4,2005.73,0.997,0.909,0.08333,25.59,0
PX000274,2499,insufficient_funds,netbanking,subscription,6,2,0,41,8,643,3447.06,0.725,0.75,0.04878,21.54,1
PX000275,4999,expired_card,upi,saas,5,0,1,56,10,54,3292.06,1.519,1.0,0.0,21.93,1
PX000276,999,suspicious_reversal,wallet,media,5,0,1,34,53,73,681.66,1.466,1.0,0.0,23.32,0
PX000277,19999,bank_timeout,upi,subscription,9,2,3,18,7,224,16179.96,1.236,0.818,0.11111,22.39,1
PX000278,499,mandate_expired,card,ecommerce,8,2,3,40,20,428,361.22,1.381,0.8,0.05,42.57,0
PX000279,1499,bank_timeout,netbanking,ecommerce,17,0,0,48,37,406,1267.71,1.182,1.0,0.0,29.4,1
PX000280,4999,mandate_expired,netbanking,media,10,0,1,38,3,730,4177.36,1.197,1.0,0.0,9.24,1
PX000281,1999,mandate_expired,wallet,ecommerce,7,0,3,39,52,631,1265.21,1.58,1.0,0.0,7.4,1
PX000282,19999,expired_card,card,media,11,1,2,53,43,426,16769.12,1.193,0.917,0.01887,3.8,0
PX000283,9999,expired_card,upi,education,12,1,1,54,26,695,9421.87,1.061,0.923,0.01852,37.74,0
PX000284,499,insufficient_funds,netbanking,subscription,7,2,3,48,58,138,394.4,1.265,0.778,0.04167,37.51,1
PX000285,999,bank_timeout,card,saas,10,2,2,9,8,404,1182.3,0.845,0.833,0.22222,17.35,1
PX000286,9999,insufficient_funds,netbanking,media,6,2,3,24,60,358,12282.32,0.814,0.75,0.08333,0.79,0
PX000287,999,expired_card,wallet,media,10,2,1,49,10,598,1189.82,0.84,0.833,0.04082,46.13,1
PX000288,999,suspicious_reversal,card,ecommerce,5,2,0,39,26,141,650.18,1.537,0.714,0.05128,33.05,1
PX000289,499,bank_timeout,wallet,education,5,1,2,57,48,152,572.01,0.872,0.833,0.01754,6.59,1
PX000290,499,mandate_expired,netbanking,saas,2,1,0,54,16,667,650.91,0.767,0.667,0.01852,7.3,1
PX000291,4999,expired_card,netbanking,ecommerce,7,1,2,31,37,83,5503.09,0.908,0.875,0.03226,42.06,1
PX000292,499,bank_timeout,card,saas,8,1,2,35,39,324,399.02,1.251,0.889,0.02857,20.9,1
PX000293,499,insufficient_funds,wallet,media,11,1,0,58,40,402,538.29,0.927,0.917,0.01724,28.99,1
PX000294,2499,insufficient_funds,upi,media,6,3,1,41,18,109,3357.53,0.744,0.667,0.07317,17.78,1
PX000295,1499,bank_timeout,wallet,media,6,3,0,59,36,495,1919.55,0.781,0.667,0.05085,36.23,1
PX000296,2499,insufficient_funds,netbanking,ecommerce,10,4,2,29,59,389,1633.95,1.529,0.714,0.13793,43.12,0
PX000297,2499,mandate_expired,card,saas,6,2,0,27,6,611,2710.1,0.922,0.75,0.07407,3.77,1
PX000298,1499,insufficient_funds,netbanking,education,5,1,2,11,59,308,984.7,1.522,0.833,0.09091,5.88,0
PX000299,2499,insufficient_funds,upi,education,8,0,3,27,17,134,3265.46,0.765,1.0,0.0,21.63,1
PX000300,999,insufficient_funds,card,ecommerce,6,1,0,13,60,509,804.91,1.241,0.857,0.07692,42.86,1
PX000301,4999,suspicious_reversal,wallet,education,11,2,3,5,39,143,6076.1,0.823,0.846,0.4,42.87,0
PX000302,499,bank_timeout,upi,saas,8,0,3,46,40,392,464.89,1.073,1.0,0.0,43.43,0
PX000303,9999,bank_timeout,netbanking,education,9,1,1,5,41,649,12402.36,0.806,0.9,0.2,42.37,1
PX000304,19999,insufficient_funds,card,media,14,1,0,11,57,697,27497.03,0.727,0.933,0.09091,46.45,1
PX000305,9999,insufficient_funds,card,education,6,0,0,55,21,544,13453.25,0.743,1.0,0.0,22.82,1
PX000306,19999,insufficient_funds,wallet,education,7,3,1,60,52,726,19439.03,1.029,0.7,0.05,41.64,1
PX000307,499,expired_card,wallet,media,12,3,2,31,21,531,580.94,0.859,0.8,0.09677,39.94,1
PX000308,1499,expired_card,wallet,saas,7,4,1,22,30,116,1722.92,0.87,0.636,0.18182,12.29,0
PX000309,2499,expired_card,card,education,8,1,2,17,39,415,2423.58,1.031,0.889,0.05882,42.74,0
PX000310,19999,insufficient_funds,netbanking,subscription,5,4,1,37,35,23,22335.07,0.895,0.556,0.10811,35.39,0
PX000311,2499,insufficient_funds,card,media,6,1,2,37,27,129,2923.82,0.855,0.857,0.02703,13.85,1
PX000312,999,insufficient_funds,card,education,6,4,2,47,18,86,1271.35,0.786,0.6,0.08511,25.64,1
PX000313,999,suspicious_reversal,netbanking,subscription,9,2,2,36,39,583,1220.52,0.819,0.818,0.05556,41.77,0
PX000314,2499,mandate_expired,netbanking,subscription,9,1,0,17,14,404,1978.83,1.263,0.9,0.05882,19.2,0
PX000315,19999,suspicious_reversal,upi,education,5,3,0,28,31,335,12728.65,1.571,0.625,0.10714,20.94,0
PX000316,9999,mandate_expired,upi,subscription,4,2,0,47,9,210,10965.81,0.912,0.667,0.04255,38.46,1
PX000317,1999,bank_timeout,netbanking,saas,11,1,1,23,33,694,1972.23,1.014,0.917,0.04348,5.64,1
PX000318,4999,suspicious_reversal,card,media,10,6,3,1,11,458,3481.23,1.436,0.625,6.0,3.29,0
PX000319,1999,suspicious_reversal,netbanking,education,10,2,1,2,55,726,2601.35,0.768,0.833,1.0,43.84,1
PX000320,4999,insufficient_funds,wallet,saas,6,0,1,16,27,367,4726.45,1.058,1.0,0.0,26.39,0
PX000321,9999,insufficient_funds,card,subscription,7,1,3,53,19,356,7808.79,1.28,0.875,0.01887,14.22,1
PX000322,1499,suspicious_reversal,upi,subscription,5,0,0,52,5,141,939.04,1.596,1.0,0.0,27.7,1
PX000323,19999,bank_timeout,netbanking,media,5,4,0,33,2,466,14232.93,1.405,0.556,0.12121,26.76,1
PX000324,2499,suspicious_reversal,card,media,8,3,2,8,32,631,1500.23,1.666,0.727,0.375,3.16,0
PX000325,999,expired_card,upi,ecommerce,3,1,0,18,20,469,1178.91,0.847,0.75,0.05556,13.01,1
PX000326,9999,insufficient_funds,card,media,5,4,2,56,50,536,12436.42,0.804,0.556,0.07143,34.75,1
PX000327,19999,insufficient_funds,wallet,saas,3,3,0,35,17,651,22436.96,0.891,0.5,0.08571,29.12,1
PX000328,19999,insufficient_funds,upi,education,10,3,0,44,2,526,16199.82,1.235,0.769,0.06818,30.09,1
PX000329,499,suspicious_reversal,upi,subscription,5,3,1,34,30,136,358.15,1.393,0.625,0.08824,32.67,0
PX000330,499,insufficient_funds,wallet,subscription,6,2,2,27,25,325,385.62,1.294,0.75,0.07407,27.34,1
PX000331,2499,mandate_expired,netbanking,subscription,9,3,3,39,2,130,1573.78,1.588,0.75,0.07692,38.11,1
PX000332,2499,bank_timeout,card,media,11,2,2,4,28,515,2405.61,1.039,0.846,0.5,40.32,1
PX000333,999,suspicious_reversal,card,subscription,4,0,1,44,40,154,1124.01,0.889,1.0,0.0,36.12,1
PX000334,1999,expired_card,netbanking,ecommerce,12,3,1,58,50,150,1998.32,1.0,0.8,0.05172,25.27,1
PX000335,1499,expired_card,wallet,subscription,12,2,2,52,17,81,1616.01,0.928,0.857,0.03846,9.25,0
PX000336,4999,mandate_expired,card,saas,9,5,3,39,59,697,5907.02,0.846,0.643,0.12821,24.01,0
PX000337,19999,expired_card,netbanking,media,11,2,0,13,24,404,23231.72,0.861,0.846,0.15385,42.36,1
PX000338,1499,suspicious_reversal,card,education,10,2,3,59,24,148,1063.27,1.41,0.833,0.0339,30.24,0
PX000339,999,bank_timeout,card,education,7,1,0,44,39,703,766.24,1.304,0.875,0.02273,31.33,1
PX000340,1999,bank_timeout,card,education,10,1,3,2,18,84,1831.08,1.092,0.909,0.5,22.67,1
PX000341,19999,mandate_expired,netbanking,saas,12,1,2,29,1,500,24168.83,0.827,0.923,0.03448,14.53,1
PX000342,19999,mandate_expired,card,ecommerce,12,6,2,7,1,34,24643.8,0.812,0.667,0.85714,20.62,1
PX000343,1999,insufficient_funds,netbanking,education,9,2,1,51,6,9,1906.21,1.049,0.818,0.03922,22.92,1
PX000344,999,mandate_expired,netbanking,media,6,3,3,11,13,550,718.88,1.39,0.667,0.27273,22.8,0
PX000345,19999,expired_card,wallet,ecommerce,7,0,0,31,14,62,16384.26,1.221,1.0,0.0,47.64,0
PX000346,9999,bank_timeout,netbanking,saas,9,1,0,34,3,527,8239.0,1.214,0.9,0.02941,41.52,1
PX000347,499,suspicious_reversal,wallet,subscription,7,0,2,57,36,320,574.98,0.868,1.0,0.0,27.83,0
PX000348,2499,expired_card,wallet,media,15,0,0,59,52,631,2526.39,0.989,1.0,0.0,12.57,0
PX000349,1999,mandate_expired,card,media,6,0,3,17,23,117,2370.27,0.843,1.0,0.0,5.52,0
PX000350,499,insufficient_funds,netbanking,subscription,4,1,1,25,11,622,397.16,1.256,0.8,0.04,13.18,0
PX000351,1499,insufficient_funds,upi,subscription,6,1,2,53,39,423,1849.73,0.81,0.857,0.01887,12.99,1
PX000352,19999,expired_card,card,education,5,0,0,5,18,19,26664.9,0.75,1.0,0.0,15.29,0
PX000353,2499,suspicious_reversal,netbanking,education,11,3,3,51,1,269,2140.5,1.167,0.786,0.05882,24.73,0
PX000354,4999,expired_card,upi,subscription,9,4,3,4,12,652,6271.34,0.797,0.692,1.0,22.17,0
PX000355,4999,insufficient_funds,card,subscription,8,2,0,10,38,626,4244.7,1.178,0.8,0.2,30.44,1
PX000356,1999,suspicious_reversal,netbanking,education,8,0,1,17,9,549,2123.65,0.941,1.0,0.0,38.79,0
PX000357,9999,suspicious_reversal,upi,education,5,2,3,1,58,70,6786.6,1.473,0.714,2.0,29.52,0
PX000358,9999,mandate_expired,upi,education,5,3,3,3,16,432,13277.63,0.753,0.625,1.0,32.7,0
PX000359,9999,expired_card,upi,media,11,2,2,38,18,45,11241.72,0.889,0.846,0.05263,24.49,0
PX000360,4999,expired_card,netbanking,education,10,2,3,23,2,647,6090.08,0.821,0.833,0.08696,25.5,0
PX000361,4999,mandate_expired,wallet,education,5,1,0,8,2,708,5631.83,0.888,0.833,0.125,44.98,1
PX000362,1999,bank_timeout,wallet,saas,7,2,1,4,15,465,2772.02,0.721,0.778,0.5,43.05,1
PX000363,2499,suspicious_reversal,upi,education,5,4,1,9,2,246,1965.96,1.271,0.556,0.44444,16.08,0
PX000364,999,bank_timeout,card,ecommerce,6,4,0,22,9,166,999.05,1.0,0.6,0.18182,1.74,1
PX000365,4999,expired_card,wallet,subscription,10,1,3,13,14,113,3494.9,1.43,0.909,0.07692,44.5,1
PX000366,9999,expired_card,netbanking,media,16,2,2,46,10,578,9360.06,1.068,0.889,0.04348,24.66,0
PX000367,999,bank_timeout,card,ecommerce,11,2,2,33,18,436,905.2,1.104,0.846,0.06061,37.26,1
PX000368,19999,expired_card,wallet,education,11,1,1,24,41,71,21036.43,0.951,0.917,0.04167,26.05,1
PX000369,2499,mandate_expired,wallet,saas,7,5,3,20,60,460,2694.41,0.927,0.583,0.25,3.09,1
PX000370,2499,bank_timeout,wallet,subscription,16,0,2,32,33,54,3451.7,0.724,1.0,0.0,0.76,1
PX000371,4999,insufficient_funds,wallet,media,2,4,2,7,13,382,5397.73,0.926,0.333,0.57143,12.43,0
PX000372,19999,suspicious_reversal,wallet,subscription,5,4,1,6,28,170,27389.95,0.73,0.556,0.66667,46.21,0
PX000373,1499,insufficient_funds,card,saas,8,2,3,1,5,200,973.55,1.54,0.8,2.0,18.4,0
PX000374,19999,expired_card,netbanking,media,10,4,3,38,44,553,23929.78,0.836,0.714,0.10526,13.4,1
PX000375,19999,insufficient_funds,card,saas,8,1,3,35,52,46,16327.5,1.225,0.889,0.02857,2.63,0
PX000376,19999,mandate_expired,upi,ecommerce,12,4,3,28,51,622,16872.7,1.185,0.75,0.14286,21.9,0
PX000377,19999,bank_timeout,wallet,saas,6,2,3,52,34,529,17427.84,1.148,0.75,0.03846,36.78,0
PX000378,1499,expired_card,upi,saas,14,2,1,2,11,368,1553.37,0.965,0.875,1.0,35.43,0
PX000379,9999,insufficient_funds,upi,subscription,8,1,2,20,19,119,11269.59,0.887,0.889,0.05,25.51,1
PX000380,4999,mandate_expired,upi,saas,8,3,0,3,54,127,5492.34,0.91,0.727,1.0,24.93,0
PX000381,19999,expired_card,wallet,education,6,1,3,9,31,482,13680.57,1.462,0.857,0.11111,1.78,0
PX000382,9999,bank_timeout,wallet,media,8,3,2,50,2,340,13896.19,0.72,0.727,0.06,42.26,1
PX000383,9999,expired_card,wallet,education,9,3,3,34,10,40,8562.18,1.168,0.75,0.08824,30.37,0
PX000384,4999,insufficient_funds,card,media,8,1,2,10,47,97,6728.57,0.743,0.889,0.1,43.89,0
PX000385,19999,bank_timeout,card,saas,8,5,1,32,49,331,13160.8,1.52,0.615,0.15625,37.89,1
PX000386,999,insufficient_funds,upi,ecommerce,9,0,1,24,59,680,1183.38,0.844,1.0,0.0,17.09,0
PX000387,1999,mandate_expired,upi,ecommerce,9,3,0,4,22,230,2057.9,0.971,0.75,0.75,16.64,1
PX000388,2499,insufficient_funds,card,subscription,7,2,2,47,43,655,3145.49,0.794,0.778,0.04255,9.25,1
PX000389,19999,bank_timeout,wallet,education,10,1,2,23,38,690,13002.62,1.538,0.909,0.04348,6.16,1
PX000390,1999,mandate_expired,wallet,subscription,3,3,1,24,39,234,2798.38,0.714,0.5,0.125,37.04,0
PX000391,1499,insufficient_funds,upi,ecommerce,6,2,0,36,38,481,1901.41,0.788,0.75,0.05556,10.29,0
PX000392,4999,mandate_expired,upi,subscription,7,5,3,1,26,317,3357.4,1.489,0.583,5.0,17.49,1
PX000393,1999,suspicious_reversal,card,media,7,1,2,19,17,306,2164.0,0.924,0.875,0.05263,45.9,0
PX000394,2499,expired_card,netbanking,media,7,1,3,47,17,437,1853.93,1.348,0.875,0.02128,39.16,0
PX000395,9999,mandate_expired,card,ecommerce,11,0,1,10,8,16,13575.14,0.737,1.0,0.0,48.0,0
PX000396,499,bank_timeout,upi,media,7,5,0,36,8,441,517.04,0.965,0.583,0.13889,3.32,1
PX000397,1999,expired_card,wallet,saas,4,2,1,12,8,169,2447.6,0.817,0.667,0.16667,37.14,0
PX000398,19999,bank_timeout,netbanking,subscription,5,1,0,17,28,691,18135.92,1.103,0.833,0.05882,31.3,0
PX000399,1999,mandate_expired,wallet,ecommerce,3,3,2,41,53,672,1677.78,1.191,0.5,0.07317,15.77,0
PX000400,1499,suspicious_reversal,wallet,media,5,5,0,22,1,7,2076.04,0.722,0.5,0.22727,43.38,1
PX000401,4999,bank_timeout,wallet,ecommerce,9,5,2,18,32,514,4616.87,1.083,0.643,0.27778,29.0,0
PX000402,499,suspicious_reversal,upi,saas,13,3,1,45,28,78,354.51,1.408,0.812,0.06667,20.32,1
PX000403,999,suspicious_reversal,netbanking,media,7,3,0,2,44,668,860.86,1.16,0.7,1.5,33.98,0
PX000404,499,insufficient_funds,card,subscription,6,2,3,47,11,104,519.37,0.961,0.75,0.04255,20.58,0
PX000405,19999,expired_card,netbanking,media,10,2,0,55,32,711,27949.32,0.716,0.833,0.03636,32.32,1
PX000406,2499,suspicious_reversal,wallet,subscription,7,1,1,36,19,232,3159.24,0.791,0.875,0.02778,5.79,0
PX000407,19999,bank_timeout,upi,saas,10,1,3,3,2,395,25292.83,0.791,0.909,0.33333,37.03,1
PX000408,1999,bank_timeout,netbanking,media,5,1,3,40,52,320,1734.16,1.153,0.833,0.025,11.94,0
PX000409,2499,insufficient_funds,netbanking,education,11,5,0,55,36,88,1555.35,1.607,0.688,0.09091,17.02,1
PX000410,9999,insufficient_funds,netbanking,media,3,4,0,6,48,65,13619.62,0.734,0.429,0.66667,32.99,1
PX000411,1999,insufficient_funds,card,media,11,2,3,25,52,464,2375.34,0.842,0.846,0.08,12.05,0
PX000412,499,insufficient_funds,upi,ecommerce,9,0,3,36,42,513,399.47,1.249,1.0,0.0,26.82,1
PX000413,499,mandate_expired,card,education,9,3,1,6,25,507,540.37,0.923,0.75,0.5,16.53,1
PX000414,1499,expired_card,card,education,6,2,0,43,16,400,1906.44,0.786,0.75,0.04651,28.11,0
PX000415,499,insufficient_funds,wallet,education,6,3,3,12,51,430,576.53,0.866,0.667,0.25,2.09,1
PX000416,19999,insufficient_funds,wallet,subscription,7,2,2,22,48,218,15508.75,1.29,0.778,0.09091,34.04,0
PX000417,499,mandate_expired,card,media,5,2,2,38,48,690,563.95,0.885,0.714,0.05263,45.85,1
PX000418,1999,expired_card,wallet,media,11,3,0,51,5,142,1495.22,1.337,0.786,0.05882,21.42,1
PX000419,999,expired_card,wallet,ecommerce,5,1,0,38,59,123,889.27,1.123,0.833,0.02632,33.17,0
PX000420,2499,mandate_expired,upi,ecommerce,11,0,1,57,43,104,2018.07,1.238,1.0,0.0,33.33,0
PX000421,1999,bank_timeout,upi,media,5,1,0,47,41,657,2540.94,0.787,0.833,0.02128,46.02,1
PX000422,1999,mandate_expired,netbanking,ecommerce,13,1,1,29,12,170,2721.95,0.734,0.929,0.03448,27.07,0
PX000423,19999,insufficient_funds,card,subscription,10,2,1,20,35,457,15123.84,1.322,0.833,0.1,13.02,0
PX000424,499,mandate_expired,card,ecommerce,9,3,0,51,35,125,463.32,1.077,0.75,0.05882,40.41,1
PX000425,1999,suspicious_reversal,wallet,ecommerce,16,2,0,8,27,302,1400.28,1.428,0.889,0.25,47.07,0
PX000426,999,mandate_expired,wallet,ecommerce,7,1,2,35,47,92,1253.67,0.797,0.875,0.02857,45.13,1
PX000427,2499,mandate_expired,upi,subscription,4,1,3,32,21,331,3361.76,0.743,0.8,0.03125,9.95,1
PX000428,1999,expired_card,upi,education,7,2,2,57,14,426,1732.51,1.154,0.778,0.03509,19.36,0
PX000429,1499,insufficient_funds,wallet,saas,13,1,1,47,19,237,1238.29,1.211,0.929,0.02128,12.82,1
PX000430,4999,insufficient_funds,wallet,education,8,3,3,15,16,252,4565.14,1.095,0.727,0.2,26.77,1
PX000431,1499,insufficient_funds,wallet,ecommerce,11,2,3,16,58,552,1510.47,0.992,0.846,0.125,2.11,1
PX000432,499,suspicious_reversal,wallet,ecommerce,12,0,0,59,51,190,536.17,0.931,1.0,0.0,14.76,1
PX000433,4999,insufficient_funds,netbanking,ecommerce,10,3,0,56,13,196,3549.51,1.408,0.769,0.05357,33.66,1
PX000434,499,suspicious_reversal,card,education,9,0,0,58,11,727,444.93,1.122,1.0,0.0,45.33,1
PX000435,1999,bank_timeout,wallet,subscription,7,3,2,23,3,61,2522.75,0.792,0.7,0.13043,45.13,1
PX000436,2499,suspicious_reversal,netbanking,media,8,3,2,29,4,434,2285.77,1.093,0.727,0.10345,24.45,1
PX000437,4999,bank_timeout,upi,saas,6,3,3,1,7,252,5818.01,0.859,0.667,3.0,19.17,1
PX000438,2499,mandate_expired,wallet,education,7,1,2,33,22,671,3239.38,0.771,0.875,0.0303,15.03,0
PX000439,19999,bank_timeout,upi,saas,8,1,2,36,11,156,22957.84,0.871,0.889,0.02778,39.83,1
PX000440,499,mandate_expired,card,education,8,0,2,55,25,645,621.79,0.803,1.0,0.0,9.98,0
PX000441,4999,expired_card,upi,education,7,1,1,46,33,245,3467.5,1.442,0.875,0.02174,20.54,0
PX000442,1499,insufficient_funds,wallet,saas,10,3,2,34,5,489,1421.0,1.055,0.769,0.08824,21.77,0
PX000443,1999,bank_timeout,upi,saas,15,2,1,50,40,689,2569.63,0.778,0.882,0.04,16.36,1
PX000444,999,insufficient_funds,upi,media,8,0,1,53,27,472,1209.25,0.826,1.0,0.0,37.74,1
PX000445,1999,expired_card,card,media,6,2,1,48,60,688,1344.82,1.486,0.75,0.04167,7.77,0
PX000446,2499,bank_timeout,netbanking,subscription,16,0,0,17,24,170,3085.93,0.81,1.0,0.0,21.84,1
PX000447,9999,suspicious_reversal,upi,subscription,11,3,0,55,3,407,6048.13,1.653,0.786,0.05455,1.37,0
PX000448,9999,bank_timeout,wallet,saas,12,1,0,7,29,451,8924.57,1.12,0.923,0.14286,46.46,1
PX000449,1499,bank_timeout,upi,media,9,0,0,57,45,82,1207.68,1.241,1.0,0.0,9.18,1
PX000450,1499,insufficient_funds,wallet,media,14,2,3,53,11,181,1397.67,1.072,0.875,0.03774,17.98,0
PX000451,19999,mandate_expired,wallet,education,9,1,0,22,19,391,12029.4,1.663,0.9,0.04545,40.8,1
PX000452,1999,bank_timeout,upi,saas,6,4,3,33,46,37,1677.49,1.192,0.6,0.12121,47.42,1
PX000453,4999,mandate_expired,wallet,ecommerce,6,0,3,39,46,417,5742.85,0.87,1.0,0.0,8.96,0
PX000454,499,suspicious_reversal,upi,education,6,3,3,39,28,79,490.52,1.017,0.667,0.07692,12.87,0
PX000455,499,mandate_expired,upi,subscription,7,2,2,57,52,716,347.17,1.437,0.778,0.03509,16.83,1
PX000456,999,bank_timeout,netbanking,saas,9,2,0,21,37,720,745.08,1.341,0.818,0.09524,6.55,1
PX000457,499,expired_card,upi,education,9,0,0,50,48,370,429.79,1.161,1.0,0.0,1.04,1
PX000458,499,expired_card,netbanking,saas,4,1,2,21,21,349,467.08,1.068,0.8,0.04762,6.61,1
PX000459,2499,bank_timeout,upi,ecommerce,4,0,1,12,36,41,2561.66,0.976,1.0,0.0,2.38,1
PX000460,1499,mandate_expired,wallet,education,9,2,3,33,46,245,1840.73,0.814,0.818,0.06061,30.88,1
PX000461,4999,expired_card,netbanking,subscription,12,1,0,24,14,141,5381.08,0.929,0.923,0.04167,5.33,1
PX000462,999,expired_card,wallet,ecommerce,10,3,1,36,25,115,1365.25,0.732,0.769,0.08333,12.48,0
PX000463,999,insufficient_funds,upi,education,12,1,2,8,59,156,1224.32,0.816,0.923,0.125,26.62,1
PX000464,499,expired_card,card,media,21,1,2,35,51,285,331.98,1.503,0.955,0.02857,31.29,0
PX000465,19999,bank_timeout,netbanking,education,10,1,2,36,24,400,14947.02,1.338,0.909,0.02778,42.4,0
PX000466,19999,insufficient_funds,card,ecommerce,6,2,3,33,10,639,12259.79,1.631,0.75,0.06061,37.26,1
PX000467,9999,insufficient_funds,wallet,media,7,1,1,36,50,568,6287.86,1.59,0.875,0.02778,37.72,0
PX000468,4999,expired_card,upi,ecommerce,5,2,2,21,21,692,3954.9,1.264,0.714,0.09524,19.82,0
PX000469,9999,mandate_expired,netbanking,ecommerce,10,1,0,21,41,322,9757.41,1.025,0.909,0.04762,36.06,0
PX000470,9999,insufficient_funds,netbanking,ecommerce,7,2,0,8,19,51,12118.93,0.825,0.778,0.25,37.83,1
PX000471,19999,bank_timeout,wallet,education,9,0,2,38,25,178,18002.84,1.111,1.0,0.0,34.05,1
PX000472,4999,insufficient_funds,upi,subscription,9,0,0,56,44,524,5499.34,0.909,1.0,0.0,25.79,1
PX000473,1499,expired_card,wallet,media,7,1,0,26,50,682,1902.07,0.788,0.875,0.03846,22.54,0
PX000474,9999,expired_card,netbanking,media,3,1,3,33,52,509,6257.25,1.598,0.75,0.0303,21.82,0
PX000475,499,suspicious_reversal,upi,ecommerce,14,0,1,21,32,670,458.39,1.089,1.0,0.0,42.66,0
PX000476,499,insufficient_funds,netbanking,media,4,2,0,4,29,194,462.55,1.079,0.667,0.5,47.63,1
PX000477,1999,bank_timeout,card,saas,14,3,0,20,41,485,2281.86,0.876,0.824,0.15,35.71,1
PX000478,1499,suspicious_reversal,card,education,4,1,0,6,33,195,1882.71,0.796,0.8,0.16667,25.52,0
PX000479,19999,expired_card,upi,saas,8,3,3,44,21,148,19184.53,1.042,0.727,0.06818,39.03,0
PX000480,4999,suspicious_reversal,upi,ecommerce,14,2,0,6,3,536,4678.34,1.069,0.875,0.33333,28.4,1
PX000481,1999,expired_card,upi,saas,7,2,0,23,14,83,1752.05,1.141,0.778,0.08696,17.13,0
PX000482,999,suspicious_reversal,netbanking,saas,9,2,3,10,44,222,736.21,1.357,0.818,0.2,32.66,1
PX000483,1499,bank_timeout,card,media,6,5,1,46,29,482,1455.91,1.03,0.545,0.1087,14.4,1
PX000484,4999,insufficient_funds,netbanking,saas,7,1,3,51,59,457,4664.69,1.072,0.875,0.01961,12.16,0
PX000485,499,suspicious_reversal,wallet,ecommerce,2,4,0,59,53,240,432.58,1.154,0.333,0.0678,33.15,1
PX000486,19999,suspicious_reversal,wallet,media,8,4,3,30,34,22,16047.0,1.246,0.667,0.13333,18.27,0
PX000487,1999,mandate_expired,wallet,ecommerce,11,1,2,43,14,621,1440.55,1.388,0.917,0.02326,34.44,0
PX000488,4999,suspicious_reversal,card,media,8,4,0,11,12,357,3408.57,1.467,0.667,0.36364,41.95,0
PX000489,19999,mandate_expired,upi,subscription,6,2,1,48,53,269,15917.13,1.256,0.75,0.04167,27.57,1
PX000490,9999,mandate_expired,netbanking,media,10,1,0,45,9,207,7084.43,1.411,0.909,0.02222,32.71,1
PX000491,4999,mandate_expired,card,saas,4,3,1,26,49,401,5313.18,0.941,0.571,0.11538,15.32,1
PX000492,9999,bank_timeout,netbanking,media,7,2,0,42,11,227,13862.92,0.721,0.778,0.04762,31.31,1
PX000493,9999,bank_timeout,netbanking,ecommerce,13,2,0,21,8,126,9715.13,1.029,0.867,0.09524,20.4,1
PX000494,1999,suspicious_reversal,upi,saas,8,5,0,40,39,484,2039.24,0.98,0.615,0.125,22.54,0
PX000495,1499,expired_card,wallet,saas,9,3,1,3,21,416,1143.17,1.311,0.75,1.0,29.2,0
PX000496,2499,bank_timeout,upi,saas,11,3,1,43,24,207,2584.34,0.967,0.786,0.06977,25.51,1
PX000497,1999,insufficient_funds,upi,media,7,2,0,17,12,115,2759.7,0.724,0.778,0.11765,11.69,1
PX000498,9999,expired_card,wallet,saas,3,0,3,22,18,712,10376.94,0.964,1.0,0.0,36.35,0
PX000499,19999,expired_card,wallet,media,13,1,2,7,47,714,15393.91,1.299,0.929,0.14286,33.32,0
PX000500,2499,expired_card,upi,ecommerce,8,2,3,54,25,264,2109.46,1.185,0.8,0.03704,7.03,0
PX000501,9999,expired_card,wallet,subscription,6,5,1,52,18,173,11658.67,0.858,0.545,0.09615,4.71,0
PX000502,9999,suspicious_reversal,card,saas,8,1,2,9,5,15,8906.02,1.123,0.889,0.11111,30.88,0
PX000503,1999,expired_card,netbanking,education,7,1,0,40,24,305,2347.79,0.851,0.875,0.025,2.98,0
PX000504,2499,bank_timeout,upi,education,4,4,3,47,60,100,2947.6,0.848,0.5,0.08511,5.13,0
PX000505,1499,expired_card,wallet,saas,8,2,0,32,36,717,1338.79,1.12,0.8,0.0625,45.29,0
PX000506,19999,expired_card,card,ecommerce,2,0,0,36,56,529,14686.44,1.362,1.0,0.0,35.29,0
PX000507,19999,expired_card,netbanking,education,10,3,3,44,11,107,26315.06,0.76,0.769,0.06818,5.29,0
PX000508,9999,mandate_expired,netbanking,saas,10,2,1,46,36,193,12676.72,0.789,0.833,0.04348,4.11,0
PX000509,1499,suspicious_reversal,wallet,media,11,1,3,58,55,212,1068.36,1.403,0.917,0.01724,0.76,0
PX000510,4999,suspicious_reversal,card,subscription,5,2,0,10,19,161,3258.58,1.534,0.714,0.2,5.98,0
PX000511,499,insufficient_funds,netbanking,ecommerce,9,1,2,6,37,618,302.57,1.649,0.9,0.16667,35.18,0
PX000512,499,mandate_expired,upi,ecommerce,9,0,2,36,39,18,371.43,1.343,1.0,0.0,30.05,0
PX000513,1499,mandate_expired,card,ecommerce,11,3,3,5,45,179,1957.72,0.766,0.786,0.6,2.29,0
PX000514,19999,insufficient_funds,wallet,saas,10,0,0,40,50,507,25031.18,0.799,1.0,0.0,9.1,1
PX000515,1499,expired_card,netbanking,ecommerce,7,0,3,3,33,140,1628.76,0.92,1.0,0.0,1.34,1
PX000516,19999,bank_timeout,upi,saas,7,2,1,23,41,460,12887.05,1.552,0.778,0.08696,46.43,1
PX000517,999,bank_timeout,wallet,subscription,10,2,2,43,58,519,1278.36,0.781,0.833,0.04651,0.91,1
PX000518,1999,mandate_expired,upi,media,9,0,3,16,25,510,1775.74,1.126,1.0,0.0,8.02,1
PX000519,2499,bank_timeout,wallet,education,7,1,1,48,20,122,3348.49,0.746,0.875,0.02083,2.59,1
PX000520,1499,expired_card,card,ecommerce,7,2,2,52,15,547,1827.29,0.82,0.778,0.03846,2.36,0
PX000521,999,mandate_expired,wallet,saas,8,2,2,36,1,518,1036.9,0.963,0.8,0.05556,37.92,1
PX000522,9999,suspicious_reversal,card,subscription,8,1,2,36,44,30,6765.02,1.478,0.889,0.02778,46.66,0
PX000523,4999,bank_timeout,upi,education,7,3,3,14,36,575,5291.12,0.945,0.7,0.21429,15.16,1
PX000524,4999,suspicious_reversal,netbanking,ecommerce,7,1,0,27,8,245,4837.65,1.033,0.875,0.03704,21.9,1
PX000525,499,suspicious_reversal,netbanking,subscription,4,1,3,60,35,246,555.85,0.898,0.8,0.01667,5.76,0
PX000526,1499,suspicious_reversal,upi,subscription,4,4,2,21,24,213,1315.16,1.14,0.5,0.19048,18.05,0
PX000527,1999,insufficient_funds,wallet,saas,7,1,1,24,14,715,1488.97,1.343,0.875,0.04167,15.65,0
PX000528,499,mandate_expired,upi,subscription,7,1,0,60,36,157,350.98,1.422,0.875,0.01667,44.47,1
PX000529,9999,suspicious_reversal,upi,education,10,3,2,29,43,465,9425.5,1.061,0.769,0.10345,46.2,0
PX000530,1999,bank_timeout,netbanking,subscription,5,5,1,35,39,675,1833.3,1.09,0.5,0.14286,46.1,1
PX000531,1499,bank_timeout,netbanking,saas,10,0,0,58,8,479,1869.84,0.802,1.0,0.0,33.61,1
PX000532,4999,bank_timeout,upi,saas,6,2,1,59,46,563,6744.96,0.741,0.75,0.0339,38.81,1
PX000533,499,insufficient_funds,wallet,ecommerce,7,3,1,19,2,54,389.02,1.283,0.7,0.15789,4.8,1
PX000534,1999,bank_timeout,upi,ecommerce,5,3,1,45,27,498,1778.61,1.124,0.625,0.06667,2.7,1
PX000535,1999,suspicious_reversal,netbanking,ecommerce,4,2,3,54,18,33,1743.35,1.147,0.667,0.03704,17.19,0
PX000536,1499,mandate_expired,upi,education,9,1,1,31,58,233,1963.55,0.763,0.9,0.03226,9.5,1
PX000537,4999,expired_card,card,subscription,7,0,2,35,60,255,3971.63,1.259,1.0,0.0,10.92,0
PX000538,4999,bank_timeout,netbanking,ecommerce,1,1,1,41,60,460,6235.01,0.802,0.5,0.02439,31.44,1
PX000539,999,mandate_expired,netbanking,saas,6,1,0,34,11,514,1048.67,0.953,0.857,0.02941,33.44,1
PX000540,1499,bank_timeout,upi,education,9,2,2,17,54,571,1198.4,1.251,0.818,0.11765,39.49,1
PX000541,2499,insufficient_funds,netbanking,saas,2,1,2,48,59,35,2276.99,1.098,0.667,0.02083,2.28,0
PX000542,499,expired_card,upi,media,11,1,0,29,14,213,614.95,0.811,0.917,0.03448,11.1,0
PX000543,999,suspicious_reversal,wallet,education,5,5,1,12,20,650,1312.06,0.761,0.5,0.41667,24.2,0
PX000544,999,insufficient_funds,upi,education,9,4,1,8,13,514,704.98,1.417,0.692,0.5,1.76,1
PX000545,2499,mandate_expired,netbanking,media,11,1,1,23,12,649,2274.8,1.099,0.917,0.04348,40.65,0
PX000546,2499,bank_timeout,card,subscription,11,3,1,30,16,409,2983.85,0.838,0.786,0.1,22.9,1
PX000547,9999,mandate_expired,card,education,9,2,3,2,33,82,7955.22,1.257,0.818,1.0,34.98,0
PX000548,4999,mandate_expired,card,ecommerce,4,3,3,37,43,105,3772.28,1.325,0.571,0.08108,32.95,0
PX000549,2499,mandate_expired,card,saas,8,1,0,13,6,571,2842.57,0.879,0.889,0.07692,31.24,1
PX000550,9999,mandate_expired,wallet,subscription,6,1,2,12,4,310,8111.67,1.233,0.857,0.08333,29.79,0
PX000551,1999,bank_timeout,netbanking,education,4,3,0,55,32,671,1872.66,1.067,0.571,0.05455,14.94,1
PX000552,499,suspicious_reversal,card,education,4,1,2,54,20,577,378.29,1.319,0.8,0.01852,18.17,0
PX000553,9999,mandate_expired,card,subscription,8,1,2,16,48,173,10585.04,0.945,0.889,0.0625,36.95,0
PX000554,1499,insufficient_funds,wallet,subscription,8,1,1,5,17,726,1662.53,0.902,0.889,0.2,12.53,1
PX000555,1499,suspicious_reversal,netbanking,saas,8,4,1,2,33,571,1558.21,0.962,0.667,2.0,37.68,1
PX000556,499,mandate_expired,card,media,7,4,0,7,42,372,577.09,0.865,0.636,0.57143,3.61,1
PX000557,1999,expired_card,upi,subscription,12,3,0,56,6,23,2429.51,0.823,0.8,0.05357,44.18,1
PX000558,2499,bank_timeout,wallet,media,9,3,1,25,40,598,2853.86,0.876,0.75,0.12,37.25,1
PX000559,499,insufficient_funds,netbanking,subscription,10,4,3,14,19,345,327.68,1.523,0.714,0.28571,43.15,0
PX000560,1999,expired_card,card,media,10,2,0,41,29,701,2442.99,0.818,0.833,0.04878,23.59,1
PX000561,2499,suspicious_reversal,netbanking,saas,7,3,2,59,5,652,2594.53,0.963,0.7,0.05085,15.2,0
PX000562,2499,suspicious_reversal,wallet,education,10,1,3,42,9,555,2411.04,1.036,0.909,0.02381,23.21,1
PX000563,1499,expired_card,netbanking,media,5,0,3,12,41,581,1250.56,1.199,1.0,0.0,36.46,0
PX000564,999,mandate_expired,upi,saas,15,2,1,29,1,442,1301.37,0.768,0.882,0.06897,40.74,0
PX000565,9999,mandate_expired,card,subscription,11,2,0,2,24,412,7386.82,1.354,0.846,1.0,13.77,1
PX000566,19999,bank_timeout,card,media,11,2,2,57,56,577,12441.73,1.607,0.846,0.03509,39.38,0
PX000567,19999,mandate_expired,upi,saas,8,4,3,42,24,157,25171.61,0.795,0.667,0.09524,30.7,0
PX000568,2499,insufficient_funds,netbanking,saas,6,3,0,30,51,340,2742.75,0.911,0.667,0.1,12.82,1
PX000569,19999,suspicious_reversal,netbanking,media,6,2,3,11,12,224,27040.81,0.74,0.75,0.18182,41.74,0
PX000570,9999,insufficient_funds,upi,saas,7,2,2,7,38,53,11953.07,0.837,0.778,0.28571,35.02,1
PX000571,4999,insufficient_funds,wallet,media,7,2,0,19,12,500,4317.72,1.158,0.778,0.10526,4.23,1
PX000572,499,expired_card,wallet,subscription,10,2,0,44,32,655,408.36,1.222,0.833,0.04545,30.46,0
PX000573,9999,expired_card,upi,saas,6,0,0,42,47,711,9636.54,1.038,1.0,0.0,7.49,0
PX000574,2499,insufficient_funds,netbanking,media,10,3,2,18,2,177,3238.83,0.772,0.769,0.16667,22.53,0
PX000575,9999,suspicious_reversal,card,ecommerce,3,1,1,29,59,180,6529.07,1.531,0.75,0.03448,32.68,1
PX000576,9999,suspicious_reversal,wallet,media,9,3,3,18,38,133,10461.48,0.956,0.75,0.16667,44.17,0
PX000577,9999,insufficient_funds,upi,ecommerce,12,5,0,24,60,685,8907.54,1.123,0.706,0.20833,36.44,0
PX000578,9999,suspicious_reversal,upi,media,9,3,1,54,47,667,9199.79,1.087,0.75,0.05556,29.38,0
PX000579,4999,mandate_expired,wallet,ecommerce,7,0,1,60,19,190,6582.88,0.759,1.0,0.0,29.44,0
PX000580,2499,mandate_expired,netbanking,subscription,11,4,2,52,47,490,2076.2,1.204,0.733,0.07692,46.81,0
PX000581,4999,mandate_expired,wallet,saas,8,4,2,60,52,388,6451.44,0.775,0.667,0.06667,43.78,0
PX000582,1999,mandate_expired,upi,saas,11,2,1,20,56,540,1544.16,1.295,0.846,0.1,12.67,0
PX000583,1999,bank_timeout,upi,saas,8,1,0,53,25,239,2729.05,0.732,0.889,0.01887,15.47,1
PX000584,9999,mandate_expired,upi,ecommerce,13,1,3,49,18,38,11377.26,0.879,0.929,0.02041,7.94,0
PX000585,4999,suspicious_reversal,netbanking,subscription,10,3,3,22,3,324,5674.36,0.881,0.769,0.13636,43.29,0
PX000586,1499,expired_card,wallet,subscription,7,3,2,52,31,662,1473.86,1.017,0.7,0.05769,8.6,0
PX000587,499,insufficient_funds,card,education,3,0,0,7,31,505,355.02,1.406,1.0,0.0,7.45,1
PX000588,4999,expired_card,wallet,ecommerce,5,4,3,1,3,646,5909.86,0.846,0.556,4.0,37.93,1
PX000589,1499,expired_card,wallet,media,8,2,1,24,14,687,1501.01,0.999,0.8,0.08333,10.98,1
PX000590,499,mandate_expired,netbanking,subscription,6,0,3,45,14,88,566.14,0.881,1.0,0.0,8.97,1
PX000591,1999,bank_timeout,upi,saas,7,0,1,54,58,275,2036.34,0.982,1.0,0.0,37.01,1
PX000592,1499,expired_card,wallet,subscription,7,1,3,50,33,541,1609.04,0.932,0.875,0.02,21.35,0
PX000593,4999,expired_card,netbanking,subscription,8,3,3,12,41,347,3201.38,1.562,0.727,0.25,11.39,0
PX000594,499,mandate_expired,upi,ecommerce,7,0,1,12,20,233,427.05,1.168,1.0,0.0,46.02,1
PX000595,1499,bank_timeout,wallet,ecommerce,4,2,2,52,46,208,2052.29,0.73,0.667,0.03846,44.75,1
PX000596,999,insufficient_funds,card,media,15,1,0,14,59,295,1067.86,0.936,0.938,0.07143,27.14,1
PX000597,19999,bank_timeout,wallet,ecommerce,4,3,0,21,6,506,12707.07,1.574,0.571,0.14286,39.92,0
PX000598,19999,expired_card,wallet,media,4,2,1,37,17,133,17218.52,1.161,0.667,0.05405,9.8,0
PX000599,9999,mandate_expired,upi,education,5,1,2,10,51,379,13380.52,0.747,0.833,0.1,10.02,1
PX000600,9999,suspicious_reversal,wallet,saas,10,1,3,4,8,656,8405.26,1.19,0.909,0.25,28.86,0
PX000601,1499,expired_card,card,subscription,7,2,3,26,50,636,1714.6,0.874,0.778,0.07692,40.33,0
PX000602,1999,bank_timeout,card,media,9,1,0,50,11,406,2714.07,0.737,0.9,0.02,36.1,1
PX000603,4999,mandate_expired,wallet,media,6,1,1,5,43,648,3528.13,1.417,0.857,0.2,2.17,0
PX000604,999,suspicious_reversal,card,saas,8,1,1,48,52,187,1150.97,0.868,0.889,0.02083,26.3,0
PX000605,4999,suspicious_reversal,wallet,ecommerce,3,0,0,54,41,4,4969.97,1.006,1.0,0.0,20.64,0
PX000606,2499,insufficient_funds,netbanking,media,8,0,1,2,46,112,3213.0,0.778,1.0,0.0,38.41,0
PX000607,2499,expired_card,card,education,8,0,3,2,59,125,2888.74,0.865,1.0,0.0,17.76,1
PX000608,1999,suspicious_reversal,card,saas,8,2,1,60,56,427,1396.17,1.432,0.8,0.03333,13.11,0
PX000609,1999,suspicious_reversal,netbanking,saas,5,2,0,44,55,563,2162.61,0.924,0.714,0.04545,27.94,1
PX000610,999,bank_timeout,wallet,education,7,2,3,42,48,431,876.89,1.139,0.778,0.04762,13.63,1
PX000611,1999,bank_timeout,upi,media,10,1,2,26,44,333,2372.11,0.843,0.909,0.03846,21.5,1
PX000612,999,suspicious_reversal,upi,media,8,2,3,52,10,710,1219.86,0.819,0.8,0.03846,10.81,0
PX000613,9999,insufficient_funds,wallet,saas,8,1,3,16,59,726,7520.92,1.329,0.889,0.0625,5.3,0
PX000614,499,insufficient_funds,wallet,subscription,1,1,3,47,5,626,357.22,1.397,0.5,0.02128,16.51,1
PX000615,19999,insufficient_funds,netbanking,ecommerce,12,1,2,31,10,565,23356.17,0.856,0.923,0.03226,43.82,0
PX000616,1999,expired_card,netbanking,subscription,10,1,0,36,54,245,2246.91,0.89,0.909,0.02778,7.42,0
PX000617,19999,expired_card,upi,saas,12,1,0,57,16,371,17828.74,1.122,0.923,0.01754,19.7,1
PX000618,499,suspicious_reversal,wallet,media,9,3,1,50,19,594,455.02,1.097,0.75,0.06,37.62,0
PX000619,19999,mandate_expired,upi,subscription,6,0,2,22,44,616,25914.8,0.772,1.0,0.0,15.21,0
PX000620,999,mandate_expired,netbanking,media,5,3,1,52,50,276,1370.12,0.729,0.625,0.05769,6.11,0
PX000621,19999,suspicious_reversal,upi,media,10,3,2,38,59,415,22699.63,0.881,0.769,0.07895,32.38,0
PX000622,1499,insufficient_funds,card,ecommerce,6,2,2,14,45,276,1507.18,0.995,0.75,0.14286,16.73,0
PX000623,1999,insufficient_funds,netbanking,subscription,2,1,0,32,58,422,2317.68,0.863,0.667,0.03125,30.84,1
PX000624,499,expired_card,netbanking,ecommerce,10,2,3,43,56,541,568.53,0.878,0.833,0.04651,32.49,0
PX000625,499,mandate_expired,netbanking,subscription,11,3,2,18,53,344,371.94,1.342,0.786,0.16667,12.21,1
PX000626,499,bank_timeout,wallet,ecommerce,7,4,2,29,50,562,504.25,0.99,0.636,0.13793,8.86,1
PX000627,9999,bank_timeout,card,ecommerce,12,3,3,14,57,29,10870.43,0.92,0.8,0.21429,33.21,1
PX000628,2499,mandate_expired,netbanking,ecommerce,6,2,3,59,49,79,3090.57,0.809,0.75,0.0339,1.05,0
PX000629,999,bank_timeout,card,saas,5,1,2,26,21,334,823.45,1.213,0.833,0.03846,13.73,1
PX000630,999,expired_card,wallet,media,17,5,2,9,29,464,1308.34,0.764,0.773,0.55556,31.05,0
PX000631,9999,suspicious_reversal,card,ecommerce,7,2,3,52,55,324,6661.99,1.501,0.778,0.03846,47.63,0
PX000632,9999,expired_card,netbanking,education,6,1,3,44,55,216,10145.23,0.986,0.857,0.02273,16.28,0
PX000633,4999,insufficient_funds,netbanking,media,4,2,0,15,36,330,3783.22,1.321,0.667,0.13333,8.99,1
PX000634,1499,bank_timeout,netbanking,subscription,8,3,2,22,54,55,2087.77,0.718,0.727,0.13636,8.8,1
PX000635,2499,insufficient_funds,card,media,7,3,3,17,21,329,2144.7,1.165,0.7,0.17647,1.51,0
PX000636,2499,expired_card,netbanking,media,8,3,1,5,42,587,3344.33,0.747,0.727,0.6,3.03,1
PX000637,499,expired_card,card,education,8,2,1,31,4,86,593.77,0.84,0.8,0.06452,33.76,0
PX000638,499,insufficient_funds,upi,saas,7,4,2,24,30,659,649.38,0.768,0.636,0.16667,15.87,0
PX000639,9999,suspicious_reversal,upi,education,6,2,2,24,40,85,12923.43,0.774,0.75,0.08333,29.43,1
PX000640,19999,mandate_expired,wallet,saas,6,3,3,38,59,224,18109.76,1.104,0.667,0.07895,34.67,1
PX000641,2499,insufficient_funds,netbanking,ecommerce,10,3,2,29,26,549,3151.12,0.793,0.769,0.10345,36.83,1
PX000642,2499,expired_card,wallet,media,5,1,1,54,10,599,2547.8,0.981,0.833,0.01852,34.02,1
PX000643,1499,suspicious_reversal,upi,education,4,1,1,5,7,341,2091.42,0.717,0.8,0.2,13.63,0
PX000644,999,mandate_expired,wallet,media,12,1,1,11,9,108,692.01,1.444,0.923,0.09091,31.57,1
PX000645,2499,bank_timeout,netbanking,ecommerce,8,3,0,20,30,243,1795.92,1.391,0.727,0.15,38.34,1
PX000646,499,expired_card,wallet,media,10,1,2,31,22,640,542.73,0.919,0.909,0.03226,24.26,0
PX000647,2499,bank_timeout,netbanking,subscription,15,0,3,8,53,556,1548.71,1.614,1.0,0.0,2.98,0
PX000648,9999,expired_card,wallet,subscription,7,1,1,3,4,105,12953.38,0.772,0.875,0.33333,8.87,1
PX000649,999,bank_timeout,card,education,10,3,1,42,6,523,776.14,1.287,0.769,0.07143,30.38,1
PX000650,1999,expired_card,card,media,3,3,0,23,60,234,2533.51,0.789,0.5,0.13043,31.64,1
PX000651,1499,suspicious_reversal,wallet,saas,10,2,0,36,49,106,1167.65,1.284,0.833,0.05556,27.15,1
PX000652,1499,expired_card,card,education,6,2,2,53,35,585,1402.75,1.069,0.75,0.03774,7.76,1
PX000653,4999,suspicious_reversal,wallet,ecommerce,10,1,3,38,37,723,6586.21,0.759,0.909,0.02632,44.43,0
PX000654,999,mandate_expired,netbanking,ecommerce,3,1,0,5,34,634,1222.77,0.817,0.75,0.2,12.59,0
PX000655,499,mandate_expired,upi,education,10,0,0,23,1,164,448.96,1.111,1.0,0.0,4.95,1
PX000656,4999,expired_card,upi,education,15,1,3,18,26,218,4931.53,1.014,0.938,0.05556,1.02,1
PX000657,9999,bank_timeout,wallet,education,10,3,1,26,48,165,9842.39,1.016,0.769,0.11538,8.24,1
PX000658,1999,expired_card,netbanking,media,10,2,3,5,39,616,2444.56,0.818,0.833,0.4,14.18,1
PX000659,1499,insufficient_funds,wallet,ecommerce,6,5,3,49,43,427,1683.11,0.891,0.545,0.10204,9.06,0
PX000660,9999,suspicious_reversal,wallet,ecommerce,0,1,3,50,47,470,13351.17,0.749,0.0,0.02,22.14,0
PX000661,19999,insufficient_funds,netbanking,ecommerce,6,3,3,13,29,189,23234.55,0.861,0.667,0.23077,24.69,0
PX000662,19999,mandate_expired,upi,ecommerce,7,1,2,40,44,120,14884.45,1.344,0.875,0.025,27.05,1
PX000663,499,mandate_expired,netbanking,ecommerce,9,2,1,5,41,286,512.63,0.973,0.818,0.4,18.4,0
PX000664,2499,mandate_expired,card,media,6,3,0,26,47,257,3478.66,0.718,0.667,0.11538,22.53,0
PX000665,4999,suspicious_reversal,wallet,education,8,3,1,4,26,344,5016.08,0.997,0.727,0.75,37.11,0
PX000666,19999,suspicious_reversal,card,education,12,4,3,12,58,93,23242.42,0.86,0.75,0.33333,8.03,0
PX000667,499,mandate_expired,wallet,saas,13,2,2,40,42,7,613.57,0.813,0.867,0.05,25.47,0
PX000668,4999,mandate_expired,netbanking,saas,6,1,2,46,22,76,5659.92,0.883,0.857,0.02174,13.22,0
PX000669,999,bank_timeout,upi,education,8,3,2,56,21,103,1084.49,0.921,0.727,0.05357,15.12,1
PX000670,1999,bank_timeout,upi,education,5,0,0,28,39,544,1673.47,1.195,1.0,0.0,7.43,1
PX000671,999,insufficient_funds,wallet,saas,14,1,0,16,12,485,784.03,1.274,0.933,0.0625,31.68,1
PX000672,4999,bank_timeout,wallet,ecommerce,6,1,3,8,25,636,5652.89,0.884,0.857,0.125,21.21,1
PX000673,1499,suspicious_reversal,netbanking,subscription,11,1,2,52,59,251,1386.55,1.081,0.917,0.01923,16.64,0
PX000674,999,bank_timeout,netbanking,saas,9,2,0,7,38,238,1081.21,0.924,0.818,0.28571,6.9,1
PX000675,999,insufficient_funds,upi,education,3,0,1,29,38,560,679.5,1.47,1.0,0.0,35.42,1
PX000676,2499,mandate_expired,wallet,saas,8,1,2,53,1,36,2616.06,0.955,0.889,0.01887,30.75,0
PX000677,999,expired_card,netbanking,subscription,9,1,2,23,54,696,1275.2,0.783,0.9,0.04348,14.44,0
PX000678,1499,bank_timeout,netbanking,ecommerce,7,2,1,10,53,198,1052.35,1.424,0.778,0.2,44.87,1
PX000679,4999,mandate_expired,upi,media,8,3,0,15,58,681,5521.41,0.905,0.727,0.2,2.31,1
PX000680,9999,expired_card,upi,saas,8,2,2,2,60,566,8899.19,1.124,0.8,1.0,19.34,0
PX000681,999,bank_timeout,netbanking,education,9,3,0,8,12,457,1071.08,0.933,0.75,0.375,13.33,1
PX000682,999,expired_card,card,ecommerce,9,2,3,56,41,112,1346.04,0.742,0.818,0.03571,24.43,0
PX000683,19999,insufficient_funds,netbanking,education,7,0,2,36,31,403,21167.36,0.945,1.0,0.0,23.0,0
PX000684,999,suspicious_reversal,upi,ecommerce,10,2,3,24,24,95,791.18,1.263,0.833,0.08333,25.89,0
PX000685,9999,insufficient_funds,upi,ecommerce,11,1,1,24,6,606,12753.08,0.784,0.917,0.04167,2.12,1
PX000686,9999,expired_card,wallet,saas,7,1,0,38,45,160,9792.12,1.021,0.875,0.02632,20.64,1
PX000687,999,bank_timeout,upi,media,13,2,3,60,20,191,784.78,1.273,0.867,0.03333,8.9,1
PX000688,2499,mandate_expired,netbanking,ecommerce,6,2,3,21,25,5,2201.3,1.135,0.75,0.09524,6.16,1
PX000689,4999,bank_timeout,wallet,education,13,1,0,9,2,280,4125.17,1.212,0.929,0.11111,12.06,1
PX000690,999,mandate_expired,wallet,saas,6,2,0,38,1,483,715.87,1.396,0.75,0.05263,26.74,1
PX000691,999,bank_timeout,netbanking,media,11,4,1,46,32,285,1027.48,0.972,0.733,0.08696,3.25,1
PX000692,2499,expired_card,upi,ecommerce,7,1,3,25,21,72,1604.41,1.558,0.875,0.04,3.57,1
PX000693,1999,suspicious_reversal,netbanking,saas,12,3,0,7,36,680,1374.57,1.454,0.8,0.42857,10.4,1
PX000694,4999,suspicious_reversal,card,education,4,2,1,15,11,539,6105.68,0.819,0.667,0.13333,19.37,0
PX000695,1499,suspicious_reversal,card,media,4,2,0,18,6,460,1120.34,1.338,0.667,0.11111,14.9,0
PX000696,4999,insufficient_funds,wallet,media,6,2,0,56,1,120,3733.12,1.339,0.75,0.03571,28.81,1
PX000697,4999,bank_timeout,wallet,subscription,7,2,1,25,59,605,3000.19,1.666,0.778,0.08,25.85,1
PX000698,9999,mandate_expired,card,saas,13,3,3,35,4,259,11095.13,0.901,0.812,0.08571,26.52,1
PX000699,499,expired_card,wallet,saas,8,0,1,19,59,725,362.18,1.378,1.0,0.0,14.68,0
PX000700,999,suspicious_reversal,upi,ecommerce,5,1,1,28,28,509,636.73,1.569,0.833,0.03571,43.13,0
PX000701,4999,bank_timeout,wallet,ecommerce,10,4,1,34,18,228,3014.27,1.658,0.714,0.11765,47.87,1
PX000702,1499,suspicious_reversal,netbanking,education,8,1,1,14,50,376,1688.41,0.888,0.889,0.07143,31.65,0
PX000703,19999,suspicious_reversal,upi,media,8,2,3,20,58,243,24164.67,0.828,0.8,0.1,2.44,0
PX000704,9999,bank_timeout,upi,education,9,2,3,7,55,633,11609.03,0.861,0.818,0.28571,2.46,1
PX000705,1499,bank_timeout,upi,subscription,13,0,1,26,25,67,1102.43,1.36,1.0,0.0,1.63,1
PX000706,1999,suspicious_reversal,netbanking,ecommerce,6,0,3,41,23,684,2650.65,0.754,1.0,0.0,10.27,0
PX000707,999,expired_card,card,media,5,2,1,60,44,580,1294.07,0.772,0.714,0.03333,37.23,1
PX000708,499,bank_timeout,netbanking,media,6,1,0,30,36,128,541.6,0.921,0.857,0.03333,6.02,1
PX000709,19999,suspicious_reversal,card,ecommerce,8,4,0,59,9,353,14847.21,1.347,0.667,0.0678,46.54,0
PX000710,9999,mandate_expired,wallet,ecommerce,8,2,0,18,3,693,7011.65,1.426,0.8,0.11111,42.53,1
PX000711,999,mandate_expired,netbanking,education,8,2,1,41,12,57,766.18,1.304,0.8,0.04878,35.53,1
PX000712,9999,insufficient_funds,netbanking,education,7,2,3,16,56,109,9153.05,1.092,0.778,0.125,41.95,1
PX000713,19999,bank_timeout,upi,saas,9,3,3,14,2,94,22616.77,0.884,0.75,0.21429,6.87,0
PX000714,1999,insufficient_funds,card,media,7,3,0,33,33,164,1617.86,1.236,0.7,0.09091,5.29,1
PX000715,2499,bank_timeout,upi,education,9,1,3,59,30,121,2031.66,1.23,0.9,0.01695,5.09,0
PX000716,999,suspicious_reversal,wallet,ecommerce,7,4,2,5,17,580,900.25,1.11,0.636,0.8,32.25,0
PX000717,1499,mandate_expired,upi,subscription,11,1,3,40,14,467,1525.99,0.982,0.917,0.025,46.38,0
PX000718,999,expired_card,wallet,education,7,3,0,4,59,309,777.44,1.285,0.7,0.75,9.98,0
PX000719,2499,bank_timeout,netbanking,media,8,1,3,43,20,447,2604.06,0.96,0.889,0.02326,37.83,0
PX000720,19999,bank_timeout,card,education,9,0,0,16,19,625,14258.23,1.403,1.0,0.0,6.71,1
PX000721,499,mandate_expired,card,subscription,8,1,2,12,36,697,492.25,1.014,0.889,0.08333,29.38,1
PX000722,19999,expired_card,upi,saas,14,2,0,11,13,109,12446.03,1.607,0.875,0.18182,34.81,1
PX000723,19999,bank_timeout,wallet,saas,3,1,2,14,59,139,17301.01,1.156,0.75,0.07143,8.11,1
PX000724,2499,insufficient_funds,upi,subscription,6,2,2,13,51,439,3458.32,0.723,0.75,0.15385,18.83,0
PX000725,1499,bank_timeout,upi,education,10,0,0,55,47,450,1404.68,1.067,1.0,0.0,21.13,1
PX000726,1999,suspicious_reversal,upi,media,13,3,2,18,10,633,2701.71,0.74,0.812,0.16667,20.73,0
PX000727,499,mandate_expired,netbanking,saas,10,3,0,27,35,616,363.65,1.372,0.769,0.11111,28.73,1
PX000728,1499,suspicious_reversal,netbanking,education,5,3,1,39,18,182,1662.47,0.902,0.625,0.07692,2.8,0
PX000729,4999,bank_timeout,card,education,5,0,1,19,5,445,6849.15,0.73,1.0,0.0,4.81,1
PX000730,19999,expired_card,card,education,12,2,3,14,56,31,18835.38,1.062,0.857,0.14286,40.4,0
PX000731,1499,expired_card,wallet,media,8,3,3,30,35,356,1221.81,1.227,0.727,0.1,17.68,1
PX000732,499,mandate_expired,upi,media,8,2,3,55,13,262,469.16,1.064,0.8,0.03636,42.99,0
PX000733,1499,mandate_expired,upi,ecommerce,7,5,2,56,34,652,1962.73,0.764,0.583,0.08929,23.25,1
PX000734,1499,expired_card,card,ecommerce,7,3,3,22,23,493,916.09,1.636,0.7,0.13636,41.99,1
PX000735,19999,suspicious_reversal,card,education,10,2,2,51,57,405,21316.24,0.938,0.833,0.03922,23.17,0
PX000736,1999,mandate_expired,card,media,9,0,3,57,51,326,2647.11,0.755,1.0,0.0,37.94,0
PX000737,2499,suspicious_reversal,wallet,media,11,2,3,50,7,216,1547.66,1.615,0.846,0.04,20.98,0
PX000738,9999,suspicious_reversal,upi,ecommerce,12,1,0,34,51,265,9049.76,1.105,0.923,0.02941,12.11,1
PX000739,9999,mandate_expired,upi,ecommerce,12,4,2,18,29,268,12563.36,0.796,0.75,0.22222,33.82,1
PX000740,999,expired_card,wallet,ecommerce,13,3,2,44,33,630,1250.65,0.799,0.812,0.06818,13.63,0
PX000741,4999,suspicious_reversal,wallet,saas,6,2,3,7,24,112,3822.53,1.308,0.75,0.28571,36.3,0
PX000742,2499,mandate_expired,card,saas,13,1,2,21,37,275,2912.69,0.858,0.929,0.04762,16.31,1
PX000743,499,bank_timeout,card,saas,7,2,3,6,29,177,661.19,0.755,0.778,0.33333,47.59,0
PX000744,999,insufficient_funds,card,education,8,1,3,42,19,200,979.91,1.019,0.889,0.02381,13.87,1
PX000745,1499,mandate_expired,card,education,16,4,1,55,47,474,1862.55,0.805,0.8,0.07273,13.47,0
PX000746,1499,suspicious_reversal,wallet,subscription,14,3,2,34,59,166,1486.86,1.008,0.824,0.08824,26.56,0
PX000747,19999,mandate_expired,card,subscription,10,5,0,19,10,684,21569.69,0.927,0.667,0.26316,26.09,0
PX000748,19999,suspicious_reversal,card,education,7,0,3,17,38,237,17136.15,1.167,1.0,0.0,42.19,0
PX000749,9999,expired_card,wallet,subscription,7,3,1,48,36,148,7576.08,1.32,0.7,0.0625,21.67,0
PX000750,4999,mandate_expired,card,education,2,2,1,37,41,427,4641.19,1.077,0.5,0.05405,0.7,0
PX000751,499,expired_card,upi,ecommerce,4,3,1,37,30,148,330.16,1.511,0.571,0.08108,33.39,0
PX000752,19999,suspicious_reversal,upi,media,13,3,1,34,22,74,17429.08,1.147,0.812,0.08824,18.19,0
PX000753,1999,mandate_expired,card,saas,10,2,0,60,49,309,1793.5,1.115,0.833,0.03333,2.16,1
PX000754,999,suspicious_reversal,upi,saas,12,2,1,14,4,452,661.23,1.511,0.857,0.14286,2.12,1
PX000755,1999,bank_timeout,card,saas,9,3,0,46,36,419,1350.0,1.481,0.75,0.06522,44.81,1
PX000756,2499,bank_timeout,netbanking,media,6,6,3,56,39,90,1836.86,1.36,0.5,0.10714,21.11,1
PX000757,999,expired_card,upi,media,6,2,3,4,40,497,936.24,1.067,0.75,0.5,21.65,0
PX000758,4999,expired_card,wallet,ecommerce,7,4,0,42,4,255,3004.67,1.664,0.636,0.09524,4.96,0
PX000759,19999,bank_timeout,wallet,saas,10,0,3,24,16,511,17421.43,1.148,1.0,0.0,33.26,0
PX000760,999,suspicious_reversal,card,subscription,8,3,0,38,1,534,1233.91,0.81,0.727,0.07895,43.79,1
PX000761,2499,mandate_expired,card,education,8,2,2,13,38,220,3370.73,0.741,0.8,0.15385,16.0,1
PX000762,2499,bank_timeout,card,subscription,10,1,1,49,50,228,1685.94,1.482,0.909,0.02041,36.87,1
PX000763,1999,suspicious_reversal,upi,media,11,1,2,38,52,675,2728.43,0.733,0.917,0.02632,46.5,0
PX000764,4999,expired_card,wallet,saas,5,1,2,49,5,704,5509.93,0.907,0.833,0.02041,45.41,0
PX000765,1499,insufficient_funds,netbanking,subscription,12,1,3,34,44,367,944.64,1.587,0.923,0.02941,4.63,1
PX000766,9999,insufficient_funds,netbanking,subscription,7,6,0,9,5,197,13875.76,0.721,0.538,0.66667,47.03,1
PX000767,19999,insufficient_funds,upi,ecommerce,5,2,1,40,28,576,16912.9,1.182,0.714,0.05,35.22,1
PX000768,1499,expired_card,upi,saas,15,1,1,45,45,713,913.37,1.641,0.938,0.02222,16.04,1
PX000769,19999,insufficient_funds,card,media,6,3,2,46,51,403,23398.98,0.855,0.667,0.06522,22.71,1
PX000770,9999,bank_timeout,wallet,media,11,4,1,36,41,80,9488.82,1.054,0.733,0.11111,29.55,1
PX000771,499,bank_timeout,wallet,media,7,1,3,50,57,83,386.01,1.293,0.875,0.02,22.35,1
PX000772,1999,mandate_expired,card,saas,12,4,3,44,19,149,2445.37,0.817,0.75,0.09091,33.78,1
PX000773,4999,suspicious_reversal,wallet,saas,6,1,1,32,39,504,3716.64,1.345,0.857,0.03125,29.08,0
PX000774,4999,bank_timeout,upi,education,4,3,0,10,45,542,5127.3,0.975,0.571,0.3,5.82,0
PX000775,499,mandate_expired,card,education,9,5,1,28,26,699,656.77,0.76,0.643,0.17857,9.58,1
PX000776,4999,insufficient_funds,netbanking,media,8,1,3,49,47,56,4972.15,1.005,0.889,0.02041,9.6,1
PX000777,4999,insufficient_funds,wallet,education,7,4,0,25,29,631,6553.63,0.763,0.636,0.16,24.17,1
PX000778,499,expired_card,upi,education,8,2,2,37,20,535,505.9,0.986,0.8,0.05405,0.77,0
PX000779,1499,bank_timeout,wallet,media,3,4,3,3,29,427,1355.15,1.106,0.429,1.33333,43.68,1
PX000780,1499,expired_card,wallet,media,10,1,1,4,26,303,1301.07,1.152,0.909,0.25,29.75,1
PX000781,499,bank_timeout,wallet,ecommerce,10,1,2,15,19,503,422.57,1.181,0.909,0.06667,7.72,1
PX000782,4999,bank_timeout,netbanking,saas,3,5,2,30,12,73,6063.14,0.824,0.375,0.16667,1.0,0
PX000783,2499,bank_timeout,upi,subscription,12,0,3,3,20,440,3162.46,0.79,1.0,0.0,19.63,1
PX000784,19999,insufficient_funds,wallet,ecommerce,8,0,3,14,41,567,15975.27,1.252,1.0,0.0,39.34,1
PX000785,9999,mandate_expired,wallet,education,8,2,2,55,32,20,10177.0,0.983,0.8,0.03636,3.27,0
PX000786,499,insufficient_funds,upi,saas,6,4,0,20,57,531,446.67,1.117,0.6,0.2,8.58,1
PX000787,1999,suspicious_reversal,netbanking,ecommerce,7,6,1,45,53,265,2104.51,0.95,0.538,0.13333,42.92,0
PX000788,1499,bank_timeout,card,education,12,2,3,19,45,626,1316.19,1.139,0.857,0.10526,5.38,1
PX000789,2499,suspicious_reversal,netbanking,saas,8,3,1,2,44,254,3208.85,0.779,0.727,1.5,43.31,0
PX000790,1499,expired_card,wallet,media,10,1,2,24,55,585,1388.21,1.08,0.909,0.04167,39.56,1
PX000791,499,mandate_expired,upi,saas,14,3,2,31,13,472,630.03,0.792,0.824,0.09677,39.08,1
PX000792,19999,mandate_expired,netbanking,subscription,9,2,2,20,21,605,14347.02,1.394,0.818,0.1,37.05,1
PX000793,999,mandate_expired,card,ecommerce,12,2,3,15,54,339,1278.52,0.781,0.857,0.13333,10.32,1
PX000794,19999,suspicious_reversal,netbanking,media,5,2,1,48,35,359,21062.35,0.95,0.714,0.04167,40.44,0
PX000795,9999,bank_timeout,upi,saas,6,2,2,34,38,690,6369.54,1.57,0.75,0.05882,21.86,1
PX000796,999,bank_timeout,upi,media,9,2,3,8,54,183,1191.81,0.838,0.818,0.25,17.91,1
PX000797,1999,bank_timeout,upi,subscription,7,2,0,34,13,164,1933.76,1.034,0.778,0.05882,38.61,1
PX000798,19999,expired_card,card,media,5,1,3,19,32,434,24023.47,0.832,0.833,0.05263,45.04,1
PX000799,1999,bank_timeout,card,saas,10,2,1,17,26,330,1896.3,1.054,0.833,0.11765,37.24,1
PX000800,4999,mandate_expired,netbanking,subscription,11,1,0,55,37,494,5490.4,0.91,0.917,0.01818,35.3,1
PX000801,4999,expired_card,wallet,media,9,2,0,5,30,520,3744.07,1.335,0.818,0.4,9.89,1
PX000802,1499,insufficient_funds,upi,media,4,0,3,2,9,76,1281.37,1.17,1.0,0.0,36.17,1
PX000803,999,expired_card,wallet,education,10,2,1,25,58,529,672.81,1.485,0.833,0.08,34.94,0
PX000804,499,suspicious_reversal,netbanking,subscription,4,2,0,14,38,491,458.59,1.088,0.667,0.14286,40.19,0
PX000805,499,insufficient_funds,card,saas,8,3,3,56,53,230,409.33,1.219,0.727,0.05357,5.3,0
PX000806,19999,insufficient_funds,card,media,4,1,0,54,34,419,15346.19,1.303,0.8,0.01852,47.01,1
PX000807,4999,bank_timeout,wallet,saas,9,1,2,19,60,489,4160.1,1.202,0.9,0.05263,40.43,1
PX000808,19999,expired_card,upi,media,10,2,0,22,33,634,16384.09,1.221,0.833,0.09091,13.59,0
PX000809,499,suspicious_reversal,netbanking,subscription,6,2,1,56,6,601,405.3,1.231,0.75,0.03571,46.15,0
PX000810,2499,insufficient_funds,upi,ecommerce,7,4,1,9,50,314,3156.78,0.792,0.636,0.44444,16.2,1
PX000811,19999,expired_card,card,ecommerce,6,5,0,23,29,256,20077.52,0.996,0.545,0.21739,45.8,0
PX000812,9999,insufficient_funds,wallet,media,11,3,2,22,53,343,11389.26,0.878,0.786,0.13636,27.15,0
PX000813,999,bank_timeout,upi,media,3,1,2,25,40,479,1312.77,0.761,0.75,0.04,25.41,1
PX000814,999,insufficient_funds,wallet,media,5,0,2,50,19,87,1085.36,0.92,1.0,0.0,17.22,0
PX000815,1499,expired_card,netbanking,subscription,10,3,2,42,11,80,1290.99,1.161,0.769,0.07143,4.57,0
PX000816,19999,suspicious_reversal,wallet,ecommerce,6,2,1,39,45,492,19039.37,1.05,0.75,0.05128,38.4,0
PX000817,1999,insufficient_funds,upi,media,6,3,2,14,24,395,2482.88,0.805,0.667,0.21429,10.72,1
PX000818,19999,insufficient_funds,wallet,education,10,0,1,55,4,447,26698.51,0.749,1.0,0.0,27.34,0
PX000819,2499,expired_card,wallet,saas,2,3,1,19,35,724,1593.31,1.568,0.4,0.15789,28.15,0
PX000820,19999,bank_timeout,upi,ecommerce,6,2,2,33,19,353,22288.11,0.897,0.75,0.06061,2.16,1
PX000821,4999,insufficient_funds,upi,education,6,1,3,14,16,412,3595.18,1.39,0.857,0.07143,19.77,1
PX000822,4999,bank_timeout,wallet,education,9,3,1,20,35,465,5096.3,0.981,0.75,0.15,6.86,0
PX000823,4999,expired_card,netbanking,media,6,0,1,51,9,106,5002.81,0.999,1.0,0.0,37.77,0
PX000824,2499,bank_timeout,wallet,education,10,2,1,48,17,507,3454.5,0.723,0.833,0.04167,12.06,1
PX000825,999,suspicious_reversal,wallet,subscription,5,4,0,49,14,92,823.81,1.213,0.556,0.08163,45.47,0
PX000826,19999,insufficient_funds,upi,media,7,1,1,55,20,683,16847.61,1.187,0.875,0.01818,39.82,1
PX000827,19999,bank_timeout,card,education,3,2,3,37,43,221,13598.97,1.471,0.6,0.05405,39.8,1
PX000828,2499,expired_card,upi,media,9,1,2,42,58,612,3096.06,0.807,0.9,0.02381,16.93,0
PX000829,2499,bank_timeout,upi,saas,9,0,0,48,8,363,2576.55,0.97,1.0,0.0,22.78,1
PX000830,2499,insufficient_funds,netbanking,subscription,8,4,3,41,49,87,2414.96,1.035,0.667,0.09756,40.72,1
PX000831,999,suspicious_reversal,upi,saas,5,0,1,60,21,243,983.19,1.016,1.0,0.0,37.78,0
PX000832,1999,suspicious_reversal,netbanking,media,5,5,3,49,41,603,1234.38,1.619,0.5,0.10204,3.1,0
PX000833,19999,expired_card,upi,education,6,3,0,37,38,269,21848.22,0.915,0.667,0.08108,21.12,0
PX000834,1999,expired_card,wallet,subscription,9,3,2,56,4,241,1699.71,1.176,0.75,0.05357,9.59,0
PX000835,1999,suspicious_reversal,netbanking,ecommerce,13,0,1,29,31,37,1831.21,1.092,1.0,0.0,43.98,1
PX000836,1999,suspicious_reversal,wallet,subscription,12,1,2,58,53,74,1754.35,1.139,0.923,0.01724,30.44,0
PX000837,2499,expired_card,upi,education,5,4,3,35,3,122,2250.59,1.11,0.556,0.11429,20.83,0
PX000838,4999,expired_card,wallet,ecommerce,7,1,1,38,40,454,6449.81,0.775,0.875,0.02632,39.57,0
PX000839,1999,insufficient_funds,card,subscription,5,3,2,25,59,471,1600.74,1.249,0.625,0.12,33.82,1
PX000840,999,insufficient_funds,netbanking,subscription,7,3,1,8,8,550,1053.26,0.948,0.7,0.375,30.08,0
PX000841,4999,insufficient_funds,card,media,7,4,3,59,32,25,3831.62,1.305,0.636,0.0678,34.14,1
PX000842,4999,insufficient_funds,wallet,subscription,6,4,1,45,32,327,5641.92,0.886,0.6,0.08889,17.87,1
PX000843,19999,bank_timeout,wallet,subscription,10,0,3,42,41,517,27930.17,0.716,1.0,0.0,9.1,1
PX000844,1499,suspicious_reversal,upi,education,12,2,0,58,31,359,1127.77,1.329,0.857,0.03448,13.36,0
PX000845,9999,expired_card,wallet,saas,15,1,0,57,27,121,12638.52,0.791,0.938,0.01754,13.87,1
PX000846,2499,bank_timeout,wallet,saas,6,0,3,13,5,512,2890.85,0.864,1.0,0.0,41.42,1
PX000847,19999,mandate_expired,card,ecommerce,3,2,1,57,36,224,18293.81,1.093,0.6,0.03509,4.34,0
PX000848,1499,suspicious_reversal,wallet,education,10,2,3,25,3,150,2094.73,0.716,0.833,0.08,44.65,0
PX000849,2499,insufficient_funds,netbanking,media,6,1,2,52,50,247,1897.8,1.317,0.857,0.01923,19.94,0
PX000850,499,suspicious_reversal,netbanking,ecommerce,8,1,2,7,42,168,346.02,1.442,0.889,0.14286,18.44,0
PX000851,2499,mandate_expired,upi,media,8,0,1,37,45,588,2016.96,1.239,1.0,0.0,44.84,0
PX000852,9999,bank_timeout,netbanking,saas,10,0,1,9,32,435,12383.56,0.807,1.0,0.0,45.55,1
PX000853,999,insufficient_funds,netbanking,subscription,9,2,1,32,33,695,857.07,1.166,0.818,0.0625,30.68,1
PX000854,4999,expired_card,wallet,saas,1,4,2,35,47,175,5074.06,0.985,0.2,0.11429,24.94,0
PX000855,2499,mandate_expired,wallet,saas,9,2,3,58,6,401,3259.98,0.767,0.818,0.03448,41.78,1
PX000856,1999,insufficient_funds,wallet,ecommerce,7,1,2,38,21,64,2515.62,0.795,0.875,0.02632,38.82,1
PX000857,4999,suspicious_reversal,wallet,media,9,2,0,9,58,684,5733.45,0.872,0.818,0.22222,2.9,0
PX000858,1999,suspicious_reversal,card,ecommerce,8,2,3,26,49,117,2737.61,0.73,0.8,0.07692,11.14,0
PX000859,4999,bank_timeout,card,education,16,3,3,37,12,104,4986.5,1.003,0.842,0.08108,28.21,1
PX000860,999,bank_timeout,upi,subscription,9,2,0,1,24,454,631.44,1.582,0.818,2.0,21.06,1
PX000861,2499,suspicious_reversal,upi,ecommerce,7,2,3,19,22,647,2422.79,1.031,0.778,0.10526,15.6,1
PX000862,19999,mandate_expired,netbanking,saas,10,2,3,52,4,63,19354.43,1.033,0.833,0.03846,17.19,1
PX000863,2499,insufficient_funds,upi,education,10,3,0,30,3,219,2107.29,1.186,0.769,0.1,18.95,1
PX000864,999,mandate_expired,upi,subscription,14,1,0,8,6,16,1203.51,0.83,0.933,0.125,11.3,0
PX000865,4999,suspicious_reversal,card,subscription,11,0,0,8,25,206,6065.39,0.824,1.0,0.0,35.12,1
PX000866,19999,mandate_expired,wallet,subscription,8,4,3,17,49,277,24514.87,0.816,0.667,0.23529,10.68,0
PX000867,9999,mandate_expired,wallet,education,15,2,1,16,13,527,12347.49,0.81,0.882,0.125,47.33,1
PX000868,1499,suspicious_reversal,netbanking,subscription,7,1,3,20,46,559,1044.19,1.436,0.875,0.05,29.56,0
PX000869,999,mandate_expired,upi,saas,7,0,2,5,4,28,1057.82,0.944,1.0,0.0,7.89,0
PX000870,1999,suspicious_reversal,upi,ecommerce,10,2,1,29,34,168,2194.43,0.911,0.833,0.06897,36.59,0
PX000871,999,suspicious_reversal,card,subscription,4,1,3,31,21,714,1141.69,0.875,0.8,0.03226,8.04,0
PX000872,9999,suspicious_reversal,netbanking,subscription,7,1,1,47,16,633,6106.37,1.637,0.875,0.02128,38.98,0
PX000873,9999,bank_timeout,card,education,10,3,2,8,42,83,11002.73,0.909,0.769,0.375,5.67,0
PX000874,2499,insufficient_funds,card,subscription,12,2,2,42,40,192,2582.61,0.968,0.857,0.04762,5.79,1
PX000875,4999,bank_timeout,upi,subscription,6,2,0,30,7,490,5562.45,0.899,0.75,0.06667,17.46,1
PX000876,19999,insufficient_funds,wallet,media,9,1,2,60,17,179,20174.43,0.991,0.9,0.01667,32.2,1
PX000877,1999,expired_card,netbanking,education,12,2,0,25,52,581,2725.53,0.733,0.857,0.08,13.34,1
PX000878,9999,expired_card,netbanking,subscription,9,0,3,7,56,478,8965.12,1.115,1.0,0.0,20.74,1
PX000879,19999,mandate_expired,card,education,6,2,0,23,19,162,22501.19,0.889,0.75,0.08696,19.21,1
PX000880,4999,suspicious_reversal,netbanking,saas,14,3,3,35,57,76,6795.84,0.736,0.824,0.08571,31.22,0
PX000881,2499,bank_timeout,netbanking,saas,11,2,3,42,57,311,1796.32,1.391,0.846,0.04762,47.91,0
PX000882,1999,suspicious_reversal,netbanking,subscription,8,1,1,34,30,251,1244.07,1.607,0.889,0.02941,35.82,1
PX000883,1999,expired_card,netbanking,saas,10,1,3,55,18,457,1277.6,1.565,0.909,0.01818,31.8,0
PX000884,2499,suspicious_reversal,upi,media,12,2,0,46,42,476,2048.7,1.22,0.857,0.04348,33.22,1
PX000885,1999,suspicious_reversal,netbanking,media,10,1,3,10,23,298,2440.18,0.819,0.909,0.1,26.23,1
PX000886,499,expired_card,netbanking,education,7,0,1,53,59,347,456.02,1.094,1.0,0.0,27.73,1
PX000887,2499,expired_card,netbanking,media,7,1,3,3,46,452,2070.89,1.207,0.875,0.33333,25.82,1
PX000888,2499,expired_card,upi,media,5,0,0,47,24,580,3492.27,0.716,1.0,0.0,44.89,1
PX000889,999,bank_timeout,netbanking,subscription,10,3,3,9,33,1,689.92,1.448,0.769,0.33333,8.32,1
PX000890,1499,suspicious_reversal,card,education,8,4,3,52,39,62,1929.47,0.777,0.667,0.07692,28.53,0
PX000891,1499,suspicious_reversal,netbanking,media,11,2,1,55,45,500,1273.92,1.177,0.846,0.03636,42.57,0
PX000892,499,expired_card,card,ecommerce,6,2,1,45,4,662,678.55,0.735,0.75,0.04444,39.69,1
PX000893,999,bank_timeout,netbanking,subscription,10,0,0,57,52,552,760.12,1.314,1.0,0.0,27.37,1
PX000894,499,bank_timeout,upi,subscription,8,3,3,46,56,355,564.99,0.883,0.727,0.06522,17.51,1
PX000895,4999,bank_timeout,card,subscription,5,2,3,34,14,396,4399.44,1.136,0.714,0.05882,36.29,0
PX000896,499,bank_timeout,netbanking,subscription,7,2,0,31,58,204,576.21,0.866,0.778,0.06452,14.17,1
PX000897,999,insufficient_funds,netbanking,media,10,0,1,11,39,727,798.36,1.251,1.0,0.0,1.45,1
PX000898,2499,mandate_expired,netbanking,saas,10,2,0,6,27,672,2936.57,0.851,0.833,0.33333,5.1,0
PX000899,499,expired_card,wallet,ecommerce,10,2,0,44,38,48,612.94,0.814,0.833,0.04545,13.95,0
PX000900,2499,mandate_expired,upi,subscription,11,3,3,17,1,673,2815.95,0.887,0.786,0.17647,9.5,0
PX000901,19999,bank_timeout,wallet,media,7,0,3,53,40,60,22060.16,0.907,1.0,0.0,17.95,0
PX000902,499,mandate_expired,card,saas,10,1,2,42,30,525,440.45,1.133,0.909,0.02381,12.76,1
PX000903,4999,insufficient_funds,netbanking,education,6,2,2,59,28,79,3544.88,1.41,0.75,0.0339,31.1,1
PX000904,19999,insufficient_funds,wallet,ecommerce,8,1,2,52,16,654,13322.4,1.501,0.889,0.01923,42.01,0
PX000905,1999,expired_card,netbanking,education,9,1,0,43,48,210,1843.37,1.084,0.9,0.02326,26.42,0
PX000906,1499,expired_card,card,subscription,8,2,0,40,57,599,1280.96,1.17,0.8,0.05,4.39,1
PX000907,999,insufficient_funds,upi,media,11,0,0,35,25,540,1045.85,0.955,1.0,0.0,0.67,1
PX000908,499,expired_card,card,education,4,3,2,2,10,42,671.28,0.743,0.571,1.5,46.84,1
PX000909,499,suspicious_reversal,netbanking,subscription,8,3,3,2,8,194,456.41,1.093,0.727,1.5,25.22,0
PX000910,499,suspicious_reversal,wallet,media,12,1,0,43,56,715,340.98,1.463,0.923,0.02326,13.42,0
PX000911,999,suspicious_reversal,wallet,saas,4,1,1,50,11,673,1102.98,0.906,0.8,0.02,30.2,1
PX000912,1499,mandate_expired,card,ecommerce,2,2,1,9,52,1,1223.71,1.225,0.5,0.22222,26.58,0
PX000913,999,bank_timeout,wallet,education,8,1,2,55,1,16,1080.96,0.924,0.889,0.01818,13.59,1
PX000914,999,mandate_expired,wallet,education,12,5,2,34,50,21,1062.35,0.94,0.706,0.14706,43.37,1
PX000915,1999,suspicious_reversal,wallet,media,8,4,2,15,33,481,1900.28,1.052,0.667,0.26667,5.86,0
PX000916,1999,bank_timeout,netbanking,saas,7,2,2,11,52,131,1728.48,1.157,0.778,0.18182,13.83,0
PX000917,1999,mandate_expired,card,saas,7,1,1,35,17,255,1724.09,1.159,0.875,0.02857,1.3,0
PX000918,4999,bank_timeout,netbanking,ecommerce,11,2,3,58,30,216,5505.79,0.908,0.846,0.03448,29.9,1
PX000919,4999,expired_card,wallet,education,8,2,2,45,25,537,5898.36,0.848,0.8,0.04444,37.5,1
PX000920,1999,mandate_expired,card,ecommerce,8,2,0,48,45,67,2507.77,0.797,0.8,0.04167,10.57,0
PX000921,4999,insufficient_funds,upi,education,5,2,2,53,41,295,6768.86,0.739,0.714,0.03774,42.15,1
PX000922,999,insufficient_funds,netbanking,education,7,2,3,19,38,255,1098.88,0.909,0.778,0.10526,6.98,1
PX000923,999,expired_card,netbanking,saas,5,0,2,53,22,648,601.46,1.661,1.0,0.0,30.96,1
PX000924,4999,suspicious_reversal,upi,media,8,4,3,1,27,451,4637.84,1.078,0.667,4.0,9.69,0
PX000925,9999,mandate_expired,upi,ecommerce,7,0,2,34,46,665,8728.68,1.146,1.0,0.0,2.91,0
PX000926,499,bank_timeout,netbanking,saas,4,2,0,43,38,302,313.46,1.592,0.667,0.04651,25.96,1
PX000927,1999,expired_card,card,ecommerce,7,6,3,34,52,603,1485.73,1.345,0.538,0.17647,43.27,0
PX000928,999,expired_card,netbanking,subscription,10,2,3,44,34,65,1276.72,0.782,0.833,0.04545,10.09,0
PX000929,9999,mandate_expired,card,ecommerce,4,2,0,21,58,338,10108.69,0.989,0.667,0.09524,32.07,0
PX000930,1999,mandate_expired,card,ecommerce,13,2,0,1,21,15,2764.06,0.723,0.867,2.0,27.09,1
PX000931,2499,suspicious_reversal,upi,ecommerce,8,1,1,51,27,527,3405.37,0.734,0.889,0.01961,23.07,0
PX000932,9999,mandate_expired,card,education,7,1,2,42,20,157,13692.1,0.73,0.875,0.02381,47.56,0
PX000933,1999,mandate_expired,card,subscription,9,2,0,39,31,673,2379.51,0.84,0.818,0.05128,26.19,1
PX000934,1499,mandate_expired,wallet,ecommerce,7,3,2,9,29,241,1370.94,1.093,0.7,0.33333,28.2,1
PX000935,4999,mandate_expired,wallet,media,7,1,1,54,49,195,6896.31,0.725,0.875,0.01852,23.89,1
PX000936,1999,insufficient_funds,netbanking,subscription,5,3,3,3,8,557,2126.14,0.94,0.625,1.0,39.8,1
PX000937,2499,expired_card,card,subscription,12,2,3,12,34,297,3196.19,0.782,0.857,0.16667,26.46,0
PX000938,999,insufficient_funds,upi,saas,8,3,0,25,31,574,1024.69,0.975,0.727,0.12,36.12,1
PX000939,999,suspicious_reversal,netbanking,subscription,7,2,3,43,16,643,1252.06,0.798,0.778,0.04651,0.92,0
PX000940,9999,suspicious_reversal,wallet,saas,9,0,2,56,30,112,9857.62,1.014,1.0,0.0,21.07,0
PX000941,19999,mandate_expired,card,subscription,10,2,0,47,11,314,19874.46,1.006,0.833,0.04255,24.19,0
PX000942,2499,bank_timeout,netbanking,education,7,3,0,24,6,434,2198.37,1.137,0.7,0.125,11.9,0
PX000943,9999,suspicious_reversal,netbanking,saas,10,1,1,39,38,286,12140.08,0.824,0.909,0.02564,25.6,1
PX000944,999,bank_timeout,netbanking,ecommerce,11,6,1,55,56,315,1204.03,0.83,0.647,0.10909,44.0,1
PX000945,1499,insufficient_funds,card,subscription,16,3,3,13,39,492,1239.54,1.209,0.842,0.23077,7.23,1
PX000946,999,expired_card,wallet,saas,10,0,0,46,15,631,964.65,1.036,1.0,0.0,3.33,1
PX000947,19999,mandate_expired,card,media,13,3,3,1,19,397,22051.47,0.907,0.812,3.0,41.79,0
PX000948,19999,bank_timeout,netbanking,media,7,3,2,8,2,136,13272.55,1.507,0.7,0.375,21.32,0
PX000949,9999,suspicious_reversal,upi,education,5,2,3,43,40,700,8884.16,1.125,0.714,0.04651,18.91,0
PX000950,999,suspicious_reversal,card,saas,12,3,0,25,32,93,782.86,1.276,0.8,0.12,26.03,0
PX000951,499,mandate_expired,upi,ecommerce,6,5,0,14,15,42,410.21,1.216,0.545,0.35714,7.0,1
PX000952,19999,expired_card,netbanking,education,9,0,0,11,4,261,27454.32,0.728,1.0,0.0,8.82,1
PX000953,999,suspicious_reversal,netbanking,saas,12,0,2,21,59,362,841.25,1.188,1.0,0.0,35.75,0
PX000954,1999,suspicious_reversal,card,saas,14,0,0,3,47,327,2534.7,0.789,1.0,0.0,40.76,1
PX000955,19999,insufficient_funds,wallet,saas,9,1,0,25,10,30,13055.56,1.532,0.9,0.04,40.32,1
PX000956,1999,suspicious_reversal,netbanking,ecommerce,3,2,0,2,3,116,2424.85,0.824,0.6,1.0,10.23,0
PX000957,1999,suspicious_reversal,upi,media,8,1,3,22,58,11,2348.4,0.851,0.889,0.04545,4.27,0
PX000958,499,expired_card,netbanking,education,7,2,3,48,3,515,522.77,0.955,0.778,0.04167,44.48,0
PX000959,4999,insufficient_funds,netbanking,subscription,11,2,2,27,22,120,5717.38,0.874,0.846,0.07407,4.15,0
PX000960,999,bank_timeout,card,ecommerce,6,2,3,47,9,338,958.72,1.042,0.75,0.04255,39.64,1
PX000961,9999,suspicious_reversal,card,saas,10,1,1,45,47,540,10870.29,0.92,0.909,0.02222,13.43,0
PX000962,9999,insufficient_funds,wallet,ecommerce,5,2,0,54,41,438,12537.88,0.798,0.714,0.03704,21.16,1
PX000963,2499,expired_card,wallet,saas,7,2,3,49,23,356,2232.96,1.119,0.778,0.04082,35.88,0
PX000964,4999,mandate_expired,card,education,9,0,1,2,60,176,3466.07,1.442,1.0,0.0,6.18,0
PX000965,1999,expired_card,wallet,subscription,6,3,3,2,21,395,2280.76,0.876,0.667,1.5,22.16,0
PX000966,1999,suspicious_reversal,netbanking,subscription,9,1,1,56,47,257,2537.08,0.788,0.9,0.01786,23.21,0
PX000967,1499,suspicious_reversal,netbanking,saas,5,2,1,38,43,587,1648.52,0.909,0.714,0.05263,47.27,1
PX000968,2499,bank_timeout,upi,saas,6,2,2,57,37,685,2537.79,0.985,0.75,0.03509,24.71,1
PX000969,499,mandate_expired,card,saas,9,2,0,30,58,51,470.53,1.06,0.818,0.06667,16.84,1
PX000970,2499,suspicious_reversal,card,education,13,0,2,52,29,305,2382.89,1.049,1.0,0.0,36.78,0
PX000971,1499,mandate_expired,card,education,10,2,0,10,49,212,1973.18,0.76,0.833,0.2,1.05,0
PX000972,2499,insufficient_funds,upi,education,9,2,2,58,25,419,2516.0,0.993,0.818,0.03448,47.38,1
PX000973,2499,insufficient_funds,wallet,education,8,1,1,18,5,463,1561.88,1.6,0.889,0.05556,46.38,0
PX000974,999,bank_timeout,netbanking,media,8,3,3,49,40,237,1162.86,0.859,0.727,0.06122,32.57,1
PX000975,2499,bank_timeout,wallet,education,9,3,1,49,40,356,3023.57,0.827,0.75,0.06122,29.53,1
PX000976,9999,expired_card,upi,saas,9,1,2,3,38,70,6039.66,1.656,0.9,0.33333,16.04,1
PX000977,19999,mandate_expired,wallet,ecommerce,3,1,1,56,28,191,14693.65,1.361,0.75,0.01786,32.08,0
PX000978,2499,bank_timeout,wallet,education,9,3,2,49,13,12,2673.56,0.935,0.75,0.06122,19.35,1
PX000979,1999,mandate_expired,wallet,ecommerce,8,3,2,5,47,515,1669.46,1.197,0.727,0.6,29.39,0
PX000980,999,insufficient_funds,wallet,media,9,2,2,6,18,394,1131.26,0.883,0.818,0.33333,17.68,1
PX000981,9999,insufficient_funds,wallet,media,9,4,0,31,41,660,7857.64,1.273,0.692,0.12903,4.44,1
PX000982,19999,mandate_expired,upi,subscription,9,3,1,7,41,314,20746.42,0.964,0.75,0.42857,11.33,0
PX000983,4999,expired_card,card,saas,7,2,1,50,46,614,3381.86,1.478,0.778,0.04,33.85,0
PX000984,19999,insufficient_funds,card,saas,6,2,1,4,43,557,12456.85,1.605,0.75,0.5,21.69,0
PX000985,9999,mandate_expired,card,media,7,0,0,39,20,354,8374.19,1.194,1.0,0.0,12.85,1
PX000986,499,mandate_expired,netbanking,subscription,10,3,3,17,18,11,426.8,1.169,0.769,0.17647,28.09,0
PX000987,2499,bank_timeout,netbanking,subscription,3,6,2,60,52,132,2205.95,1.133,0.333,0.1,44.93,1
PX000988,499,insufficient_funds,netbanking,subscription,5,5,2,35,34,664,586.51,0.851,0.5,0.14286,5.09,0
PX000989,4999,expired_card,upi,ecommerce,13,1,0,32,21,39,5112.65,0.978,0.929,0.03125,33.08,1
PX000990,19999,mandate_expired,upi,subscription,11,2,2,49,17,520,14240.73,1.404,0.846,0.04082,44.51,0
PX000991,1499,expired_card,upi,subscription,5,2,1,33,7,40,984.18,1.523,0.714,0.06061,23.56,0
PX000992,499,insufficient_funds,upi,education,8,2,0,55,23,303,593.95,0.84,0.8,0.03636,43.2,0
PX000993,1499,mandate_expired,card,education,6,1,0,5,48,252,2082.11,0.72,0.857,0.2,38.23,0
PX000994,1499,bank_timeout,upi,ecommerce,6,1,2,56,3,441,1799.75,0.833,0.857,0.01786,17.9,0
PX000995,499,mandate_expired,upi,saas,9,3,2,13,10,394,613.78,0.813,0.75,0.23077,42.83,0
PX000996,1499,suspicious_reversal,netbanking,subscription,6,1,2,12,35,354,2063.09,0.727,0.857,0.08333,36.54,0
PX000997,9999,mandate_expired,upi,subscription,5,1,3,8,9,516,9335.07,1.071,0.833,0.125,28.01,1
PX000998,499,bank_timeout,card,media,6,4,2,28,7,479,545.91,0.914,0.6,0.14286,1.04,0
PX000999,4999,suspicious_reversal,wallet,ecommerce,6,3,3,30,35,452,4200.33,1.19,0.667,0.1,9.13,0
PX001000,999,suspicious_reversal,upi,saas,6,7,1,7,21,431,1215.39,0.822,0.462,1.0,27.17,0
PX001001,2499,expired_card,upi,saas,8,1,3,33,37,422,2163.26,1.155,0.889,0.0303,16.59,1
PX001002,1999,mandate_expired,upi,media,13,2,3,23,46,425,1539.31,1.299,0.867,0.08696,35.23,1
PX001003,499,suspicious_reversal,card,ecommerce,8,2,3,2,47,199,319.65,1.561,0.8,1.0,20.21,0
PX001004,499,expired_card,netbanking,subscription,6,2,1,5,22,495,417.95,1.194,0.75,0.4,32.3,1
PX001005,9999,insufficient_funds,netbanking,ecommerce,4,1,2,42,46,301,12723.43,0.786,0.8,0.02381,36.0,1
PX001006,19999,insufficient_funds,netbanking,education,13,2,2,39,60,721,26318.92,0.76,0.867,0.05128,32.38,0
PX001007,19999,bank_timeout,upi,saas,12,2,0,42,56,106,24081.33,0.83,0.857,0.04762,11.11,1
PX001008,9999,mandate_expired,upi,ecommerce,16,2,1,38,46,284,12293.37,0.813,0.889,0.05263,0.65,0
PX001009,9999,insufficient_funds,netbanking,media,11,2,1,35,9,36,8831.85,1.132,0.846,0.05714,36.03,1
PX001010,19999,expired_card,upi,education,10,2,2,2,6,387,23447.48,0.853,0.833,1.0,5.67,0
PX001011,499,insufficient_funds,upi,saas,3,2,2,31,52,414,558.57,0.893,0.6,0.06452,16.11,1
PX001012,2499,suspicious_reversal,upi,media,4,2,2,1,49,17,2309.84,1.082,0.667,2.0,26.23,0
PX001013,4999,mandate_expired,card,saas,8,2,2,10,51,205,4051.48,1.234,0.8,0.2,26.55,1
PX001014,1499,suspicious_reversal,netbanking,education,9,4,3,31,53,117,1624.89,0.923,0.692,0.12903,15.22,0
PX001015,9999,mandate_expired,card,saas,4,3,0,44,20,299,12272.45,0.815,0.571,0.06818,7.86,0
PX001016,19999,suspicious_reversal,upi,media,11,0,3,43,31,146,27934.95,0.716,1.0,0.0,0.94,1
PX001017,4999,bank_timeout,wallet,education,13,3,3,57,37,466,6120.23,0.817,0.812,0.05263,2.27,0
PX001018,499,mandate_expired,netbanking,education,6,0,1,28,12,332,463.85,1.076,1.0,0.0,33.9,1
PX001019,499,bank_timeout,upi,media,13,1,2,41,3,348,418.17,1.193,0.929,0.02439,16.5,1
PX001020,1499,suspicious_reversal,netbanking,media,11,4,1,13,55,22,1084.24,1.383,0.733,0.30769,16.48,0
PX001021,1999,bank_timeout,card,saas,8,4,0,6,50,596,1931.93,1.035,0.667,0.66667,3.95,1
PX001022,4999,suspicious_reversal,card,ecommerce,9,1,3,29,39,576,3325.51,1.503,0.9,0.03448,47.75,0
PX001023,2499,insufficient_funds,wallet,media,10,4,2,35,42,717,3360.49,0.744,0.714,0.11429,25.45,0
PX001024,999,expired_card,wallet,ecommerce,7,2,3,12,33,705,621.07,1.609,0.778,0.16667,23.5,0
PX001025,1499,expired_card,upi,subscription,11,1,1,43,13,538,1574.44,0.952,0.917,0.02326,8.49,0
PX001026,1999,mandate_expired,netbanking,saas,5,1,1,1,57,652,2485.53,0.804,0.833,1.0,1.99,1
PX001027,4999,expired_card,netbanking,subscription,12,2,3,18,3,158,4619.78,1.082,0.857,0.11111,9.92,0
PX001028,1999,insufficient_funds,card,saas,4,2,3,34,56,624,1929.93,1.036,0.667,0.05882,12.32,0
PX001029,999,mandate_expired,wallet,saas,9,3,1,17,38,645,926.82,1.078,0.75,0.17647,12.09,0
PX001030,19999,expired_card,netbanking,education,2,0,0,43,36,683,17296.82,1.156,1.0,0.0,37.61,0
PX001031,2499,suspicious_reversal,upi,saas,10,0,2,41,14,639,2127.99,1.174,1.0,0.0,20.89,1
PX001032,499,mandate_expired,wallet,ecommerce,8,3,2,19,30,684,420.36,1.187,0.727,0.15789,35.24,1
PX001033,999,bank_timeout,wallet,ecommerce,8,2,3,25,58,49,979.32,1.02,0.8,0.08,20.63,1
PX001034,9999,mandate_expired,card,education,6,0,2,38,52,141,11508.69,0.869,1.0,0.0,30.75,1
PX001035,9999,insufficient_funds,upi,education,6,1,2,16,40,605,13310.68,0.751,0.857,0.0625,46.18,1
PX001036,19999,mandate_expired,netbanking,media,6,2,2,19,29,699,22082.15,0.906,0.75,0.10526,28.79,0
PX001037,9999,suspicious_reversal,wallet,ecommerce,6,2,3,46,28,24,11908.71,0.84,0.75,0.04348,10.49,0
PX001038,19999,mandate_expired,upi,education,11,1,1,11,22,53,20192.67,0.99,0.917,0.09091,30.33,1
PX001039,1999,bank_timeout,wallet,ecommerce,6,0,2,21,52,291,2645.37,0.756,1.0,0.0,35.8,1
PX001040,499,bank_timeout,card,education,7,4,3,43,38,113,569.67,0.876,0.636,0.09302,6.39,1
PX001041,4999,insufficient_funds,netbanking,media,9,0,1,50,59,211,5330.24,0.938,1.0,0.0,46.98,1
PX001042,999,insufficient_funds,netbanking,media,15,6,2,51,38,134,759.21,1.316,0.714,0.11765,34.57,0
PX001043,4999,suspicious_reversal,wallet,ecommerce,11,2,1,44,52,696,5546.8,0.901,0.846,0.04545,7.27,0
PX001044,9999,bank_timeout,netbanking,ecommerce,4,2,0,33,38,550,12639.87,0.791,0.667,0.06061,22.92,1
PX001045,1999,suspicious_reversal,upi,education,6,3,3,58,29,246,1275.95,1.567,0.667,0.05172,20.99,0
PX001046,1499,suspicious_reversal,netbanking,ecommerce,5,3,0,38,25,452,1567.59,0.956,0.625,0.07895,30.5,0
PX001047,2499,suspicious_reversal,upi,saas,6,3,2,21,8,36,2805.0,0.891,0.667,0.14286,32.46,1
PX001048,499,insufficient_funds,netbanking,media,8,2,0,59,45,698,389.06,1.283,0.8,0.0339,31.23,1
PX001049,1999,bank_timeout,wallet,education,11,3,2,27,27,569,2238.83,0.893,0.786,0.11111,27.79,1
PX001050,999,mandate_expired,card,subscription,10,2,1,39,4,429,1229.16,0.813,0.833,0.05128,3.87,1
PX001051,2499,suspicious_reversal,netbanking,ecommerce,5,3,1,2,16,624,2157.38,1.158,0.625,1.5,16.99,0
PX001052,19999,expired_card,netbanking,ecommerce,8,2,2,58,60,79,17791.62,1.124,0.8,0.03448,29.3,0
PX001053,19999,bank_timeout,netbanking,subscription,6,5,2,1,53,16,19229.55,1.04,0.545,5.0,30.11,1
PX001054,2499,expired_card,netbanking,saas,5,3,2,4,21,524,2769.23,0.902,0.625,0.75,32.81,0
PX001055,499,suspicious_reversal,card,saas,7,1,0,51,52,212,346.47,1.44,0.875,0.01961,17.32,1
PX001056,9999,suspicious_reversal,card,ecommerce,8,2,0,23,13,273,6507.07,1.537,0.8,0.08696,20.29,1
PX001057,19999,suspicious_reversal,card,ecommerce,7,3,3,45,2,164,12096.28,1.653,0.7,0.06667,3.08,0
PX001058,9999,mandate_expired,wallet,ecommerce,3,3,3,56,13,349,9195.94,1.087,0.5,0.05357,41.42,0
PX001059,9999,expired_card,upi,media,6,3,1,11,36,412,9081.6,1.101,0.667,0.27273,32.81,0
PX001060,499,expired_card,upi,saas,12,3,3,42,43,483,532.09,0.938,0.8,0.07143,25.6,0
PX001061,2499,mandate_expired,upi,subscription,14,7,2,47,48,283,3236.85,0.772,0.667,0.14894,42.25,0
PX001062,1999,expired_card,card,education,8,4,2,7,49,461,2361.68,0.846,0.667,0.57143,3.02,1
PX001063,499,mandate_expired,wallet,subscription,5,0,2,46,29,325,378.73,1.318,1.0,0.0,44.82,0
PX001064,999,bank_timeout,card,ecommerce,9,2,0,20,12,135,688.47,1.451,0.818,0.1,40.24,1
PX001065,499,mandate_expired,netbanking,education,10,0,0,16,32,219,669.67,0.745,1.0,0.0,48.0,1
PX001066,1499,suspicious_reversal,netbanking,education,8,1,2,23,32,684,1401.35,1.07,0.889,0.04348,42.73,0
PX001067,499,mandate_expired,upi,subscription,10,1,1,16,22,80,550.42,0.907,0.909,0.0625,24.6,1
PX001068,19999,mandate_expired,netbanking,subscription,11,1,0,4,54,67,14937.53,1.339,0.917,0.25,46.59,1
PX001069,4999,suspicious_reversal,wallet,subscription,6,3,0,14,6,336,5699.47,0.877,0.667,0.21429,14.43,0
PX001070,499,expired_card,upi,saas,8,2,0,50,21,104,547.9,0.911,0.8,0.04,45.27,0
PX001071,4999,bank_timeout,upi,media,5,3,3,41,18,287,3055.47,1.636,0.625,0.07317,5.58,1
PX001072,999,suspicious_reversal,netbanking,ecommerce,14,4,0,31,55,630,1208.42,0.827,0.778,0.12903,18.43,1
PX001073,999,suspicious_reversal,netbanking,education,7,2,2,22,23,116,1153.71,0.866,0.778,0.09091,43.79,0
PX001074,499,expired_card,netbanking,media,9,5,3,58,2,478,496.96,1.004,0.643,0.08621,32.59,0
PX001075,4999,insufficient_funds,netbanking,subscription,11,3,2,16,46,709,3302.66,1.514,0.786,0.1875,6.06,0
PX001076,2499,expired_card,netbanking,education,5,3,0,10,35,702,3428.18,0.729,0.625,0.3,33.04,0
PX001077,9999,bank_timeout,netbanking,saas,4,3,0,24,41,236,9579.83,1.044,0.571,0.125,21.61,1
PX001078,4999,mandate_expired,wallet,saas,5,3,2,60,60,71,5061.12,0.988,0.625,0.05,24.84,0
PX001079,19999,bank_timeout,card,education,10,4,1,29,47,576,17736.85,1.128,0.714,0.13793,1.79,1
PX001080,1999,expired_card,wallet,subscription,5,1,3,36,59,32,1252.16,1.596,0.833,0.02778,20.99,0
PX001081,499,mandate_expired,card,media,8,3,3,16,52,49,676.69,0.737,0.727,0.1875,30.13,0
PX001082,999,insufficient_funds,upi,ecommerce,11,0,3,59,44,545,1357.24,0.736,1.0,0.0,16.63,1
PX001083,1499,insufficient_funds,upi,media,5,5,1,49,31,554,1534.43,0.977,0.5,0.10204,1.59,1
PX001084,1499,insufficient_funds,netbanking,media,8,1,0,56,55,619,2087.91,0.718,0.889,0.01786,46.32,1
PX001085,1999,insufficient_funds,netbanking,education,2,4,3,19,53,432,2398.32,0.833,0.333,0.21053,24.99,0
PX001086,4999,bank_timeout,wallet,ecommerce,11,6,0,51,22,482,3457.9,1.446,0.647,0.11765,45.27,1
PX001087,2499,suspicious_reversal,netbanking,saas,7,1,0,14,21,20,2578.05,0.969,0.875,0.07143,31.35,0
PX001088,9999,insufficient_funds,netbanking,media,13,1,1,60,10,117,7521.16,1.329,0.929,0.01667,33.5,0
PX001089,19999,mandate_expired,netbanking,media,7,0,1,54,9,183,26510.76,0.754,1.0,0.0,6.21,0
PX001090,2499,suspicious_reversal,upi,subscription,9,3,0,60,41,343,2737.4,0.913,0.75,0.05,24.72,1
PX001091,1999,insufficient_funds,upi,media,8,2,2,60,58,679,2394.84,0.835,0.8,0.03333,10.05,0
PX001092,19999,expired_card,upi,media,5,6,2,8,15,518,21622.52,0.925,0.455,0.75,23.55,0
PX001093,9999,expired_card,wallet,media,6,5,2,6,40,169,11259.8,0.888,0.545,0.83333,19.77,0
PX001094,2499,expired_card,wallet,education,8,1,2,4,56,234,3074.23,0.813,0.889,0.25,5.97,1
PX001095,1999,bank_timeout,netbanking,ecommerce,4,1,2,14,3,409,1840.13,1.086,0.8,0.07143,43.1,0
PX001096,1499,expired_card,wallet,ecommerce,7,3,3,3,59,625,1489.77,1.006,0.7,1.0,29.89,0
PX001097,19999,expired_card,wallet,education,4,1,0,49,38,632,15850.32,1.262,0.8,0.02041,33.16,1
PX001098,9999,expired_card,upi,saas,6,1,3,35,31,277,11038.91,0.906,0.857,0.02857,43.58,0
PX001099,499,mandate_expired,wallet,saas,12,6,1,4,53,719,665.19,0.75,0.667,1.5,45.89,1
PX001100,19999,insufficient_funds,netbanking,media,7,3,2,18,18,48,27151.16,0.737,0.7,0.16667,20.29,1
PX001101,9999,insufficient_funds,netbanking,media,12,1,1,13,52,644,7157.14,1.397,0.923,0.07692,39.04,1
PX001102,999,expired_card,wallet,media,13,4,0,27,17,622,858.36,1.164,0.765,0.14815,14.31,0
PX001103,999,suspicious_reversal,netbanking,subscription,12,2,2,27,33,397,929.59,1.075,0.857,0.07407,42.11,1
PX001104,1499,expired_card,card,education,8,2,2,44,4,69,2015.3,0.744,0.8,0.04545,21.84,0
PX001105,19999,mandate_expired,wallet,ecommerce,3,2,0,52,24,599,13225.35,1.512,0.6,0.03846,7.3,0
PX001106,2499,bank_timeout,card,education,13,2,0,58,17,334,3286.81,0.76,0.867,0.03448,31.64,1
PX001107,19999,mandate_expired,card,subscription,6,0,2,36,14,252,21984.06,0.91,1.0,0.0,26.9,1
PX001108,9999,mandate_expired,card,ecommerce,4,5,0,3,22,600,9444.76,1.059,0.444,1.66667,15.75,0
PX001109,9999,expired_card,wallet,saas,9,0,3,22,43,446,6073.96,1.646,1.0,0.0,24.97,0
PX001110,999,suspicious_reversal,upi,ecommerce,8,0,3,9,3,311,787.55,1.268,1.0,0.0,40.63,0
PX001111,999,mandate_expired,netbanking,saas,7,2,1,47,41,75,1030.89,0.969,0.778,0.04255,16.27,0
PX001112,2499,suspicious_reversal,upi,saas,11,0,1,48,58,396,3361.76,0.743,1.0,0.0,26.02,1
PX001113,4999,expired_card,card,education,4,2,1,48,31,557,4638.14,1.078,0.667,0.04167,3.74,1
PX001114,1999,bank_timeout,card,media,4,1,3,14,49,239,1853.3,1.079,0.8,0.07143,22.75,1
PX001115,9999,insufficient_funds,upi,saas,9,2,3,31,34,619,9229.47,1.083,0.818,0.06452,26.96,1
PX001116,4999,bank_timeout,card,media,5,3,1,57,56,207,4324.33,1.156,0.625,0.05263,45.59,0
PX001117,1499,insufficient_funds,wallet,ecommerce,8,1,0,44,32,397,1216.76,1.232,0.889,0.02273,26.31,0
PX001118,999,mandate_expired,upi,subscription,7,3,2,13,29,608,832.35,1.2,0.7,0.23077,46.07,1
PX001119,9999,suspicious_reversal,upi,media,11,4,0,23,51,543,6749.36,1.481,0.733,0.17391,46.98,0
PX001120,499,suspicious_reversal,upi,media,13,0,2,36,56,447,547.19,0.912,1.0,0.0,2.27,1
PX001121,1999,suspicious_reversal,card,education,6,2,1,26,35,723,2086.79,0.958,0.75,0.07692,26.48,0
PX001122,2499,bank_timeout,wallet,saas,9,3,1,11,58,227,3035.89,0.823,0.75,0.27273,8.27,1
PX001123,1499,insufficient_funds,netbanking,subscription,6,1,1,3,51,374,2060.6,0.727,0.857,0.33333,19.88,1
PX001124,19999,suspicious_reversal,upi,education,14,2,1,44,9,629,13751.41,1.454,0.875,0.04545,12.22,0
PX001125,1499,suspicious_reversal,upi,saas,5,3,0,37,47,571,1517.89,0.988,0.625,0.08108,6.71,1
PX001126,9999,expired_card,wallet,saas,10,2,3,53,1,73,9053.51,1.104,0.833,0.03774,31.2,0
PX001127,2499,insufficient_funds,wallet,education,7,2,2,44,10,424,1848.19,1.352,0.778,0.04545,44.4,1
PX001128,9999,mandate_expired,upi,media,8,3,2,22,44,461,12077.45,0.828,0.727,0.13636,42.28,0
PX001129,999,mandate_expired,upi,media,18,2,1,21,17,245,900.56,1.109,0.9,0.09524,3.19,1
PX001130,999,expired_card,upi,ecommerce,3,3,2,7,60,513,1374.3,0.727,0.5,0.42857,6.71,1
PX001131,499,expired_card,card,subscription,6,4,0,53,51,416,459.59,1.086,0.6,0.07547,36.89,1
PX001132,9999,expired_card,wallet,ecommerce,8,2,1,52,58,394,9327.99,1.072,0.8,0.03846,19.37,1
PX001133,2499,mandate_expired,card,saas,13,1,1,12,19,395,1873.47,1.334,0.929,0.08333,22.05,1
PX001134,4999,bank_timeout,card,saas,8,2,2,7,33,96,6121.84,0.817,0.8,0.28571,29.09,1
PX001135,999,bank_timeout,card,subscription,10,4,3,51,6,112,820.64,1.217,0.714,0.07843,6.4,1
PX001136,1499,expired_card,netbanking,media,9,2,3,9,8,234,1941.4,0.772,0.818,0.22222,38.75,1
PX001137,2499,bank_timeout,card,saas,11,4,0,14,28,428,2342.56,1.067,0.733,0.28571,8.15,1
PX001138,4999,mandate_expired,card,saas,11,1,0,28,26,369,6588.94,0.759,0.917,0.03571,20.03,1
PX001139,4999,suspicious_reversal,card,ecommerce,8,2,2,7,45,34,6792.88,0.736,0.8,0.28571,20.76,0
PX001140,19999,bank_timeout,netbanking,education,13,2,0,57,25,183,13189.71,1.516,0.867,0.03509,37.17,1
PX001141,4999,insufficient_funds,netbanking,ecommerce,8,3,0,27,40,385,6101.2,0.819,0.727,0.11111,38.68,0
PX001142,9999,insufficient_funds,netbanking,saas,11,3,1,14,41,544,6928.21,1.443,0.786,0.21429,24.16,1
PX001143,4999,insufficient_funds,card,education,9,1,0,25,58,109,3774.55,1.324,0.9,0.04,3.4,1
PX001144,4999,expired_card,upi,saas,10,5,2,8,34,167,4085.16,1.224,0.667,0.625,43.5,0
PX001145,1499,bank_timeout,netbanking,saas,11,3,0,48,7,683,1321.71,1.134,0.786,0.0625,38.02,1
PX001146,1999,suspicious_reversal,netbanking,education,11,1,3,49,6,359,1267.4,1.577,0.917,0.02041,46.7,0
PX001147,499,insufficient_funds,netbanking,media,8,2,0,39,2,468,481.04,1.037,0.8,0.05128,43.03,1
PX001148,4999,bank_timeout,card,saas,8,1,3,31,5,499,4568.83,1.094,0.889,0.03226,26.02,0
PX001149,1999,insufficient_funds,upi,subscription,3,3,2,32,59,142,2520.73,0.793,0.5,0.09375,47.09,1
PX001150,999,insufficient_funds,upi,education,7,1,3,15,35,693,781.58,1.278,0.875,0.06667,1.32,1
PX001151,499,insufficient_funds,wallet,education,6,2,3,5,53,19,389.89,1.28,0.75,0.4,23.31,1
PX001152,2499,suspicious_reversal,card,education,2,1,0,5,47,44,1735.63,1.44,0.667,0.2,32.3,1
PX001153,4999,suspicious_reversal,netbanking,ecommerce,7,4,3,53,33,325,4909.47,1.018,0.636,0.07547,30.57,0
PX001154,19999,insufficient_funds,card,saas,4,0,0,56,7,699,22256.55,0.899,1.0,0.0,9.28,1
PX001155,9999,insufficient_funds,upi,education,12,1,2,51,26,58,8673.78,1.153,0.923,0.01961,12.4,0
PX001156,999,suspicious_reversal,card,media,10,1,3,45,7,347,1307.34,0.764,0.909,0.02222,42.22,0
PX001157,4999,insufficient_funds,netbanking,saas,12,2,0,7,42,146,6212.62,0.805,0.857,0.28571,31.48,0
PX001158,4999,suspicious_reversal,netbanking,saas,10,2,3,48,54,576,4927.25,1.015,0.833,0.04167,35.23,1
PX001159,19999,insufficient_funds,upi,education,10,0,1,18,28,446,24708.69,0.809,1.0,0.0,43.84,1
PX001160,999,mandate_expired,upi,subscription,6,4,0,49,52,12,1027.16,0.973,0.6,0.08163,34.98,0
PX001161,9999,suspicious_reversal,card,ecommerce,3,1,0,41,6,106,10682.0,0.936,0.75,0.02439,6.51,0
PX001162,499,insufficient_funds,upi,ecommerce,8,0,1,49,8,101,369.89,1.349,1.0,0.0,28.31,0
PX001163,999,mandate_expired,wallet,education,5,2,0,1,39,55,599.74,1.666,0.714,2.0,43.51,0
PX001164,1499,bank_timeout,card,subscription,9,3,0,48,47,98,1694.97,0.884,0.75,0.0625,37.51,1
PX001165,499,insufficient_funds,netbanking,ecommerce,4,1,3,44,27,18,668.35,0.747,0.8,0.02273,36.48,1
PX001166,499,suspicious_reversal,upi,education,7,1,2,49,57,187,337.55,1.478,0.875,0.02041,16.21,0
PX001167,1999,expired_card,card,saas,8,6,0,16,45,365,1846.03,1.083,0.571,0.375,8.36,1
PX001168,4999,insufficient_funds,card,subscription,10,2,0,3,35,639,3439.34,1.453,0.833,0.66667,34.75,1
PX001169,4999,insufficient_funds,upi,ecommerce,7,2,2,5,7,707,6754.29,0.74,0.778,0.4,31.47,0
PX001170,1999,suspicious_reversal,card,education,10,6,2,20,29,404,2062.46,0.969,0.625,0.3,26.33,0
PX001171,1499,insufficient_funds,upi,ecommerce,6,5,2,33,36,249,1961.62,0.764,0.545,0.15152,41.93,1
PX001172,4999,expired_card,wallet,ecommerce,9,2,3,8,5,347,4124.1,1.212,0.818,0.25,13.65,0
PX001173,999,mandate_expired,upi,media,8,1,2,50,31,202,1298.63,0.769,0.889,0.02,26.75,1
PX001174,499,expired_card,wallet,subscription,13,4,3,45,44,636,365.86,1.364,0.765,0.08889,2.4,1
PX001175,4999,expired_card,upi,saas,14,0,0,3,52,303,3170.04,1.577,1.0,0.0,42.33,0
PX001176,1499,suspicious_reversal,netbanking,saas,7,1,0,52,3,72,1199.64,1.25,0.875,0.01923,1.2,0
PX001177,19999,expired_card,netbanking,education,6,1,0,17,41,295,14514.76,1.378,0.857,0.05882,33.95,0
PX001178,9999,expired_card,netbanking,saas,10,2,2,47,32,442,13904.06,0.719,0.833,0.04255,36.82,0
PX001179,9999,expired_card,wallet,education,8,4,2,48,42,358,7879.9,1.269,0.667,0.08333,30.37,0
PX001180,1999,insufficient_funds,wallet,ecommerce,8,2,1,46,46,12,2487.0,0.804,0.8,0.04348,21.36,0
PX001181,499,insufficient_funds,card,education,8,4,2,47,9,24,423.91,1.177,0.667,0.08511,30.3,0
PX001182,9999,insufficient_funds,upi,media,6,2,1,30,56,275,7096.97,1.409,0.75,0.06667,17.25,0
PX001183,999,expired_card,card,saas,3,3,1,32,28,606,1034.98,0.965,0.5,0.09375,17.6,0
PX001184,999,bank_timeout,upi,saas,4,5,1,38,35,185,1048.03,0.953,0.444,0.13158,10.27,0
PX001185,4999,mandate_expired,netbanking,ecommerce,8,2,2,9,48,10,4011.91,1.246,0.8,0.22222,0.68,0
PX001186,999,mandate_expired,upi,saas,7,3,0,25,17,327,1364.15,0.732,0.7,0.12,24.4,0
PX001187,19999,expired_card,upi,ecommerce,8,3,1,33,27,591,18957.91,1.055,0.727,0.09091,3.14,0
PX001188,4999,mandate_expired,upi,media,7,2,2,41,48,494,4693.78,1.065,0.778,0.04878,23.39,1
PX001189,9999,mandate_expired,netbanking,media,8,2,1,12,25,666,8523.37,1.173,0.8,0.16667,19.21,1
PX001190,999,expired_card,netbanking,education,7,3,0,28,42,195,985.22,1.014,0.7,0.10714,18.62,0
PX001191,1499,bank_timeout,upi,saas,9,3,1,1,35,201,1531.2,0.979,0.75,3.0,23.53,0
PX001192,1499,expired_card,wallet,media,9,3,2,25,17,548,1984.8,0.755,0.75,0.12,39.33,0
PX001193,1999,insufficient_funds,netbanking,education,7,2,0,37,3,123,2276.98,0.878,0.778,0.05405,9.4,1
PX001194,999,suspicious_reversal,netbanking,subscription,9,1,2,59,28,536,772.18,1.294,0.9,0.01695,19.62,0
PX001195,9999,expired_card,wallet,ecommerce,13,3,0,40,8,329,13701.19,0.73,0.812,0.075,17.23,0
PX001196,4999,mandate_expired,upi,subscription,5,3,0,1,23,388,3956.18,1.264,0.625,3.0,42.26,0
PX001197,2499,expired_card,upi,education,11,6,2,23,34,334,2936.26,0.851,0.647,0.26087,30.65,0
PX001198,1499,expired_card,upi,media,11,1,2,32,44,146,977.12,1.534,0.917,0.03125,39.12,1
PX001199,1999,mandate_expired,netbanking,subscription,6,1,2,14,53,121,2482.73,0.805,0.857,0.07143,21.86,0
PX001200,19999,mandate_expired,card,ecommerce,7,2,3,11,53,682,15539.93,1.287,0.778,0.18182,37.88,0
PX001201,2499,mandate_expired,upi,ecommerce,7,2,1,5,55,502,1589.31,1.572,0.778,0.4,0.57,1
PX001202,4999,insufficient_funds,card,saas,14,2,1,25,28,118,4424.26,1.13,0.875,0.08,26.39,1
PX001203,1499,mandate_expired,netbanking,subscription,6,1,2,6,58,17,1997.7,0.75,0.857,0.16667,32.57,0
PX001204,19999,expired_card,upi,media,6,1,2,48,9,288,12081.56,1.655,0.857,0.02083,40.74,0
PX001205,499,expired_card,wallet,media,3,5,0,1,51,602,587.9,0.849,0.375,5.0,8.11,0
PX001206,1999,bank_timeout,netbanking,education,11,2,3,10,10,398,1363.13,1.466,0.846,0.2,46.31,1
PX001207,2499,bank_timeout,upi,saas,10,5,1,28,31,94,3182.99,0.785,0.667,0.17857,19.05,1
PX001208,1999,suspicious_reversal,wallet,education,6,2,2,10,20,719,2558.06,0.781,0.75,0.2,45.99,0
PX001209,1999,insufficient_funds,wallet,saas,4,3,2,45,36,297,1294.38,1.544,0.571,0.06667,19.25,1
PX001210,19999,suspicious_reversal,wallet,media,8,0,1,6,49,60,12914.41,1.549,1.0,0.0,16.35,0
PX001211,499,expired_card,wallet,ecommerce,7,0,0,44,1,520,395.62,1.261,1.0,0.0,15.77,1
PX001212,4999,insufficient_funds,wallet,ecommerce,9,3,2,50,15,89,4532.07,1.103,0.75,0.06,36.61,0
PX001213,4999,mandate_expired,netbanking,ecommerce,8,1,2,25,9,463,4200.62,1.19,0.889,0.04,13.46,1
PX001214,1999,expired_card,netbanking,subscription,9,2,0,20,28,627,2316.08,0.863,0.818,0.1,14.07,1
PX001215,4999,expired_card,netbanking,saas,7,2,2,28,43,492,3596.19,1.39,0.778,0.07143,25.74,0
PX001216,499,mandate_expired,card,saas,13,2,2,3,1,172,403.25,1.237,0.867,0.66667,14.62,0
PX001217,4999,bank_timeout,upi,subscription,13,5,3,58,32,18,5475.65,0.913,0.722,0.08621,5.83,0
PX001218,999,insufficient_funds,card,media,8,3,2,52,57,585,1205.79,0.828,0.727,0.05769,25.43,1
PX001219,1499,suspicious_reversal,upi,education,8,1,2,5,49,260,1709.06,0.877,0.889,0.2,38.17,0
PX001220,1499,bank_timeout,card,education,8,4,3,8,16,525,1148.66,1.305,0.667,0.5,28.12,0
PX001221,2499,mandate_expired,wallet,ecommerce,5,2,2,60,11,82,1807.63,1.382,0.714,0.03333,42.12,1
PX001222,9999,suspicious_reversal,card,education,8,2,2,54,27,97,13684.89,0.731,0.8,0.03704,3.86,0
PX001223,499,expired_card,card,subscription,3,3,1,18,51,699,612.92,0.814,0.5,0.16667,44.33,0
PX001224,2499,suspicious_reversal,netbanking,media,6,3,1,19,60,513,2795.84,0.894,0.667,0.15789,39.92,0
PX001225,4999,bank_timeout,card,media,6,1,1,17,55,393,4750.1,1.052,0.857,0.05882,29.96,1
PX001226,4999,insufficient_funds,netbanking,ecommerce,7,4,3,47,10,125,3181.89,1.571,0.636,0.08511,26.18,1
PX001227,1499,expired_card,upi,subscription,5,0,0,27,40,74,1829.55,0.819,1.0,0.0,3.92,0
PX001228,999,mandate_expired,netbanking,education,6,2,3,22,28,222,936.45,1.067,0.75,0.09091,30.13,0
PX001229,19999,expired_card,upi,subscription,6,3,3,44,28,275,25384.13,0.788,0.667,0.06818,22.46,0
PX001230,1499,expired_card,netbanking,saas,6,1,0,51,11,70,1957.24,0.766,0.857,0.01961,46.67,1
PX001231,9999,mandate_expired,netbanking,saas,8,0,1,15,59,234,9469.47,1.056,1.0,0.0,33.05,1
PX001232,2499,mandate_expired,upi,subscription,11,0,2,22,29,18,2369.1,1.055,1.0,0.0,28.88,0
PX001233,999,mandate_expired,netbanking,ecommerce,13,0,3,53,36,533,1365.14,0.732,1.0,0.0,14.39,0
PX001234,999,suspicious_reversal,card,media,8,3,0,4,28,232,833.4,1.199,0.727,0.75,39.41,0
PX001235,499,bank_timeout,netbanking,media,1,1,1,11,28,720,636.47,0.784,0.5,0.09091,36.79,1
PX001236,9999,bank_timeout,netbanking,media,4,1,1,28,8,2,10522.49,0.95,0.8,0.03571,9.89,1
PX001237,19999,insufficient_funds,upi,saas,7,4,2,18,26,436,14099.24,1.418,0.636,0.22222,20.27,1
PX001238,4999,expired_card,wallet,education,11,2,1,54,17,10,3319.53,1.506,0.846,0.03704,15.96,1
PX001239,999,mandate_expired,card,education,8,2,0,30,37,294,802.53,1.245,0.8,0.06667,46.95,1
PX001240,999,insufficient_funds,netbanking,subscription,12,0,2,33,1,483,1162.19,0.86,1.0,0.0,29.37,1
PX001241,2499,insufficient_funds,wallet,subscription,9,2,2,14,36,702,2161.57,1.156,0.818,0.14286,44.48,1
PX001242,2499,mandate_expired,card,education,9,2,1,47,43,153,1829.02,1.366,0.818,0.04255,40.83,0
PX001243,1499,expired_card,card,ecommerce,7,3,2,58,24,147,1616.38,0.927,0.7,0.05172,3.52,0
PX001244,19999,bank_timeout,wallet,ecommerce,8,3,0,32,16,488,17314.92,1.155,0.727,0.09375,4.42,1
PX001245,499,expired_card,wallet,media,8,2,2,17,48,176,630.09,0.792,0.8,0.11765,19.5,1
PX001246,499,mandate_expired,card,media,4,0,0,9,43,468,377.81,1.321,1.0,0.0,18.45,0
PX001247,499,bank_timeout,card,ecommerce,8,1,0,21,45,476,517.89,0.964,0.889,0.04762,27.09,1
PX001248,2499,insufficient_funds,card,education,6,0,3,58,4,96,3093.67,0.808,1.0,0.0,1.16,1
PX001249,1999,mandate_expired,upi,subscription,7,4,3,3,6,124,1879.94,1.063,0.636,1.33333,11.98,1
PX001250,4999,mandate_expired,upi,saas,3,4,1,36,47,206,3146.22,1.589,0.429,0.11111,21.28,1
PX001251,19999,bank_timeout,wallet,saas,4,3,2,24,6,626,22010.05,0.909,0.571,0.125,47.22,0
PX001252,9999,expired_card,netbanking,subscription,13,0,3,27,38,588,9621.81,1.039,1.0,0.0,29.54,1
PX001253,499,expired_card,netbanking,subscription,9,0,2,12,8,163,654.16,0.763,1.0,0.0,44.43,1
PX001254,9999,expired_card,upi,media,11,0,2,49,22,369,9355.08,1.069,1.0,0.0,17.75,0
PX001255,1999,expired_card,upi,media,14,1,1,7,13,151,2397.34,0.834,0.933,0.14286,1.73,0
PX001256,9999,bank_timeout,card,subscription,9,4,0,35,13,464,7889.86,1.267,0.692,0.11429,44.87,1
PX001257,1999,expired_card,upi,saas,7,3,3,49,14,165,2183.82,0.915,0.7,0.06122,36.2,0
PX001258,499,expired_card,card,media,9,1,3,19,37,100,632.6,0.789,0.9,0.05263,13.92,0
PX001259,1999,suspicious_reversal,upi,ecommerce,10,1,3,25,2,252,2158.8,0.926,0.909,0.04,20.71,0
PX001260,499,mandate_expired,card,ecommerce,7,1,1,42,25,137,690.1,0.723,0.875,0.02381,3.44,0
PX001261,999,bank_timeout,upi,ecommerce,7,0,2,28,17,671,612.95,1.63,1.0,0.0,34.95,1
PX001262,999,insufficient_funds,card,education,5,1,3,46,51,52,1113.05,0.898,0.833,0.02174,33.2,1
PX001263,9999,mandate_expired,wallet,saas,8,1,1,53,45,498,10159.37,0.984,0.889,0.01887,14.77,0
PX001264,4999,suspicious_reversal,wallet,ecommerce,10,0,0,21,54,12,6282.21,0.796,1.0,0.0,6.07,1
PX001265,9999,expired_card,netbanking,subscription,8,1,2,14,15,150,13104.19,0.763,0.889,0.07143,1.45,0
PX001266,2499,bank_timeout,upi,media,10,2,0,40,25,250,1609.71,1.552,0.833,0.05,46.47,1
PX001267,2499,insufficient_funds,netbanking,subscription,7,1,3,58,53,528,1907.04,1.31,0.875,0.01724,25.7,1
PX001268,999,insufficient_funds,wallet,saas,6,4,2,7,2,692,1119.03,0.893,0.6,0.57143,44.63,1
PX001269,1499,expired_card,upi,ecommerce,7,3,2,2,1,696,1467.64,1.021,0.7,1.5,37.85,1
PX001270,9999,insufficient_funds,netbanking,saas,7,1,2,44,34,586,12709.09,0.787,0.875,0.02273,32.49,1
PX001271,999,insufficient_funds,netbanking,saas,4,2,2,36,8,674,1136.44,0.879,0.667,0.05556,12.59,0
PX001272,2499,bank_timeout,wallet,ecommerce,10,2,0,52,25,152,1565.04,1.597,0.833,0.03846,35.72,1
PX001273,1499,expired_card,card,saas,9,5,1,13,12,224,1843.32,0.813,0.643,0.38462,9.36,1
PX001274,1999,mandate_expired,card,ecommerce,6,4,0,45,14,487,1326.87,1.507,0.6,0.08889,16.87,1
PX001275,999,bank_timeout,card,ecommerce,13,2,1,10,58,230,1171.72,0.853,0.867,0.2,7.72,1
PX001276,2499,mandate_expired,card,saas,9,1,2,56,4,714,1811.16,1.38,0.9,0.01786,20.97,0
PX001277,4999,suspicious_reversal,card,subscription,10,3,1,28,52,85,3610.58,1.385,0.769,0.10714,34.05,0
PX001278,1499,expired_card,upi,subscription,5,1,1,25,44,377,995.61,1.506,0.833,0.04,26.9,0
PX001279,999,expired_card,card,ecommerce,4,0,0,3,56,721,963.64,1.037,1.0,0.0,25.85,1
PX001280,4999,bank_timeout,netbanking,education,6,1,1,51,15,641,5546.45,0.901,0.857,0.01961,18.82,1
PX001281,2499,expired_card,netbanking,education,12,3,2,24,41,102,1636.4,1.527,0.8,0.125,43.56,0
PX001282,1499,bank_timeout,upi,education,6,6,2,11,60,531,1913.36,0.783,0.5,0.54545,39.6,1
PX001283,2499,suspicious_reversal,wallet,education,4,1,3,55,5,329,2898.77,0.862,0.8,0.01818,7.52,0
PX001284,19999,mandate_expired,netbanking,saas,11,3,3,37,40,71,19340.63,1.034,0.786,0.08108,18.68,0
PX001285,499,expired_card,upi,ecommerce,10,5,2,50,30,235,687.88,0.725,0.667,0.1,31.93,0
PX001286,1999,suspicious_reversal,upi,subscription,13,1,0,28,8,227,2376.89,0.841,0.929,0.03571,13.24,0
PX001287,499,mandate_expired,netbanking,saas,7,2,3,50,5,89,340.33,1.466,0.778,0.04,46.92,0
PX001288,2499,mandate_expired,card,ecommerce,9,2,2,6,16,274,2114.69,1.182,0.818,0.33333,14.65,0
PX001289,4999,expired_card,netbanking,subscription,6,2,2,34,40,658,6186.21,0.808,0.75,0.05882,32.44,0
PX001290,2499,expired_card,wallet,saas,6,2,2,10,52,124,3011.49,0.83,0.75,0.2,3.67,1
PX001291,19999,suspicious_reversal,netbanking,saas,8,0,2,35,10,329,21789.85,0.918,1.0,0.0,1.78,0
PX001292,19999,suspicious_reversal,netbanking,saas,9,3,2,44,1,402,27657.94,0.723,0.75,0.06818,47.72,0
PX001293,1999,bank_timeout,card,saas,9,1,3,25,19,338,2003.84,0.998,0.9,0.04,7.11,0
PX001294,1499,suspicious_reversal,wallet,education,5,5,3,33,6,565,1184.99,1.265,0.5,0.15152,42.51,0
PX001295,999,expired_card,wallet,ecommerce,6,2,3,15,6,607,1313.69,0.76,0.75,0.13333,2.42,0
PX001296,1999,mandate_expired,wallet,saas,12,1,1,24,57,175,1506.27,1.327,0.923,0.04167,41.39,0
PX001297,999,insufficient_funds,card,media,6,2,2,7,38,597,1033.9,0.966,0.75,0.28571,10.53,0
PX001298,19999,bank_timeout,netbanking,saas,4,1,2,7,29,643,15212.8,1.315,0.8,0.14286,14.92,1
PX001299,999,bank_timeout,wallet,media,6,0,1,57,7,105,643.11,1.553,1.0,0.0,2.66,0
PX001300,19999,bank_timeout,card,subscription,10,5,0,59,19,458,15668.79,1.276,0.667,0.08475,29.39,1
PX001301,19999,bank_timeout,netbanking,ecommerce,3,2,3,16,19,91,26503.42,0.755,0.6,0.125,11.43,0
PX001302,2499,insufficient_funds,upi,education,6,1,3,56,26,312,1880.57,1.329,0.857,0.01786,13.46,1
PX001303,499,suspicious_reversal,wallet,ecommerce,5,2,3,29,42,192,512.12,0.974,0.714,0.06897,27.65,0
PX001304,1499,mandate_expired,upi,education,6,4,3,14,33,473,1212.32,1.236,0.6,0.28571,39.88,0
PX001305,2499,insufficient_funds,card,education,7,2,1,28,19,664,1939.75,1.288,0.778,0.07143,18.47,0
PX001306,19999,expired_card,card,media,6,4,2,2,59,683,20870.84,0.958,0.6,2.0,36.05,0
PX001307,1499,bank_timeout,wallet,subscription,6,2,0,37,12,229,1575.52,0.951,0.75,0.05405,31.74,1
PX001308,2499,insufficient_funds,upi,subscription,2,0,0,53,24,555,1517.03,1.647,1.0,0.0,27.73,1
PX001309,999,bank_timeout,wallet,media,11,0,1,22,58,61,649.97,1.537,1.0,0.0,22.79,0
PX001310,4999,bank_timeout,card,ecommerce,8,1,3,41,28,372,5873.75,0.851,0.889,0.02439,35.03,1
PX001311,1499,suspicious_reversal,card,media,9,3,2,31,49,730,1507.15,0.995,0.75,0.09677,31.06,0
PX001312,1999,bank_timeout,card,subscription,5,2,1,39,6,697,2783.33,0.718,0.714,0.05128,40.08,1
PX001313,1499,mandate_expired,upi,saas,7,0,0,38,19,515,1042.85,1.437,1.0,0.0,10.33,0
PX001314,4999,suspicious_reversal,netbanking,saas,9,2,2,42,54,353,6439.12,0.776,0.818,0.04762,10.41,1
PX001315,1499,bank_timeout,netbanking,ecommerce,8,2,0,1,49,687,1236.59,1.212,0.8,2.0,39.07,1
PX001316,2499,bank_timeout,netbanking,media,6,2,2,20,24,102,2571.44,0.972,0.75,0.1,16.71,1
PX001317,999,insufficient_funds,netbanking,subscription,8,2,3,31,27,4,953.0,1.048,0.8,0.06452,9.8,0
PX001318,1999,expired_card,netbanking,education,7,4,3,46,21,235,2063.8,0.969,0.636,0.08696,32.66,0
PX001319,19999,insufficient_funds,wallet,ecommerce,9,3,1,56,59,227,21243.88,0.941,0.75,0.05357,41.55,1
PX001320,999,expired_card,netbanking,education,11,1,2,29,17,211,1148.55,0.87,0.917,0.03448,6.92,1
PX001321,4999,bank_timeout,upi,subscription,11,3,1,36,46,384,3090.97,1.617,0.786,0.08333,16.16,1
PX001322,499,mandate_expired,card,ecommerce,7,0,1,2,20,126,624.33,0.799,1.0,0.0,39.16,0
PX001323,2499,insufficient_funds,netbanking,media,7,4,1,59,16,289,2137.13,1.169,0.636,0.0678,6.2,1
PX001324,499,expired_card,upi,education,8,2,1,55,13,365,521.65,0.957,0.8,0.03636,26.14,1
PX001325,4999,expired_card,netbanking,education,7,3,2,58,35,706,5696.5,0.878,0.7,0.05172,42.38,0
PX001326,999,insufficient_funds,upi,subscription,3,0,0,7,5,486,1349.59,0.74,1.0,0.0,19.88,1
PX001327,1999,suspicious_reversal,netbanking,education,14,0,0,26,38,426,2286.84,0.874,1.0,0.0,39.23,1
PX001328,2499,suspicious_reversal,wallet,education,7,3,3,3,5,100,3021.07,0.827,0.7,1.0,37.61,0
PX001329,1499,expired_card,upi,media,6,2,3,48,40,659,1724.87,0.869,0.75,0.04167,3.41,0
PX001330,4999,expired_card,netbanking,ecommerce,12,2,3,13,48,354,3230.42,1.547,0.857,0.15385,8.1,0
PX001331,19999,mandate_expired,netbanking,media,8,0,1,43,41,330,14799.49,1.351,1.0,0.0,20.95,1
PX001332,2499,expired_card,card,media,6,0,0,30,23,249,3444.47,0.726,1.0,0.0,22.95,1
PX001333,999,suspicious_reversal,upi,saas,9,0,3,29,9,317,1031.52,0.968,1.0,0.0,19.08,0
PX001334,9999,insufficient_funds,upi,saas,18,3,2,22,45,108,8043.4,1.243,0.857,0.13636,30.91,1
PX001335,999,bank_timeout,wallet,ecommerce,8,1,0,13,27,429,886.1,1.127,0.889,0.07692,26.36,1
PX001336,9999,suspicious_reversal,wallet,ecommerce,4,1,2,41,47,596,7182.31,1.392,0.8,0.02439,27.29,0
PX001337,9999,insufficient_funds,wallet,education,2,3,0,48,14,656,9897.18,1.01,0.4,0.0625,7.91,1
PX001338,999,suspicious_reversal,netbanking,subscription,5,1,2,2,13,131,1193.72,0.837,0.833,0.5,1.2,0
PX001339,1499,mandate_expired,card,education,3,0,0,6,18,712,1583.0,0.947,1.0,0.0,38.47,0
PX001340,4999,suspicious_reversal,card,saas,11,3,0,10,29,52,6014.08,0.831,0.786,0.3,25.58,0
PX001341,1499,bank_timeout,netbanking,subscription,6,2,3,33,13,234,1473.56,1.017,0.75,0.06061,41.59,1
PX001342,4999,expired_card,wallet,ecommerce,6,0,0,15,59,446,3223.51,1.551,1.0,0.0,18.42,0
PX001343,999,expired_card,card,education,4,2,0,1,27,218,810.68,1.232,0.667,2.0,11.72,0
PX001344,999,insufficient_funds,upi,subscription,10,2,3,53,6,394,720.28,1.387,0.833,0.03774,41.15,1
PX001345,9999,mandate_expired,wallet,saas,7,3,0,45,46,721,13901.21,0.719,0.7,0.06667,23.01,0
PX001346,9999,mandate_expired,upi,media,7,2,1,34,17,23,9330.02,1.072,0.778,0.05882,38.47,1
PX001347,2499,expired_card,netbanking,subscription,10,0,0,33,12,332,2690.88,0.929,1.0,0.0,31.88,1
PX001348,499,mandate_expired,netbanking,ecommerce,6,1,1,46,54,105,610.08,0.818,0.857,0.02174,31.92,0
PX001349,999,suspicious_reversal,card,saas,8,4,3,18,20,24,1068.0,0.935,0.667,0.22222,20.93,0
PX001350,19999,insufficient_funds,card,media,13,0,2,46,21,182,14117.78,1.417,1.0,0.0,47.19,1
PX001351,1499,bank_timeout,card,ecommerce,9,3,1,39,41,561,989.5,1.515,0.75,0.07692,12.85,1
PX001352,19999,expired_card,upi,media,7,1,3,8,45,73,13945.98,1.434,0.875,0.125,22.04,1
PX001353,499,expired_card,wallet,media,6,2,2,57,52,31,691.28,0.722,0.75,0.03509,30.79,1
PX001354,9999,insufficient_funds,card,ecommerce,9,3,1,53,49,669,12232.27,0.817,0.75,0.0566,0.86,1
PX001355,4999,suspicious_reversal,upi,education,8,4,3,23,55,712,5671.31,0.881,0.667,0.17391,42.26,0
PX001356,9999,mandate_expired,upi,ecommerce,5,3,0,25,27,561,6868.28,1.456,0.625,0.12,27.11,0
PX001357,1499,mandate_expired,card,education,9,2,2,32,60,385,1399.04,1.071,0.818,0.0625,17.12,0
PX001358,4999,expired_card,upi,media,11,0,3,31,58,23,4124.76,1.212,1.0,0.0,31.7,1
PX001359,19999,expired_card,card,education,11,2,2,37,22,576,24586.59,0.813,0.846,0.05405,21.49,1
PX001360,19999,suspicious_reversal,upi,media,11,1,2,29,47,403,13964.27,1.432,0.917,0.03448,35.52,0
PX001361,4999,mandate_expired,card,saas,8,0,1,34,4,193,6492.59,0.77,1.0,0.0,11.71,0
PX001362,19999,mandate_expired,wallet,education,5,1,1,8,2,321,19236.26,1.04,0.833,0.125,43.9,1
PX001363,2499,mandate_expired,card,education,8,1,0,15,14,326,3255.66,0.768,0.889,0.06667,37.18,1
PX001364,2499,insufficient_funds,card,media,7,4,1,58,17,202,2004.59,1.247,0.636,0.06897,10.27,1
PX001365,9999,bank_timeout,card,saas,16,2,0,42,11,47,9847.83,1.015,0.889,0.04762,9.62,1
PX001366,4999,suspicious_reversal,wallet,subscription,13,2,3,42,15,121,3020.12,1.655,0.867,0.04762,21.38,0
PX001367,2499,mandate_expired,card,saas,4,3,3,20,49,238,2164.54,1.155,0.571,0.15,45.79,1
PX001368,2499,insufficient_funds,upi,media,9,0,2,31,18,26,3043.29,0.821,1.0,0.0,10.52,0
PX001369,1499,mandate_expired,netbanking,saas,7,3,3,34,11,609,1338.05,1.12,0.7,0.08824,13.93,0
PX001370,4999,mandate_expired,netbanking,subscription,7,2,1,52,33,641,4272.55,1.17,0.778,0.03846,37.33,0
PX001371,19999,suspicious_reversal,card,ecommerce,4,1,1,53,12,281,14865.16,1.345,0.8,0.01887,29.38,0
PX001372,9999,insufficient_funds,card,education,11,2,0,19,41,10,9497.24,1.053,0.846,0.10526,8.69,0
PX001373,4999,suspicious_reversal,netbanking,education,7,0,0,28,32,14,4612.15,1.084,1.0,0.0,5.78,1
PX001374,999,expired_card,netbanking,media,8,1,1,30,44,84,1313.22,0.761,0.889,0.03333,32.7,0
PX001375,4999,suspicious_reversal,wallet,saas,13,2,1,8,3,453,3468.93,1.441,0.867,0.25,16.9,0
PX001376,1999,mandate_expired,netbanking,media,10,0,3,49,43,173,1883.18,1.062,1.0,0.0,31.66,0
PX001377,4999,expired_card,wallet,education,10,1,0,42,41,118,6908.92,0.724,0.909,0.02381,9.74,1
PX001378,499,suspicious_reversal,wallet,ecommerce,5,2,1,29,11,679,566.87,0.88,0.714,0.06897,32.92,0
PX001379,1499,insufficient_funds,netbanking,ecommerce,5,2,1,48,51,12,2095.03,0.716,0.714,0.04167,25.05,1
PX001380,4999,expired_card,card,saas,13,2,1,52,34,22,6271.59,0.797,0.867,0.03846,33.94,1
PX001381,1999,bank_timeout,wallet,saas,6,4,0,2,22,362,1262.93,1.583,0.6,2.0,0.7,1
PX001382,499,bank_timeout,netbanking,saas,7,3,2,7,46,136,692.1,0.721,0.7,0.42857,15.32,1
PX001383,1999,bank_timeout,upi,education,12,4,3,39,23,459,2618.69,0.763,0.75,0.10256,21.74,1
PX001384,9999,insufficient_funds,upi,subscription,6,3,2,29,41,236,9384.38,1.065,0.667,0.10345,28.09,1
PX001385,9999,mandate_expired,upi,saas,3,4,0,40,25,497,13818.59,0.724,0.429,0.1,23.92,1
PX001386,4999,insufficient_funds,wallet,media,23,3,3,54,21,685,4607.34,1.085,0.885,0.05556,43.89,1
PX001387,999,bank_timeout,wallet,education,5,2,3,24,58,402,1100.23,0.908,0.714,0.08333,44.26,1
PX001388,4999,suspicious_reversal,upi,media,4,1,3,49,60,64,4454.06,1.122,0.8,0.02041,11.84,0
PX001389,19999,expired_card,netbanking,saas,6,2,3,47,53,385,20043.71,0.998,0.75,0.04255,9.09,0
PX001390,9999,expired_card,card,media,4,2,0,34,28,367,11240.06,0.89,0.667,0.05882,37.71,0
PX001391,19999,suspicious_reversal,netbanking,saas,4,3,2,3,25,357,15094.96,1.325,0.571,1.0,38.19,0
PX001392,1999,expired_card,upi,media,11,3,3,24,51,663,1471.03,1.359,0.786,0.125,41.49,1
PX001393,2499,suspicious_reversal,netbanking,saas,9,2,2,24,37,544,1522.95,1.641,0.818,0.08333,43.56,0
PX001394,499,mandate_expired,card,ecommerce,11,2,1,33,13,363,611.81,0.816,0.846,0.06061,41.36,0
PX001395,1499,suspicious_reversal,upi,ecommerce,6,1,1,10,44,27,1265.62,1.184,0.857,0.1,16.55,0
PX001396,999,mandate_expired,netbanking,education,6,2,0,8,44,651,1015.01,0.984,0.75,0.25,8.67,0
PX001397,19999,expired_card,wallet,saas,9,2,2,31,31,233,15700.66,1.274,0.818,0.06452,37.4,1
PX001398,2499,bank_timeout,wallet,saas,10,1,2,5,49,649,1869.65,1.337,0.909,0.2,11.26,0
PX001399,19999,suspicious_reversal,netbanking,ecommerce,11,2,0,21,21,230,27890.58,0.717,0.846,0.09524,9.23,0
PX001400,2499,mandate_expired,netbanking,media,9,1,0,21,10,432,2561.32,0.976,0.9,0.04762,42.92,0
PX001401,499,expired_card,wallet,ecommerce,8,3,2,43,30,245,399.76,1.248,0.727,0.06977,30.51,0
PX001402,9999,expired_card,upi,media,5,4,2,32,22,712,11969.95,0.835,0.556,0.125,9.85,0
PX001403,2499,mandate_expired,upi,education,3,3,1,27,18,124,2247.08,1.112,0.5,0.11111,17.59,0
PX001404,2499,mandate_expired,upi,media,10,2,1,33,59,482,1882.73,1.327,0.833,0.06061,19.54,0
PX001405,499,bank_timeout,upi,subscription,9,4,2,41,25,487,534.42,0.934,0.692,0.09756,13.12,0
PX001406,1999,mandate_expired,wallet,ecommerce,6,0,3,22,43,297,1845.03,1.083,1.0,0.0,34.93,0
PX001407,2499,expired_card,netbanking,subscription,9,0,1,8,2,729,3310.92,0.755,1.0,0.0,15.71,1
PX001408,4999,expired_card,card,ecommerce,7,0,0,53,15,137,4591.34,1.089,1.0,0.0,5.42,1
PX001409,1499,mandate_expired,wallet,ecommerce,11,0,0,18,47,59,1338.4,1.12,1.0,0.0,41.94,1
PX001410,1999,insufficient_funds,wallet,ecommerce,10,2,1,15,29,159,1575.32,1.269,0.833,0.13333,45.84,1
PX001411,9999,suspicious_reversal,wallet,media,12,3,1,1,10,83,8097.79,1.235,0.8,3.0,36.87,0
PX001412,9999,insufficient_funds,netbanking,media,9,1,3,46,20,610,9300.28,1.075,0.9,0.02174,23.96,1
PX001413,2499,bank_timeout,upi,subscription,12,4,2,51,26,85,2663.43,0.938,0.75,0.07843,28.35,1
PX001414,1499,suspicious_reversal,card,media,9,1,1,15,2,305,1810.26,0.828,0.9,0.06667,39.99,0
PX001415,1499,expired_card,card,ecommerce,10,2,2,37,38,480,1372.59,1.092,0.833,0.05405,19.38,1
PX001416,19999,bank_timeout,netbanking,saas,10,1,3,25,19,652,15006.44,1.333,0.909,0.04,3.87,0
PX001417,1499,suspicious_reversal,upi,saas,10,2,3,10,44,26,1216.48,1.232,0.833,0.2,24.09,0
PX001418,2499,expired_card,wallet,saas,16,3,0,31,33,727,2403.45,1.04,0.842,0.09677,6.68,0
PX001419,1499,insufficient_funds,wallet,ecommerce,13,2,2,2,44,25,1855.93,0.808,0.867,1.0,32.56,0
PX001420,1999,expired_card,wallet,ecommerce,14,2,2,22,39,255,1299.36,1.538,0.875,0.09091,15.2,0
PX001421,4999,suspicious_reversal,wallet,subscription,8,3,1,8,6,600,6426.51,0.778,0.727,0.375,11.61,0
PX001422,499,mandate_expired,card,subscription,13,2,0,26,15,540,376.68,1.325,0.867,0.07692,42.03,1
PX001423,9999,suspicious_reversal,netbanking,subscription,6,2,2,47,56,317,13530.08,0.739,0.75,0.04255,18.68,0
PX001424,1499,mandate_expired,netbanking,media,11,1,0,41,45,189,1014.94,1.477,0.917,0.02439,17.87,0
PX001425,499,expired_card,card,saas,4,1,0,11,45,540,460.97,1.083,0.8,0.09091,0.83,0
PX001426,2499,expired_card,card,media,9,2,3,34,29,700,1913.28,1.306,0.818,0.05882,30.29,0
PX001427,999,insufficient_funds,upi,ecommerce,7,3,1,43,2,513,1212.34,0.824,0.7,0.06977,27.82,1
PX001428,2499,expired_card,card,education,5,1,2,17,40,729,2521.75,0.991,0.833,0.05882,16.86,0
PX001429,4999,mandate_expired,card,subscription,7,1,2,5,29,502,5154.74,0.97,0.875,0.2,39.16,0
PX001430,2499,suspicious_reversal,wallet,ecommerce,11,0,0,56,59,58,2157.76,1.158,1.0,0.0,9.55,0
PX001431,2499,bank_timeout,card,education,6,1,1,15,40,385,2256.35,1.108,0.857,0.06667,24.9,1
PX001432,9999,bank_timeout,card,ecommerce,8,3,2,5,59,463,10275.08,0.973,0.727,0.6,0.77,1
PX001433,19999,bank_timeout,card,saas,8,6,2,38,30,471,21153.26,0.945,0.571,0.15789,20.55,1
PX001434,1499,mandate_expired,card,media,13,3,3,10,5,345,1781.51,0.841,0.812,0.3,24.32,0
PX001435,19999,expired_card,upi,ecommerce,12,3,1,27,13,429,26102.11,0.766,0.8,0.11111,34.5,1
PX001436,1499,suspicious_reversal,card,education,9,2,1,52,46,316,1590.68,0.942,0.818,0.03846,47.28,0
PX001437,4999,bank_timeout,card,education,7,2,3,57,57,643,4880.88,1.024,0.778,0.03509,18.79,1
PX001438,19999,bank_timeout,netbanking,ecommerce,8,2,1,54,24,289,23552.65,0.849,0.8,0.03704,10.88,1
PX001439,499,mandate_expired,wallet,subscription,8,4,0,48,30,636,455.83,1.095,0.667,0.08333,40.46,0
PX001440,499,mandate_expired,card,education,5,0,3,29,52,481,361.23,1.381,1.0,0.0,2.07,0
PX001441,1499,bank_timeout,upi,saas,7,0,0,18,11,654,1795.31,0.835,1.0,0.0,29.83,1
PX001442,1999,suspicious_reversal,netbanking,media,9,0,2,28,3,585,2145.3,0.932,1.0,0.0,44.23,0
PX001443,2499,expired_card,wallet,saas,12,0,3,22,40,717,2980.86,0.838,1.0,0.0,25.43,0
PX001444,499,bank_timeout,upi,media,5,1,0,27,35,48,627.68,0.795,0.833,0.03704,13.14,1
PX001445,2499,expired_card,card,subscription,5,2,0,19,42,295,1941.68,1.287,0.714,0.10526,14.42,0
PX001446,19999,insufficient_funds,wallet,ecommerce,6,1,1,50,10,202,17075.88,1.171,0.857,0.02,26.04,1
PX001447,499,suspicious_reversal,card,ecommerce,10,1,2,44,38,475,392.71,1.271,0.909,0.02273,47.51,0
PX001448,1499,insufficient_funds,upi,saas,8,1,3,8,54,25,1322.65,1.133,0.889,0.125,10.87,1
PX001449,1999,bank_timeout,wallet,media,3,2,3,43,41,227,1510.3,1.324,0.6,0.04651,39.55,1
PX001450,2499,expired_card,wallet,saas,8,4,2,52,8,594,2871.24,0.87,0.667,0.07692,29.73,0
PX001451,2499,suspicious_reversal,netbanking,saas,11,2,2,58,47,479,3365.54,0.743,0.846,0.03448,30.1,0
PX001452,2499,insufficient_funds,card,media,8,0,0,51,45,333,2082.41,1.2,1.0,0.0,37.34,1
PX001453,1999,insufficient_funds,wallet,media,12,2,3,32,16,522,2028.61,0.985,0.857,0.0625,11.45,0
PX001454,4999,suspicious_reversal,wallet,ecommerce,10,0,3,49,60,357,6830.54,0.732,1.0,0.0,20.21,0
PX001455,499,bank_timeout,wallet,media,11,3,2,16,24,127,677.76,0.736,0.786,0.1875,36.55,1
PX001456,4999,bank_timeout,card,subscription,11,2,2,13,54,379,3007.31,1.662,0.846,0.15385,11.53,1
PX001457,999,insufficient_funds,netbanking,media,6,2,2,32,42,131,920.86,1.085,0.75,0.0625,24.93,0
PX001458,1499,mandate_expired,netbanking,subscription,10,3,2,44,19,355,1694.25,0.885,0.769,0.06818,13.0,0
PX001459,2499,mandate_expired,wallet,ecommerce,2,2,3,60,4,627,3448.79,0.725,0.5,0.03333,45.67,1
PX001460,19999,insufficient_funds,card,ecommerce,10,0,3,48,6,586,20687.11,0.967,1.0,0.0,48.0,1
PX001461,1999,suspicious_reversal,wallet,education,10,0,3,11,26,553,1573.98,1.27,1.0,0.0,30.32,0
PX001462,4999,insufficient_funds,card,ecommerce,8,3,1,21,28,674,4431.69,1.128,0.727,0.14286,4.45,1
PX001463,2499,expired_card,netbanking,saas,6,4,1,37,37,116,2924.66,0.854,0.6,0.10811,21.98,0
PX001464,1999,suspicious_reversal,upi,ecommerce,9,2,1,36,27,32,1692.14,1.181,0.818,0.05556,36.71,0
PX001465,9999,suspicious_reversal,wallet,saas,5,1,3,11,60,552,8415.86,1.188,0.833,0.09091,8.42,0
PX001466,1999,insufficient_funds,card,ecommerce,6,2,2,25,27,234,2518.01,0.794,0.75,0.08,35.81,1
PX001467,1499,expired_card,card,subscription,6,0,3,4,30,161,1060.75,1.413,1.0,0.0,16.87,1
PX001468,499,bank_timeout,netbanking,education,8,4,2,40,53,511,626.03,0.797,0.667,0.1,35.36,1
PX001469,499,expired_card,wallet,subscription,9,4,3,42,30,298,361.35,1.381,0.692,0.09524,29.89,0
PX001470,19999,insufficient_funds,card,media,4,2,1,9,3,155,22042.99,0.907,0.667,0.22222,23.59,1
PX001471,9999,mandate_expired,card,media,7,2,3,53,53,469,9948.08,1.005,0.778,0.03774,12.69,0
PX001472,19999,suspicious_reversal,wallet,subscription,6,0,0,14,43,412,22983.38,0.87,1.0,0.0,7.95,0
PX001473,4999,mandate_expired,upi,subscription,12,1,2,51,60,706,3836.68,1.303,0.923,0.01961,30.56,0
PX001474,499,mandate_expired,netbanking,media,9,2,0,50,12,678,508.1,0.982,0.818,0.04,34.29,0
PX001475,499,bank_timeout,card,subscription,6,0,1,33,17,198,344.25,1.45,1.0,0.0,3.63,1
PX001476,999,insufficient_funds,card,education,8,2,2,46,58,244,1313.76,0.76,0.8,0.04348,39.9,1
PX001477,2499,insufficient_funds,wallet,ecommerce,5,3,1,32,48,398,2326.61,1.074,0.625,0.09375,46.31,1
PX001478,1499,mandate_expired,upi,media,8,0,2,28,46,305,1176.5,1.274,1.0,0.0,4.11,1
PX001479,1499,insufficient_funds,wallet,education,2,2,2,52,36,484,1084.14,1.383,0.5,0.03846,14.16,0
PX001480,499,mandate_expired,netbanking,ecommerce,10,4,2,40,16,23,424.89,1.174,0.714,0.1,20.37,0
PX001481,9999,suspicious_reversal,upi,media,6,2,1,46,7,431,8041.5,1.243,0.75,0.04348,32.64,0
PX001482,19999,bank_timeout,upi,saas,13,1,3,17,14,439,18178.7,1.1,0.929,0.05882,33.7,1
PX001483,9999,bank_timeout,card,media,8,1,0,12,1,709,7327.49,1.365,0.889,0.08333,35.97,1
PX001484,999,mandate_expired,wallet,subscription,9,4,1,14,43,144,839.59,1.19,0.692,0.28571,17.62,0
PX001485,19999,mandate_expired,card,education,4,2,3,35,11,681,19132.7,1.045,0.667,0.05714,28.05,1
PX001486,9999,insufficient_funds,upi,subscription,6,3,1,5,45,398,10322.18,0.969,0.667,0.6,14.11,1
PX001487,1999,expired_card,upi,ecommerce,9,4,3,43,38,7,2037.82,0.981,0.692,0.09302,32.74,0
PX001488,999,mandate_expired,upi,education,5,2,0,46,38,104,879.68,1.136,0.714,0.04348,0.51,1
PX001489,1999,expired_card,card,media,9,4,1,20,40,491,1595.13,1.253,0.692,0.2,16.05,0
PX001490,9999,expired_card,upi,media,9,3,1,8,15,676,11279.36,0.886,0.75,0.375,22.92,0
PX001491,19999,insufficient_funds,netbanking,education,12,1,0,36,4,346,25999.57,0.769,0.923,0.02778,11.53,1
PX001492,1499,mandate_expired,netbanking,saas,9,2,3,59,15,338,1759.69,0.852,0.818,0.0339,20.7,0
PX001493,1499,suspicious_reversal,upi,subscription,6,1,2,8,33,191,1884.28,0.796,0.857,0.125,14.16,0
PX001494,1499,insufficient_funds,netbanking,saas,4,2,3,6,26,204,1590.29,0.943,0.667,0.33333,47.69,1
PX001495,4999,insufficient_funds,netbanking,saas,9,3,0,31,26,256,3270.35,1.529,0.75,0.09677,38.23,1
PX001496,999,insufficient_funds,upi,education,7,1,3,30,27,723,671.71,1.487,0.875,0.03333,28.72,1
PX001497,1499,mandate_expired,upi,saas,9,2,3,33,5,212,1147.31,1.307,0.818,0.06061,42.09,0
PX001498,19999,insufficient_funds,netbanking,education,7,6,2,59,30,126,14219.83,1.406,0.538,0.10169,36.27,0
PX001499,1999,bank_timeout,upi,ecommerce,12,2,2,23,47,649,1772.29,1.128,0.857,0.08696,32.63,1
PX001500,19999,mandate_expired,upi,saas,11,3,2,38,52,304,18254.43,1.096,0.786,0.07895,23.07,1
PX001501,999,bank_timeout,netbanking,education,8,2,3,57,54,631,746.23,1.339,0.8,0.03509,3.23,0
PX001502,499,bank_timeout,upi,media,5,3,1,37,52,212,571.48,0.873,0.625,0.08108,37.1,0
PX001503,2499,suspicious_reversal,wallet,ecommerce,6,2,0,26,28,159,3277.12,0.763,0.75,0.07692,32.88,1
PX001504,1999,bank_timeout,netbanking,education,9,3,0,25,50,91,1854.7,1.078,0.75,0.12,22.68,1
PX001505,2499,mandate_expired,wallet,media,6,2,0,23,3,637,1557.78,1.604,0.75,0.08696,33.57,0
PX001506,1499,insufficient_funds,netbanking,subscription,6,2,1,39,32,170,1831.54,0.818,0.75,0.05128,38.58,1
PX001507,4999,insufficient_funds,netbanking,education,8,2,3,29,58,702,3454.1,1.447,0.8,0.06897,27.48,1
PX001508,2499,insufficient_funds,wallet,education,6,3,2,34,15,23,1686.0,1.482,0.667,0.08824,10.98,0
PX001509,2499,bank_timeout,upi,media,10,3,1,44,7,617,1958.41,1.276,0.769,0.06818,5.47,1
PX001510,19999,bank_timeout,card,education,9,2,2,40,20,327,17018.83,1.175,0.818,0.05,11.46,1
PX001511,1999,mandate_expired,wallet,ecommerce,8,3,1,8,28,646,1223.29,1.634,0.727,0.375,43.6,1
PX001512,1999,expired_card,wallet,ecommerce,4,2,3,41,41,562,2766.9,0.722,0.667,0.04878,21.39,0
PX001513,1999,suspicious_reversal,card,media,9,3,1,11,51,546,2765.48,0.723,0.75,0.27273,24.35,1
PX001514,499,insufficient_funds,wallet,ecommerce,7,2,0,25,56,261,574.5,0.869,0.778,0.08,27.7,1
PX001515,1499,mandate_expired,card,saas,8,2,0,32,46,435,1440.85,1.04,0.8,0.0625,40.31,0
PX001516,2499,insufficient_funds,card,education,8,1,1,13,33,512,2434.34,1.027,0.889,0.07692,22.66,1
PX001517,4999,insufficient_funds,netbanking,education,9,0,3,3,34,205,3507.99,1.425,1.0,0.0,4.55,1
PX001518,499,bank_timeout,wallet,ecommerce,6,2,2,29,4,54,321.45,1.552,0.75,0.06897,42.68,1
PX001519,1499,expired_card,upi,media,6,0,2,24,14,435,1104.34,1.357,1.0,0.0,5.57,1
PX001520,499,suspicious_reversal,upi,education,5,2,2,32,21,189,470.0,1.062,0.714,0.0625,32.44,0
PX001521,1499,expired_card,netbanking,media,11,1,3,26,43,561,1502.36,0.998,0.917,0.03846,25.12,0
PX001522,999,mandate_expired,wallet,education,4,2,1,32,6,81,1286.37,0.777,0.667,0.0625,27.21,0
PX001523,2499,expired_card,card,media,12,3,2,19,12,491,3165.17,0.79,0.8,0.15789,31.47,0
PX001524,1499,bank_timeout,netbanking,saas,11,0,1,25,13,712,1738.6,0.862,1.0,0.0,29.77,1
PX001525,999,insufficient_funds,upi,media,6,4,3,3,47,99,1305.43,0.765,0.6,1.33333,8.12,1
PX001526,9999,bank_timeout,card,saas,11,3,3,30,4,18,13116.09,0.762,0.786,0.1,7.51,0
PX001527,999,expired_card,card,subscription,7,0,0,24,19,706,845.76,1.181,1.0,0.0,34.9,1
PX001528,1999,expired_card,card,saas,4,2,0,53,35,18,2606.79,0.767,0.667,0.03774,42.75,0
PX001529,2499,bank_timeout,netbanking,media,10,2,3,43,14,472,2049.39,1.219,0.833,0.04651,17.04,0
PX001530,1499,insufficient_funds,upi,saas,9,2,1,19,44,381,1440.38,1.041,0.818,0.10526,0.74,0
PX001531,19999,suspicious_reversal,wallet,media,8,2,1,29,12,82,26420.49,0.757,0.8,0.06897,13.73,1
PX001532,499,mandate_expired,card,media,4,1,0,27,54,5,412.64,1.209,0.8,0.03704,29.92,1
PX001533,2499,bank_timeout,upi,education,14,2,2,44,17,228,2261.46,1.105,0.875,0.04545,5.08,1
PX001534,4999,suspicious_reversal,upi,subscription,4,4,2,51,32,519,5400.99,0.926,0.5,0.07843,31.11,0
PX001535,499,bank_timeout,card,subscription,7,0,1,49,54,96,616.11,0.81,1.0,0.0,17.14,1
PX001536,499,bank_timeout,upi,ecommerce,8,0,0,48,23,643,558.17,0.894,1.0,0.0,22.41,1
PX001537,9999,insufficient_funds,wallet,media,9,2,0,22,56,255,11396.22,0.877,0.818,0.09091,28.09,1
PX001538,499,expired_card,upi,education,6,0,1,44,38,210,660.56,0.755,1.0,0.0,39.64,1
PX001539,1999,bank_timeout,netbanking,education,4,1,3,49,26,21,1792.57,1.115,0.8,0.02041,11.81,0
PX001540,999,bank_timeout,wallet,education,11,1,2,36,27,363,1188.25,0.841,0.917,0.02778,26.57,1
PX001541,9999,bank_timeout,upi,saas,4,2,0,29,19,211,8413.64,1.188,0.667,0.06897,9.31,1
PX001542,2499,bank_timeout,wallet,education,12,1,2,32,46,65,2753.38,0.908,0.923,0.03125,22.18,1
PX001543,2499,expired_card,card,ecommerce,12,1,0,35,49,724,3437.18,0.727,0.923,0.02857,29.66,0
PX001544,4999,suspicious_reversal,upi,media,10,2,2,48,35,480,3679.46,1.359,0.833,0.04167,30.7,0
PX001545,499,expired_card,upi,media,7,4,2,30,53,658,425.39,1.173,0.636,0.13333,24.49,0
PX001546,9999,mandate_expired,netbanking,education,7,5,1,39,13,6,9586.33,1.043,0.583,0.12821,13.23,0
PX001547,4999,suspicious_reversal,wallet,ecommerce,10,2,3,50,49,339,4959.93,1.008,0.833,0.04,15.64,1
PX001548,2499,bank_timeout,wallet,education,11,3,2,9,8,261,1790.81,1.395,0.786,0.33333,27.56,0
PX001549,499,expired_card,upi,education,7,2,2,3,54,623,483.57,1.032,0.778,0.66667,1.26,1
PX001550,19999,suspicious_reversal,upi,saas,12,3,0,13,21,234,24508.75,0.816,0.8,0.23077,12.43,0
PX001551,19999,expired_card,netbanking,media,6,0,1,37,15,619,16916.46,1.182,1.0,0.0,41.9,1
PX001552,1499,mandate_expired,card,media,12,5,3,31,25,147,1637.25,0.916,0.706,0.16129,45.43,0
PX001553,499,suspicious_reversal,wallet,ecommerce,12,2,0,10,12,428,432.77,1.153,0.857,0.2,32.23,1
PX001554,999,bank_timeout,upi,education,7,2,0,14,50,3,1218.04,0.82,0.778,0.14286,35.58,1
PX001555,2499,bank_timeout,wallet,education,8,2,0,16,22,231,2454.55,1.018,0.8,0.125,18.65,1
PX001556,1999,expired_card,card,media,12,1,3,33,26,54,1606.61,1.244,0.923,0.0303,34.95,0
PX001557,1999,suspicious_reversal,card,education,14,1,3,9,56,107,2547.87,0.785,0.933,0.11111,26.26,0
PX001558,19999,bank_timeout,card,ecommerce,1,0,1,32,21,67,24772.75,0.807,1.0,0.0,25.02,1
PX001559,499,suspicious_reversal,wallet,saas,14,1,2,41,41,489,673.6,0.741,0.933,0.02439,4.27,0
PX001560,1499,insufficient_funds,netbanking,saas,8,2,2,24,11,332,1682.05,0.891,0.8,0.08333,29.56,0
PX001561,19999,suspicious_reversal,card,ecommerce,10,1,3,52,41,717,13115.29,1.525,0.909,0.01923,6.26,0
PX001562,999,bank_timeout,netbanking,education,7,2,3,51,29,197,947.73,1.054,0.778,0.03922,1.37,0
PX001563,1499,insufficient_funds,card,media,8,4,0,27,27,295,1599.26,0.937,0.667,0.14815,21.01,1
PX001564,999,mandate_expired,card,education,7,2,3,50,14,551,999.02,1.0,0.778,0.04,11.59,0
PX001565,1499,bank_timeout,wallet,saas,8,2,1,51,58,297,1670.58,0.897,0.8,0.03922,26.74,0
PX001566,9999,bank_timeout,netbanking,subscription,8,1,0,18,55,628,7626.25,1.311,0.889,0.05556,39.42,1
PX001567,999,mandate_expired,card,education,7,0,1,53,29,719,1106.51,0.903,1.0,0.0,36.99,0
PX001568,19999,insufficient_funds,card,media,6,1,2,21,33,664,13274.56,1.507,0.857,0.04762,17.48,0
PX001569,2499,suspicious_reversal,upi,education,12,1,0,55,42,175,1676.33,1.491,0.923,0.01818,32.05,1
PX001570,4999,mandate_expired,netbanking,ecommerce,7,5,1,46,8,401,6338.86,0.789,0.583,0.1087,27.94,1
PX001571,1499,suspicious_reversal,upi,education,6,2,1,41,26,577,1874.6,0.8,0.75,0.04878,1.0,1
PX001572,9999,suspicious_reversal,upi,saas,5,1,1,54,30,187,7526.52,1.329,0.833,0.01852,15.26,1
PX001573,19999,insufficient_funds,netbanking,education,8,0,0,15,46,478,13232.73,1.511,1.0,0.0,0.87,1
PX001574,999,insufficient_funds,card,subscription,10,5,0,21,44,308,1386.37,0.721,0.667,0.2381,4.5,1
PX001575,2499,mandate_expired,wallet,subscription,10,3,2,11,2,714,1726.69,1.447,0.769,0.27273,47.97,0
PX001576,999,expired_card,wallet,ecommerce,7,3,3,38,19,55,788.69,1.267,0.7,0.07895,4.97,0
PX001577,1999,bank_timeout,wallet,media,11,3,3,42,60,2,1731.36,1.155,0.786,0.07143,40.38,1
PX001578,4999,insufficient_funds,netbanking,subscription,3,1,1,53,10,488,3674.84,1.36,0.75,0.01887,14.26,1
PX001579,2499,expired_card,netbanking,education,4,3,0,28,15,339,3169.3,0.789,0.571,0.10714,22.76,0
PX001580,499,bank_timeout,card,education,13,1,3,12,22,113,323.68,1.542,0.929,0.08333,45.54,0
PX001581,4999,suspicious_reversal,netbanking,media,11,2,3,29,56,495,4830.89,1.035,0.846,0.06897,45.62,0
PX001582,4999,suspicious_reversal,netbanking,media,7,1,1,35,15,101,3265.53,1.531,0.875,0.02857,25.85,0
PX001583,4999,insufficient_funds,wallet,media,3,0,2,3,52,521,5617.04,0.89,1.0,0.0,10.4,0
PX001584,4999,expired_card,card,ecommerce,7,3,3,2,60,272,5699.17,0.877,0.7,1.5,46.25,0
PX001585,19999,bank_timeout,wallet,media,11,3,1,45,33,422,17104.8,1.169,0.786,0.06667,29.89,1
PX001586,2499,expired_card,wallet,education,4,5,1,37,20,293,2406.32,1.039,0.444,0.13514,43.77,0
PX001587,1499,bank_timeout,wallet,saas,6,0,0,24,23,572,2029.49,0.739,1.0,0.0,7.85,1
PX001588,2499,mandate_expired,wallet,ecommerce,8,3,2,59,49,169,2551.6,0.979,0.727,0.05085,5.96,1
PX001589,499,suspicious_reversal,upi,education,8,3,0,53,4,37,310.03,1.61,0.727,0.0566,9.46,1
PX001590,1499,mandate_expired,card,ecommerce,6,1,2,49,52,138,2052.55,0.73,0.857,0.02041,34.54,0
PX001591,2499,mandate_expired,wallet,ecommerce,4,2,3,40,1,5,3346.07,0.747,0.667,0.05,8.37,0
PX001592,19999,suspicious_reversal,card,education,4,2,3,26,48,572,17073.72,1.171,0.667,0.07692,4.56,0
PX001593,999,expired_card,upi,saas,15,2,1,30,9,393,819.37,1.219,0.882,0.06667,1.62,1
PX001594,9999,suspicious_reversal,upi,ecommerce,8,1,0,26,38,649,7285.03,1.373,0.889,0.03846,15.22,0
PX001595,19999,suspicious_reversal,wallet,subscription,12,0,2,57,42,166,13406.23,1.492,1.0,0.0,11.67,1
PX001596,1999,bank_timeout,card,saas,7,1,0,41,48,241,1290.16,1.549,0.875,0.02439,11.37,1
PX001597,499,insufficient_funds,netbanking,saas,6,0,2,14,16,623,505.33,0.987,1.0,0.0,38.83,1
PX001598,2499,mandate_expired,upi,saas,10,4,3,23,1,452,1946.52,1.284,0.714,0.17391,12.3,0
PX001599,999,mandate_expired,wallet,media,7,2,3,40,56,607,817.89,1.221,0.778,0.05,5.82,1
PX001600,999,suspicious_reversal,upi,saas,7,1,2,41,39,215,847.44,1.179,0.875,0.02439,18.39,0
PX001601,9999,mandate_expired,card,ecommerce,12,1,1,5,22,161,7558.3,1.323,0.923,0.2,35.43,0
PX001602,2499,mandate_expired,card,ecommerce,12,4,2,59,6,717,3436.74,0.727,0.75,0.0678,29.65,0
PX001603,1999,bank_timeout,upi,ecommerce,12,3,2,51,28,451,1219.23,1.64,0.8,0.05882,23.12,1
PX001604,19999,bank_timeout,netbanking,ecommerce,12,2,2,17,47,169,19319.11,1.035,0.857,0.11765,32.13,1
PX001605,4999,insufficient_funds,wallet,education,9,1,3,30,13,112,5688.14,0.879,0.9,0.03333,44.62,1
PX001606,9999,expired_card,netbanking,media,6,3,0,16,34,96,13482.61,0.742,0.667,0.1875,11.47,0
PX001607,4999,bank_timeout,netbanking,subscription,9,3,3,25,50,329,3119.61,1.602,0.75,0.12,12.25,0
PX001608,999,suspicious_reversal,wallet,subscription,7,3,3,39,45,613,1267.54,0.788,0.7,0.07692,6.78,0
PX001609,19999,bank_timeout,wallet,education,7,2,0,46,23,28,17652.56,1.133,0.778,0.04348,31.55,1
PX001610,9999,suspicious_reversal,wallet,education,7,3,1,50,33,96,7206.54,1.387,0.7,0.06,13.48,0
PX001611,19999,suspicious_reversal,netbanking,media,6,4,1,6,16,246,22734.66,0.88,0.6,0.66667,24.24,1
PX001612,999,bank_timeout,netbanking,education,7,1,2,26,40,279,911.11,1.096,0.875,0.03846,23.76,1
PX001613,19999,bank_timeout,upi,ecommerce,6,0,1,47,28,96,14797.9,1.351,1.0,0.0,17.92,1
PX001614,9999,suspicious_reversal,card,media,5,0,0,9,16,257,10645.24,0.939,1.0,0.0,42.2,1
PX001615,19999,expired_card,upi,ecommerce,6,2,1,46,50,211,21317.89,0.938,0.75,0.04348,8.92,0
PX001616,1499,expired_card,netbanking,subscription,13,3,3,35,58,625,1857.84,0.807,0.812,0.08571,37.25,1
PX001617,1999,mandate_expired,wallet,saas,19,3,3,57,52,354,1404.03,1.424,0.864,0.05263,29.05,0
PX001618,19999,expired_card,upi,education,7,1,3,6,30,133,24049.33,0.832,0.875,0.16667,31.44,0
PX001619,999,insufficient_funds,upi,media,7,3,2,15,24,234,983.45,1.016,0.7,0.2,10.47,0
PX001620,499,insufficient_funds,netbanking,saas,10,2,3,55,24,22,650.1,0.768,0.833,0.03636,34.96,0
PX001621,2499,insufficient_funds,upi,ecommerce,4,2,0,45,30,652,3081.13,0.811,0.667,0.04444,25.93,1
PX001622,999,bank_timeout,wallet,ecommerce,9,3,3,60,2,478,1153.25,0.866,0.75,0.05,13.54,0
PX001623,499,mandate_expired,wallet,saas,10,2,2,12,40,362,314.42,1.587,0.833,0.16667,29.34,1
PX001624,19999,suspicious_reversal,upi,saas,11,4,2,5,10,286,17939.46,1.115,0.733,0.8,36.95,0
PX001625,499,suspicious_reversal,card,saas,6,2,2,43,56,61,506.05,0.986,0.75,0.04651,30.06,0
PX001626,4999,expired_card,netbanking,ecommerce,6,5,1,43,37,563,6298.12,0.794,0.545,0.11628,36.21,0
PX001627,9999,mandate_expired,upi,media,4,1,1,38,10,121,10597.85,0.943,0.8,0.02632,32.0,0
PX001628,1999,expired_card,wallet,ecommerce,11,1,3,4,40,332,2452.98,0.815,0.917,0.25,0.7,0
PX001629,2499,suspicious_reversal,wallet,subscription,4,3,0,30,56,151,3301.7,0.757,0.571,0.1,11.09,0
PX001630,1499,expired_card,card,ecommerce,6,3,1,24,2,308,1266.83,1.183,0.667,0.125,25.2,0
PX001631,1499,expired_card,netbanking,ecommerce,9,5,0,11,34,619,1297.56,1.155,0.643,0.45455,32.13,0
PX001632,9999,insufficient_funds,upi,ecommerce,6,1,0,56,57,485,13274.98,0.753,0.857,0.01786,19.92,1
PX001633,19999,bank_timeout,netbanking,saas,3,2,2,15,11,721,15021.29,1.331,0.6,0.13333,27.5,1
PX001634,1499,bank_timeout,netbanking,saas,6,0,1,6,57,125,1034.09,1.45,1.0,0.0,25.71,1
PX001635,1999,suspicious_reversal,upi,subscription,4,0,3,24,59,40,1830.38,1.092,1.0,0.0,21.28,0
PX001636,2499,bank_timeout,upi,saas,5,2,0,37,41,6,2020.69,1.237,0.714,0.05405,12.81,1
PX001637,19999,insufficient_funds,netbanking,saas,11,3,3,59,53,241,24550.08,0.815,0.786,0.05085,29.35,1
PX001638,9999,mandate_expired,netbanking,saas,5,0,2,9,24,76,6821.55,1.466,1.0,0.0,46.11,0
PX001639,19999,suspicious_reversal,netbanking,saas,12,0,2,7,44,620,26118.83,0.766,1.0,0.0,41.97,0
PX001640,1999,suspicious_reversal,netbanking,saas,7,1,2,60,31,408,1774.66,1.126,0.875,0.01667,31.03,0
PX001641,2499,insufficient_funds,card,ecommerce,10,2,3,24,32,691,1935.22,1.291,0.833,0.08333,21.85,0
PX001642,1499,mandate_expired,upi,media,6,3,3,55,14,539,1207.94,1.241,0.667,0.05455,15.0,0
PX001643,499,suspicious_reversal,card,saas,7,1,0,14,6,183,435.59,1.146,0.875,0.07143,45.07,0
PX001644,2499,expired_card,wallet,subscription,10,0,0,39,14,578,2319.85,1.077,1.0,0.0,46.96,1
PX001645,4999,suspicious_reversal,card,education,10,4,1,15,13,48,3591.32,1.392,0.714,0.26667,30.34,0
PX001646,9999,suspicious_reversal,wallet,subscription,9,0,0,44,33,107,11409.04,0.876,1.0,0.0,41.81,0
PX001647,1999,insufficient_funds,netbanking,subscription,9,2,3,54,11,153,2270.35,0.88,0.818,0.03704,11.04,0
PX001648,1999,expired_card,wallet,education,9,3,1,28,28,123,2588.89,0.772,0.75,0.10714,6.45,0
PX001649,1499,bank_timeout,upi,education,6,3,3,16,24,618,1808.61,0.829,0.667,0.1875,31.06,0
PX001650,2499,bank_timeout,upi,media,9,3,3,57,35,74,1954.16,1.279,0.75,0.05263,4.67,1
PX001651,1999,expired_card,netbanking,ecommerce,13,1,2,35,50,597,1829.23,1.093,0.929,0.02857,45.62,0
PX001652,999,suspicious_reversal,card,subscription,4,4,3,18,42,713,925.26,1.08,0.5,0.22222,43.86,0
PX001653,19999,insufficient_funds,card,ecommerce,14,1,1,49,4,294,21274.85,0.94,0.933,0.02041,40.69,1
PX001654,499,insufficient_funds,card,ecommerce,9,4,1,45,54,130,686.5,0.727,0.692,0.08889,27.68,1
PX001655,4999,mandate_expired,netbanking,education,5,4,1,12,11,171,4707.41,1.062,0.556,0.33333,6.25,0
PX001656,2499,suspicious_reversal,card,subscription,14,1,2,58,21,399,1758.63,1.421,0.933,0.01724,29.58,0
PX001657,2499,bank_timeout,card,media,4,1,3,35,16,228,1869.61,1.337,0.8,0.02857,47.3,1
PX001658,2499,mandate_expired,upi,ecommerce,8,2,3,46,20,131,2201.34,1.135,0.8,0.04348,28.75,1
PX001659,499,insufficient_funds,upi,saas,7,1,1,43,36,31,323.3,1.543,0.875,0.02326,14.02,1
PX001660,2499,expired_card,wallet,education,6,2,0,14,60,701,2523.26,0.99,0.75,0.14286,36.16,1
PX001661,19999,expired_card,upi,media,7,2,1,52,18,41,12459.71,1.605,0.778,0.03846,40.1,1
PX001662,19999,bank_timeout,wallet,subscription,5,5,1,32,40,261,22293.49,0.897,0.5,0.15625,2.35,1
PX001663,1999,insufficient_funds,netbanking,saas,10,2,2,58,34,370,1448.1,1.38,0.833,0.03448,35.42,1
PX001664,499,bank_timeout,netbanking,ecommerce,5,1,3,15,7,206,492.91,1.012,0.833,0.06667,39.56,1
PX001665,499,bank_timeout,upi,subscription,8,2,0,1,55,166,535.94,0.931,0.8,2.0,44.07,1
PX001666,999,expired_card,card,subscription,13,2,2,14,54,461,751.46,1.329,0.867,0.14286,39.92,1
PX001667,1499,mandate_expired,wallet,education,11,0,1,38,28,373,1193.07,1.256,1.0,0.0,42.91,1
PX001668,1499,expired_card,upi,education,11,1,1,22,22,513,1988.31,0.754,0.917,0.04545,1.04,1
PX001669,999,expired_card,upi,saas,8,3,3,50,31,501,751.72,1.329,0.727,0.06,4.84,1
PX001670,19999,suspicious_reversal,netbanking,saas,6,0,0,57,33,441,22293.23,0.897,1.0,0.0,43.98,0
PX001671,9999,expired_card,wallet,saas,6,3,2,27,21,552,13092.22,0.764,0.667,0.11111,39.23,1
PX001672,1999,insufficient_funds,card,education,3,3,0,31,14,272,1836.4,1.089,0.5,0.09677,3.73,1
PX001673,4999,insufficient_funds,upi,education,5,1,2,59,26,709,6069.45,0.824,0.833,0.01695,29.49,0
PX001674,19999,expired_card,netbanking,education,10,1,1,25,1,344,24477.13,0.817,0.909,0.04,25.32,1
PX001675,4999,mandate_expired,wallet,education,4,1,2,7,41,375,5947.21,0.841,0.8,0.14286,33.09,0
PX001676,2499,insufficient_funds,wallet,ecommerce,11,2,2,2,43,499,2423.24,1.031,0.846,1.0,27.1,0
PX001677,19999,expired_card,card,media,7,3,0,22,12,55,15198.97,1.316,0.7,0.13636,47.4,1
PX001678,999,insufficient_funds,netbanking,saas,11,3,3,10,46,540,1117.05,0.894,0.786,0.3,47.22,1
PX001679,9999,insufficient_funds,netbanking,education,8,3,2,13,60,407,13636.5,0.733,0.727,0.23077,45.35,1
PX001680,2499,mandate_expired,netbanking,subscription,10,1,0,11,28,587,2045.13,1.222,0.909,0.09091,22.82,0
PX001681,19999,suspicious_reversal,card,education,8,0,1,34,27,257,16140.64,1.239,1.0,0.0,29.49,1
PX001682,19999,mandate_expired,netbanking,ecommerce,9,1,0,58,42,129,20619.73,0.97,0.9,0.01724,47.91,1
PX001683,1999,bank_timeout,card,ecommerce,7,0,0,48,57,458,1533.27,1.304,1.0,0.0,29.08,1
PX001684,999,suspicious_reversal,upi,media,5,3,1,56,49,578,911.97,1.095,0.625,0.05357,6.7,0
PX001685,4999,expired_card,upi,subscription,8,1,0,9,49,391,5814.83,0.86,0.889,0.11111,37.46,0
PX001686,499,insufficient_funds,netbanking,saas,6,5,0,21,50,599,692.03,0.721,0.545,0.2381,42.2,0
PX001687,1499,expired_card,card,saas,5,2,0,34,15,547,1406.29,1.066,0.714,0.05882,21.5,0
PX001688,9999,bank_timeout,card,saas,11,0,0,8,14,709,7424.15,1.347,1.0,0.0,43.05,1
PX001689,1499,insufficient_funds,netbanking,saas,9,3,2,12,60,704,1309.26,1.145,0.75,0.25,18.98,0
PX001690,1499,insufficient_funds,wallet,saas,10,3,0,45,23,654,1126.45,1.331,0.769,0.06667,7.08,1
PX001691,1999,insufficient_funds,upi,subscription,8,3,0,50,34,569,1797.52,1.112,0.727,0.06,46.27,1
PX001692,2499,bank_timeout,upi,education,4,1,2,32,20,442,2953.55,0.846,0.8,0.03125,45.44,1
PX001693,499,bank_timeout,card,subscription,5,0,1,46,42,563,316.77,1.575,1.0,0.0,29.82,1
PX001694,1999,expired_card,wallet,education,10,1,1,3,6,37,2672.76,0.748,0.909,0.33333,33.22,0
PX001695,2499,suspicious_reversal,card,education,10,2,2,55,37,58,1601.61,1.56,0.833,0.03636,23.35,0
PX001696,19999,bank_timeout,wallet,subscription,4,0,3,7,12,582,19175.27,1.043,1.0,0.0,30.13,0
PX001697,999,insufficient_funds,netbanking,media,8,2,0,8,44,434,717.49,1.392,0.8,0.25,9.19,0
PX001698,1999,bank_timeout,netbanking,subscription,11,1,0,14,17,693,1205.33,1.658,0.917,0.07143,15.08,1
PX001699,1499,mandate_expired,netbanking,media,9,5,0,11,43,606,914.0,1.64,0.643,0.45455,38.72,1
PX001700,19999,insufficient_funds,upi,ecommerce,3,2,0,5,34,204,17669.1,1.132,0.6,0.4,22.42,1
PX001701,499,suspicious_reversal,upi,ecommerce,9,1,1,54,52,156,429.49,1.162,0.9,0.01852,25.37,0
PX001702,999,insufficient_funds,wallet,ecommerce,12,3,1,46,26,437,608.68,1.641,0.8,0.06522,7.24,1
PX001703,1499,bank_timeout,upi,ecommerce,9,3,3,13,10,31,1056.58,1.419,0.75,0.23077,3.4,1
PX001704,19999,mandate_expired,netbanking,subscription,8,3,0,25,50,585,20716.85,0.965,0.727,0.12,33.12,1
PX001705,1999,bank_timeout,netbanking,saas,10,2,3,30,24,491,2386.87,0.837,0.833,0.06667,46.55,1
PX001706,999,insufficient_funds,wallet,media,6,9,2,15,45,181,1235.55,0.809,0.4,0.6,47.5,1
PX001707,1499,suspicious_reversal,netbanking,ecommerce,10,0,0,15,15,41,1231.51,1.217,1.0,0.0,28.48,1
PX001708,2499,insufficient_funds,netbanking,ecommerce,8,3,1,59,44,377,3339.49,0.748,0.727,0.05085,25.64,1
PX001709,999,insufficient_funds,wallet,ecommerce,7,3,3,40,60,486,724.1,1.38,0.7,0.075,32.1,1
PX001710,1999,insufficient_funds,upi,media,5,5,2,13,32,436,1732.41,1.154,0.5,0.38462,0.54,1
PX001711,9999,mandate_expired,card,saas,13,3,1,37,13,486,6741.79,1.483,0.812,0.08108,12.82,1
PX001712,1999,insufficient_funds,netbanking,ecommerce,8,6,0,40,45,4,1803.04,1.109,0.571,0.15,41.25,1
PX001713,4999,insufficient_funds,wallet,media,4,1,3,59,48,308,4413.13,1.133,0.8,0.01695,31.38,1
PX001714,499,insufficient_funds,wallet,education,7,5,2,2,50,231,564.81,0.883,0.583,2.5,16.21,1
PX001715,19999,mandate_expired,netbanking,subscription,5,3,3,39,28,101,25524.82,0.784,0.625,0.07692,35.77,0
PX001716,1499,bank_timeout,wallet,media,12,1,2,24,42,667,1159.57,1.293,0.923,0.04167,7.32,1
PX001717,4999,bank_timeout,netbanking,saas,11,1,2,23,26,675,6338.32,0.789,0.917,0.04348,24.84,1
PX001718,19999,bank_timeout,netbanking,saas,11,5,3,26,47,178,25245.62,0.792,0.688,0.19231,29.95,1
PX001719,1499,expired_card,wallet,media,6,3,0,8,48,506,1477.65,1.014,0.667,0.375,28.46,0
PX001720,499,expired_card,wallet,saas,12,0,1,23,40,286,608.11,0.821,1.0,0.0,0.91,0
PX001721,499,mandate_expired,card,education,11,1,2,7,43,292,520.99,0.958,0.917,0.14286,14.85,1
PX001722,1499,insufficient_funds,wallet,ecommerce,10,3,1,56,52,194,1449.11,1.034,0.769,0.05357,23.95,0
PX001723,9999,expired_card,card,education,6,3,0,7,17,217,13168.72,0.759,0.667,0.42857,36.92,0
PX001724,999,bank_timeout,netbanking,media,8,4,2,10,38,189,1241.59,0.805,0.667,0.4,36.73,0
PX001725,19999,suspicious_reversal,wallet,saas,7,1,1,56,43,59,25747.47,0.777,0.875,0.01786,26.54,1
PX001726,9999,insufficient_funds,netbanking,ecommerce,6,1,0,37,40,201,13841.26,0.722,0.857,0.02703,28.55,1
PX001727,1999,suspicious_reversal,upi,media,13,1,0,42,44,616,1666.07,1.2,0.929,0.02381,43.89,0
PX001728,4999,suspicious_reversal,card,subscription,13,4,2,39,56,215,4625.07,1.081,0.765,0.10256,47.73,1
PX001729,9999,bank_timeout,wallet,saas,7,1,0,31,30,157,9567.82,1.045,0.875,0.03226,36.59,1
PX001730,1499,bank_timeout,card,subscription,4,4,1,6,17,137,1808.49,0.829,0.5,0.66667,41.55,1
PX001731,4999,mandate_expired,upi,saas,3,2,1,59,18,24,6496.94,0.769,0.6,0.0339,6.9,1
PX001732,999,mandate_expired,wallet,media,10,3,1,50,28,553,1342.1,0.744,0.769,0.06,47.5,1
PX001733,1499,mandate_expired,upi,education,8,0,0,47,45,90,1874.73,0.8,1.0,0.0,1.31,0
PX001734,499,insufficient_funds,upi,education,3,1,0,57,35,397,300.07,1.663,0.75,0.01754,45.38,1
PX001735,499,suspicious_reversal,netbanking,ecommerce,6,0,0,10,14,457,692.9,0.72,1.0,0.0,46.58,0
PX001736,999,suspicious_reversal,card,media,8,4,3,27,60,646,608.61,1.641,0.667,0.14815,14.3,0
PX001737,19999,expired_card,upi,education,5,1,3,19,60,389,12095.72,1.653,0.833,0.05263,45.81,0
PX001738,499,expired_card,card,saas,7,1,0,28,31,335,698.51,0.714,0.875,0.03571,16.43,1
PX001739,19999,mandate_expired,netbanking,ecommerce,11,3,0,15,51,96,16675.28,1.199,0.786,0.2,19.79,0
PX001740,9999,insufficient_funds,wallet,education,5,2,0,19,55,272,7471.85,1.338,0.714,0.10526,13.35,1
PX001741,1999,mandate_expired,wallet,media,5,2,2,13,32,74,1467.5,1.362,0.714,0.15385,7.5,0
PX001742,4999,mandate_expired,wallet,subscription,5,1,3,59,45,443,5117.95,0.977,0.833,0.01695,42.71,0
PX001743,2499,insufficient_funds,card,saas,6,2,2,37,45,571,2314.51,1.08,0.75,0.05405,23.33,0
PX001744,2499,insufficient_funds,netbanking,saas,12,3,3,37,45,56,2689.55,0.929,0.8,0.08108,46.51,1
PX001745,1999,expired_card,card,saas,10,1,1,57,30,553,1293.82,1.545,0.909,0.01754,16.07,0
PX001746,1999,suspicious_reversal,wallet,education,4,2,0,60,36,552,1623.06,1.232,0.667,0.03333,0.86,0
PX001747,1499,expired_card,upi,saas,6,2,1,47,57,445,1135.74,1.32,0.75,0.04255,25.81,0
PX001748,19999,mandate_expired,card,ecommerce,5,2,1,60,28,254,21648.96,0.924,0.714,0.03333,5.52,0
PX001749,9999,suspicious_reversal,netbanking,media,11,2,2,7,38,184,13863.56,0.721,0.846,0.28571,38.88,0
PX001750,2499,mandate_expired,upi,education,10,3,1,33,10,326,1637.59,1.526,0.769,0.09091,10.9,0
PX001751,1999,bank_timeout,card,education,8,0,1,20,13,283,2128.29,0.939,1.0,0.0,44.81,1
PX001752,1999,bank_timeout,netbanking,saas,9,2,3,36,22,423,1704.42,1.173,0.818,0.05556,46.21,1
PX001753,1499,suspicious_reversal,upi,ecommerce,7,0,1,7,13,467,1187.0,1.263,1.0,0.0,36.72,1
PX001754,499,expired_card,netbanking,media,10,2,1,23,25,250,681.21,0.733,0.833,0.08696,16.37,0
PX001755,2499,bank_timeout,netbanking,education,5,3,3,39,12,667,2581.17,0.968,0.625,0.07692,46.3,1
PX001756,499,expired_card,wallet,education,6,1,3,11,57,375,311.17,1.604,0.857,0.09091,20.69,1
PX001757,2499,suspicious_reversal,wallet,media,3,5,3,37,24,323,2746.92,0.91,0.375,0.13514,7.7,0
PX001758,999,insufficient_funds,wallet,subscription,9,1,1,13,5,63,812.32,1.23,0.9,0.07692,32.72,1
PX001759,1999,bank_timeout,card,subscription,14,1,1,27,18,340,2266.56,0.882,0.933,0.03704,27.56,1
PX001760,2499,expired_card,netbanking,ecommerce,5,3,2,33,39,28,3083.58,0.81,0.625,0.09091,18.3,1
PX001761,1499,mandate_expired,wallet,saas,8,1,1,57,17,486,1620.8,0.925,0.889,0.01754,38.03,1
PX001762,1999,suspicious_reversal,upi,saas,7,2,3,2,46,144,2384.61,0.838,0.778,1.0,41.89,0
PX001763,4999,suspicious_reversal,wallet,saas,7,1,3,24,5,147,6586.43,0.759,0.875,0.04167,25.31,0
PX001764,999,mandate_expired,card,subscription,8,3,3,48,30,385,1304.52,0.766,0.727,0.0625,27.39,0
PX001765,999,bank_timeout,wallet,education,9,2,3,3,23,277,1105.24,0.904,0.818,0.66667,42.94,1
PX001766,999,bank_timeout,wallet,media,5,1,2,18,10,292,1032.07,0.968,0.833,0.05556,38.42,1
PX001767,499,mandate_expired,upi,media,7,1,0,13,4,110,575.79,0.867,0.875,0.07692,20.51,0
PX001768,19999,insufficient_funds,wallet,education,3,5,0,56,19,49,19924.18,1.004,0.375,0.08929,44.35,1
PX001769,4999,suspicious_reversal,card,saas,4,5,0,21,28,563,5664.71,0.882,0.444,0.2381,10.0,0
PX001770,19999,bank_timeout,netbanking,education,7,2,0,27,17,86,25364.88,0.788,0.778,0.07407,17.69,1
PX001771,1999,expired_card,upi,media,11,3,2,21,48,295,1638.19,1.22,0.786,0.14286,29.79,1
PX001772,999,expired_card,card,education,2,2,2,45,7,684,872.47,1.145,0.5,0.04444,27.16,0
PX001773,1999,expired_card,netbanking,subscription,14,1,0,7,16,375,2778.65,0.719,0.933,0.14286,47.13,0
PX001774,9999,expired_card,wallet,ecommerce,6,2,2,35,52,1,8832.08,1.132,0.75,0.05714,35.05,1
PX001775,499,mandate_expired,wallet,media,7,1,2,25,19,131,386.98,1.289,0.875,0.04,14.19,0
PX001776,1499,bank_timeout,upi,subscription,9,4,0,28,9,504,1717.68,0.873,0.692,0.14286,31.4,1
PX001777,499,suspicious_reversal,wallet,ecommerce,4,1,3,11,32,727,515.55,0.968,0.8,0.09091,3.69,0
PX001778,4999,expired_card,card,saas,7,1,1,22,44,240,3911.14,1.278,0.875,0.04545,23.15,1
PX001779,999,mandate_expired,upi,subscription,7,2,2,21,43,549,882.43,1.132,0.778,0.09524,2.44,1
PX001780,1499,mandate_expired,upi,saas,9,4,2,2,11,680,1003.48,1.494,0.692,2.0,45.48,1
PX001781,2499,bank_timeout,card,saas,5,1,1,27,55,465,3270.08,0.764,0.833,0.03704,20.4,1
PX001782,19999,mandate_expired,wallet,education,9,1,2,46,12,334,23209.43,0.862,0.9,0.02174,2.73,0
PX001783,19999,bank_timeout,netbanking,education,11,1,1,31,1,662,24418.42,0.819,0.917,0.03226,5.99,1
PX001784,19999,insufficient_funds,upi,media,4,3,3,20,44,437,22538.97,0.887,0.571,0.15,24.36,1
PX001785,2499,bank_timeout,upi,education,10,2,3,14,58,392,2641.62,0.946,0.833,0.14286,17.19,1
PX001786,2499,expired_card,netbanking,subscription,11,1,3,26,56,84,2372.29,1.053,0.917,0.03846,26.22,1
PX001787,4999,insufficient_funds,wallet,subscription,8,1,2,27,10,673,4613.69,1.084,0.889,0.03704,16.08,1
PX001788,9999,insufficient_funds,netbanking,subscription,6,4,3,2,34,450,7279.29,1.374,0.6,2.0,1.08,0
PX001789,499,expired_card,wallet,subscription,8,1,0,11,48,43,458.2,1.089,0.889,0.09091,28.57,0
PX001790,499,suspicious_reversal,upi,saas,9,1,1,11,53,51,451.63,1.105,0.9,0.09091,36.49,0
PX001791,19999,mandate_expired,card,ecommerce,8,1,0,8,24,675,14013.64,1.427,0.889,0.125,23.75,0
PX001792,499,bank_timeout,netbanking,subscription,7,1,2,1,3,290,494.63,1.009,0.875,1.0,9.18,1
PX001793,19999,bank_timeout,wallet,education,5,2,3,32,35,408,23237.02,0.861,0.714,0.0625,5.76,1
PX001794,9999,bank_timeout,netbanking,ecommerce,10,4,1,36,14,427,9219.73,1.085,0.714,0.11111,19.54,0
PX001795,1999,insufficient_funds,wallet,saas,8,0,1,52,40,352,2009.19,0.995,1.0,0.0,11.19,0
PX001796,999,suspicious_reversal,upi,saas,13,2,0,37,31,68,733.61,1.362,0.867,0.05405,35.13,1
PX001797,19999,suspicious_reversal,wallet,subscription,6,2,1,13,31,651,15805.51,1.265,0.75,0.15385,44.24,1
PX001798,999,suspicious_reversal,wallet,saas,7,3,1,14,52,290,1183.44,0.844,0.7,0.21429,13.38,0
PX001799,19999,bank_timeout,upi,media,8,1,3,8,34,191,13120.65,1.524,0.889,0.125,24.74,1
PX001800,9999,bank_timeout,card,media,12,3,2,39,5,393,9281.48,1.077,0.8,0.07692,31.54,0
PX001801,4999,insufficient_funds,card,subscription,8,1,0,57,26,123,4496.15,1.112,0.889,0.01754,45.45,1
PX001802,19999,bank_timeout,netbanking,subscription,10,1,0,13,38,35,27841.35,0.718,0.909,0.07692,5.87,1
PX001803,499,mandate_expired,upi,ecommerce,16,1,1,16,7,280,423.62,1.178,0.941,0.0625,34.51,1
PX001804,1499,expired_card,card,saas,9,4,1,50,30,459,1478.11,1.014,0.692,0.08,44.58,0
PX001805,4999,bank_timeout,wallet,education,9,1,1,54,58,109,3905.5,1.28,0.9,0.01852,26.02,0
PX001806,1499,bank_timeout,card,ecommerce,9,2,1,17,51,124,2008.47,0.746,0.818,0.11765,38.28,1
PX001807,19999,expired_card,card,education,11,1,3,29,42,597,15844.24,1.262,0.917,0.03448,30.66,1
PX001808,9999,mandate_expired,wallet,education,9,3,0,45,54,454,11335.12,0.882,0.75,0.06667,40.65,1
PX001809,2499,mandate_expired,upi,ecommerce,3,1,0,24,19,77,1807.86,1.382,0.75,0.04167,32.26,0
PX001810,19999,suspicious_reversal,upi,media,8,1,3,11,3,350,24717.42,0.809,0.889,0.09091,38.54,0
PX001811,999,insufficient_funds,upi,saas,8,1,0,42,32,109,1291.13,0.774,0.889,0.02381,30.95,1
PX001812,4999,bank_timeout,netbanking,subscription,8,0,0,14,48,703,5572.58,0.897,1.0,0.0,14.1,1
PX001813,999,insufficient_funds,card,subscription,8,4,0,36,1,224,703.26,1.421,0.667,0.11111,43.35,0
PX001814,1499,bank_timeout,upi,education,4,2,1,48,55,586,2031.01,0.738,0.667,0.04167,40.34,1
PX001815,19999,suspicious_reversal,netbanking,education,3,1,3,19,13,727,24719.8,0.809,0.75,0.05263,36.49,0
PX001816,4999,bank_timeout,wallet,ecommerce,7,3,0,19,1,208,5492.2,0.91,0.7,0.15789,13.97,0
PX001817,2499,insufficient_funds,card,education,8,2,1,45,32,96,1742.72,1.434,0.8,0.04444,11.16,1
PX001818,19999,suspicious_reversal,wallet,subscription,4,0,0,9,16,577,20320.19,0.984,1.0,0.0,35.93,1
PX001819,4999,insufficient_funds,netbanking,media,3,2,0,29,55,287,4855.85,1.029,0.6,0.06897,40.78,0
PX001820,1499,insufficient_funds,card,ecommerce,7,4,2,45,28,699,1881.05,0.797,0.636,0.08889,21.0,1
PX001821,9999,suspicious_reversal,card,ecommerce,6,1,3,37,8,295,11178.52,0.894,0.857,0.02703,23.76,0
PX001822,999,mandate_expired,wallet,saas,8,3,0,37,21,106,973.4,1.026,0.727,0.08108,2.04,1
PX001823,499,suspicious_reversal,upi,subscription,7,4,1,2,36,717,685.35,0.728,0.636,2.0,2.19,0
PX001824,4999,expired_card,card,saas,6,1,3,32,18,670,6354.12,0.787,0.857,0.03125,31.64,1
PX001825,1499,bank_timeout,upi,education,5,0,2,13,10,135,1504.37,0.996,1.0,0.0,21.17,1
PX001826,2499,suspicious_reversal,netbanking,saas,13,2,0,20,35,662,2055.92,1.216,0.867,0.1,15.59,1
PX001827,1499,bank_timeout,netbanking,saas,10,5,1,41,35,292,909.56,1.648,0.667,0.12195,33.9,0
PX001828,2499,suspicious_reversal,upi,media,10,3,3,32,19,628,1554.55,1.608,0.769,0.09375,35.06,0
PX001829,9999,expired_card,card,media,4,2,2,49,22,82,8269.85,1.209,0.667,0.04082,33.04,1
PX001830,19999,mandate_expired,card,subscription,8,1,3,8,9,87,26063.19,0.767,0.889,0.125,26.85,0
PX001831,4999,insufficient_funds,netbanking,subscription,11,2,2,52,55,713,3302.98,1.513,0.846,0.03846,10.28,1
PX001832,4999,bank_timeout,netbanking,subscription,4,3,3,54,42,496,5094.43,0.981,0.571,0.05556,19.14,1
PX001833,1999,insufficient_funds,netbanking,saas,13,2,2,3,60,530,2105.63,0.949,0.867,0.66667,21.91,1
PX001834,9999,mandate_expired,upi,saas,7,1,0,15,22,322,12310.06,0.812,0.875,0.06667,6.04,1
PX001835,499,bank_timeout,upi,ecommerce,5,1,1,52,41,567,454.95,1.097,0.833,0.01923,22.76,1
PX001836,499,expired_card,wallet,subscription,12,2,1,39,10,457,634.47,0.786,0.857,0.05128,21.69,1
PX001837,2499,insufficient_funds,card,saas,7,4,2,12,41,707,3335.22,0.749,0.636,0.33333,23.44,1
PX001838,1999,mandate_expired,upi,education,10,0,1,25,27,727,2236.24,0.894,1.0,0.0,28.6,1
PX001839,1999,insufficient_funds,card,saas,7,4,0,43,6,63,1314.11,1.521,0.636,0.09302,13.6,1
PX001840,1999,expired_card,card,education,13,0,2,7,46,588,2209.68,0.905,1.0,0.0,36.42,0
PX001841,499,insufficient_funds,card,ecommerce,11,1,3,5,46,54,439.33,1.136,0.917,0.2,6.5,1
PX001842,1999,expired_card,wallet,ecommerce,9,2,2,58,41,442,1801.27,1.11,0.818,0.03448,34.61,0
PX001843,4999,insufficient_funds,wallet,saas,7,4,0,37,17,269,5984.83,0.835,0.636,0.10811,28.05,1
PX001844,4999,mandate_expired,upi,education,7,4,1,28,21,58,5363.28,0.932,0.636,0.14286,7.94,0
PX001845,999,bank_timeout,card,subscription,9,1,1,21,55,584,751.11,1.33,0.9,0.04762,28.97,1
PX001846,4999,insufficient_funds,card,education,9,2,0,27,52,15,6495.74,0.77,0.818,0.07407,26.46,1
PX001847,2499,expired_card,card,saas,6,4,1,8,47,258,2462.72,1.015,0.6,0.5,44.78,0
PX001848,999,suspicious_reversal,netbanking,saas,4,2,3,56,4,572,1081.83,0.923,0.667,0.03571,6.53,0
PX001849,1499,insufficient_funds,card,education,12,0,3,8,8,79,937.57,1.599,1.0,0.0,34.44,1
PX001850,1499,expired_card,card,education,3,2,1,1,11,447,1644.07,0.912,0.6,2.0,47.76,1
PX001851,4999,bank_timeout,upi,education,7,1,3,25,49,607,6899.34,0.725,0.875,0.04,33.77,0
PX001852,19999,mandate_expired,card,ecommerce,5,1,3,32,36,493,15751.76,1.27,0.833,0.03125,4.09,0
PX001853,19999,expired_card,wallet,ecommerce,6,1,2,36,16,458,15157.34,1.319,0.857,0.02778,1.97,0
PX001854,4999,mandate_expired,card,subscription,7,3,0,7,49,690,3756.71,1.331,0.7,0.42857,15.11,0
PX001855,1999,expired_card,netbanking,media,11,1,0,16,3,179,2459.49,0.813,0.917,0.0625,19.53,0
PX001856,19999,insufficient_funds,netbanking,ecommerce,10,2,2,12,27,388,14815.64,1.35,0.833,0.16667,42.04,1
PX001857,999,suspicious_reversal,upi,saas,7,5,1,18,57,392,810.6,1.232,0.583,0.27778,24.53,0
PX001858,4999,mandate_expired,card,ecommerce,7,1,1,25,47,527,4525.81,1.105,0.875,0.04,47.89,1
PX001859,1499,mandate_expired,netbanking,education,6,1,3,51,35,696,2027.28,0.739,0.857,0.01961,18.29,0
PX001860,2499,insufficient_funds,netbanking,subscription,9,2,3,48,18,257,3340.79,0.748,0.818,0.04167,4.02,0
PX001861,19999,suspicious_reversal,netbanking,saas,5,1,0,18,52,721,27043.19,0.74,0.833,0.05556,33.03,0
PX001862,4999,insufficient_funds,card,subscription,8,2,0,36,26,51,6876.77,0.727,0.8,0.05556,34.41,0
PX001863,9999,bank_timeout,netbanking,media,7,3,0,51,56,311,7873.04,1.27,0.7,0.05882,16.81,1
PX001864,1999,expired_card,upi,subscription,6,3,3,28,5,263,1917.34,1.043,0.667,0.10714,2.48,0
PX001865,1499,expired_card,card,subscription,11,2,0,12,21,187,1799.97,0.833,0.846,0.16667,27.92,0
PX001866,1499,expired_card,upi,media,8,0,2,4,37,685,1904.71,0.787,1.0,0.0,23.76,1
PX001867,19999,bank_timeout,wallet,media,4,3,2,52,19,517,27288.26,0.733,0.571,0.05769,24.36,0
PX001868,499,mandate_expired,card,saas,12,1,2,23,48,614,665.37,0.75,0.923,0.04348,13.19,0
PX001869,19999,insufficient_funds,netbanking,media,9,6,2,44,53,56,14002.95,1.428,0.6,0.13636,11.24,1
PX001870,499,suspicious_reversal,netbanking,saas,11,1,3,1,46,569,679.84,0.734,0.917,1.0,33.79,0
PX001871,1999,mandate_expired,netbanking,subscription,6,2,1,22,23,576,2622.52,0.762,0.75,0.09091,11.7,0
PX001872,499,bank_timeout,card,subscription,12,0,0,53,18,691,575.17,0.868,1.0,0.0,9.23,1
PX001873,1999,bank_timeout,card,subscription,11,4,2,6,47,653,2009.59,0.995,0.733,0.66667,26.11,0
PX001874,1499,expired_card,netbanking,education,6,2,2,54,43,245,1486.31,1.009,0.75,0.03704,32.03,0
PX001875,1499,insufficient_funds,card,subscription,6,0,3,55,48,414,1607.43,0.933,1.0,0.0,14.08,1
PX001876,1499,mandate_expired,netbanking,media,7,1,3,48,53,102,924.2,1.622,0.875,0.02083,17.35,0
PX001877,4999,bank_timeout,wallet,ecommerce,6,0,1,22,26,220,6666.99,0.75,1.0,0.0,10.97,1
PX001878,1499,expired_card,wallet,ecommerce,7,0,2,22,39,654,1702.19,0.881,1.0,0.0,25.86,0
PX001879,9999,expired_card,card,education,13,2,2,51,11,238,7289.78,1.372,0.867,0.03922,13.53,1
PX001880,1499,mandate_expired,upi,subscription,6,4,1,50,35,448,1848.02,0.811,0.6,0.08,19.5,0
PX001881,1999,suspicious_reversal,wallet,education,11,2,1,56,58,61,1342.95,1.489,0.846,0.03571,46.04,1
PX001882,499,insufficient_funds,wallet,saas,4,2,0,60,53,566,520.55,0.959,0.667,0.03333,25.52,0
PX001883,9999,expired_card,card,ecommerce,13,1,0,35,30,373,13019.68,0.768,0.929,0.02857,10.77,1
PX001884,999,suspicious_reversal,upi,ecommerce,10,0,1,54,31,245,942.08,1.06,1.0,0.0,24.9,0
PX001885,1499,bank_timeout,wallet,ecommerce,10,4,2,21,59,728,1689.74,0.887,0.714,0.19048,13.62,1
PX001886,1499,bank_timeout,card,ecommerce,8,2,2,44,21,105,1645.24,0.911,0.8,0.04545,33.81,1
PX001887,4999,mandate_expired,wallet,media,8,1,2,25,12,642,3470.25,1.441,0.889,0.04,27.86,0
PX001888,4999,bank_timeout,card,ecommerce,9,2,3,49,48,464,6084.67,0.822,0.818,0.04082,42.11,1
PX001889,2499,suspicious_reversal,netbanking,subscription,2,2,2,57,32,562,2339.57,1.068,0.5,0.03509,47.31,0
PX001890,2499,suspicious_reversal,netbanking,ecommerce,3,1,1,27,47,474,2109.15,1.185,0.75,0.03704,17.95,0
PX001891,1999,suspicious_reversal,card,media,6,4,2,56,52,269,1909.57,1.047,0.6,0.07143,4.03,0
PX001892,1999,bank_timeout,upi,subscription,5,0,2,58,10,348,2482.48,0.805,1.0,0.0,8.61,1
PX001893,1499,bank_timeout,card,saas,11,2,1,20,3,454,1480.98,1.012,0.846,0.1,5.29,1
PX001894,2499,bank_timeout,card,ecommerce,7,1,1,56,21,417,2327.82,1.074,0.875,0.01786,34.38,1
PX001895,1499,suspicious_reversal,upi,subscription,10,1,0,15,28,462,1021.76,1.467,0.909,0.06667,20.62,0
PX001896,499,suspicious_reversal,wallet,saas,7,3,2,53,15,522,354.96,1.406,0.7,0.0566,26.1,0
PX001897,9999,bank_timeout,upi,saas,7,0,1,31,20,727,9265.22,1.079,1.0,0.0,13.53,1
PX001898,499,mandate_expired,netbanking,saas,11,5,0,1,43,285,673.99,0.74,0.688,5.0,21.94,0
PX001899,19999,suspicious_reversal,wallet,ecommerce,7,3,3,33,14,142,25537.55,0.783,0.7,0.09091,5.36,0
PX001900,19999,suspicious_reversal,upi,saas,10,1,2,7,51,672,20713.0,0.966,0.909,0.14286,12.32,0
PX001901,4999,suspicious_reversal,card,media,6,2,3,8,10,618,6020.69,0.83,0.75,0.25,2.98,0
PX001902,499,bank_timeout,wallet,ecommerce,11,2,0,16,20,691,662.15,0.754,0.846,0.125,21.96,1
PX001903,9999,suspicious_reversal,wallet,subscription,8,2,1,45,5,91,10868.88,0.92,0.8,0.04444,24.99,0
PX001904,499,expired_card,wallet,saas,5,2,1,54,35,682,650.97,0.767,0.714,0.03704,27.15,0
PX001905,1499,bank_timeout,upi,ecommerce,10,4,0,1,5,579,1063.21,1.41,0.714,4.0,15.04,0
PX001906,2499,mandate_expired,wallet,ecommerce,7,5,1,35,26,679,2638.36,0.947,0.583,0.14286,15.13,0
PX001907,999,bank_timeout,netbanking,subscription,5,3,1,19,54,706,941.27,1.061,0.625,0.15789,11.07,0
PX001908,4999,mandate_expired,upi,saas,7,2,0,23,49,478,6340.66,0.788,0.778,0.08696,43.68,0
PX001909,499,bank_timeout,wallet,education,8,2,2,41,23,231,598.23,0.834,0.8,0.04878,46.82,1
PX001910,19999,bank_timeout,card,media,8,1,1,2,28,585,26227.51,0.763,0.889,0.5,37.45,1
PX001911,9999,mandate_expired,card,saas,6,6,2,41,22,718,10598.13,0.943,0.5,0.14634,20.91,0
PX001912,19999,expired_card,wallet,subscription,11,3,0,13,12,457,23221.33,0.861,0.786,0.23077,19.26,1
PX001913,2499,mandate_expired,netbanking,subscription,5,2,3,45,56,66,3362.77,0.743,0.714,0.04444,30.87,1
PX001914,9999,suspicious_reversal,netbanking,saas,11,1,1,11,2,605,6997.2,1.429,0.917,0.09091,21.37,0
PX001915,4999,expired_card,netbanking,education,4,2,0,40,14,539,4606.73,1.085,0.667,0.05,25.98,1
PX001916,999,expired_card,wallet,saas,9,3,0,35,2,47,782.99,1.276,0.75,0.08571,24.61,0
PX001917,1999,bank_timeout,netbanking,media,5,1,3,5,1,56,2526.13,0.791,0.833,0.2,20.8,1
PX001918,999,bank_timeout,upi,media,10,4,2,32,42,75,945.96,1.056,0.714,0.125,21.77,0
PX001919,999,bank_timeout,card,ecommerce,10,5,2,19,26,706,771.34,1.295,0.667,0.26316,8.06,1
PX001920,2499,mandate_expired,wallet,education,8,4,0,38,47,330,3044.45,0.821,0.667,0.10526,29.32,1
PX001921,2499,suspicious_reversal,card,subscription,5,2,0,40,44,161,1513.47,1.651,0.714,0.05,21.68,0
PX001922,4999,mandate_expired,wallet,saas,8,1,1,17,49,282,4828.07,1.035,0.889,0.05882,11.01,0
PX001923,4999,insufficient_funds,wallet,subscription,11,2,1,34,5,47,5861.49,0.853,0.846,0.05882,5.47,1
PX001924,499,insufficient_funds,card,media,13,2,2,5,9,422,632.85,0.788,0.867,0.4,45.22,0
PX001925,999,mandate_expired,wallet,media,3,5,0,46,3,550,947.53,1.054,0.375,0.1087,2.58,1
PX001926,9999,suspicious_reversal,netbanking,saas,10,4,3,22,6,305,11916.62,0.839,0.714,0.18182,26.54,0
PX001927,9999,expired_card,card,ecommerce,13,2,3,18,36,697,9878.8,1.012,0.867,0.11111,45.7,0
PX001928,999,mandate_expired,wallet,saas,10,2,2,9,49,203,1276.91,0.782,0.833,0.22222,29.53,0
PX001929,9999,mandate_expired,upi,media,10,3,1,23,39,495,10445.56,0.957,0.769,0.13043,6.2,1
PX001930,2499,suspicious_reversal,wallet,media,5,1,0,39,18,247,2535.01,0.986,0.833,0.02564,25.45,0
PX001931,9999,mandate_expired,wallet,saas,5,0,2,11,21,484,10109.24,0.989,1.0,0.0,29.46,1
PX001932,19999,suspicious_reversal,card,ecommerce,6,4,2,50,24,139,16364.65,1.222,0.6,0.08,40.44,0
PX001933,1499,suspicious_reversal,netbanking,education,14,2,1,32,28,366,1373.73,1.091,0.875,0.0625,47.63,0
PX001934,19999,mandate_expired,card,media,9,1,2,55,42,468,14320.76,1.397,0.9,0.01818,47.52,1
PX001935,999,expired_card,upi,subscription,7,0,1,41,21,57,1031.96,0.968,1.0,0.0,27.77,1
PX001936,9999,insufficient_funds,netbanking,subscription,10,1,3,32,24,406,7015.7,1.425,0.909,0.03125,46.29,0
PX001937,999,insufficient_funds,card,subscription,8,1,0,5,36,5,1378.77,0.725,0.889,0.2,3.1,1
PX001938,1499,suspicious_reversal,wallet,media,8,2,0,52,35,673,1730.98,0.866,0.8,0.03846,7.93,0
PX001939,19999,insufficient_funds,wallet,subscription,7,3,3,35,2,514,24431.27,0.819,0.7,0.08571,2.44,0
PX001940,1999,mandate_expired,netbanking,media,12,3,1,6,7,149,1665.7,1.2,0.8,0.5,26.69,0
PX001941,499,mandate_expired,upi,subscription,5,2,2,45,11,101,453.78,1.1,0.714,0.04444,17.45,0
PX001942,19999,expired_card,netbanking,media,11,1,2,13,36,206,13889.12,1.44,0.917,0.07692,32.28,1
PX001943,4999,bank_timeout,netbanking,saas,13,1,3,51,37,655,3453.14,1.448,0.929,0.01961,3.45,1
PX001944,9999,expired_card,upi,saas,8,2,0,3,12,217,7596.89,1.316,0.8,0.66667,10.82,0
PX001945,1999,expired_card,upi,education,8,1,3,47,38,636,1435.66,1.392,0.889,0.02128,12.99,0
PX001946,1999,insufficient_funds,card,ecommerce,4,1,2,34,48,644,1669.02,1.198,0.8,0.02941,9.22,1
PX001947,1499,suspicious_reversal,netbanking,saas,18,1,2,36,52,680,2049.84,0.731,0.947,0.02778,29.15,0
PX001948,2499,insufficient_funds,upi,education,4,1,3,10,44,74,1928.04,1.296,0.8,0.1,30.68,1
PX001949,1499,mandate_expired,card,media,10,1,0,49,12,351,1642.92,0.912,0.909,0.02041,28.9,1
PX001950,1999,expired_card,upi,media,11,1,2,6,24,482,2721.63,0.734,0.917,0.16667,2.12,1
PX001951,9999,bank_timeout,wallet,subscription,16,2,1,43,41,531,6360.3,1.572,0.889,0.04651,16.31,1
PX001952,999,suspicious_reversal,netbanking,ecommerce,9,1,3,28,12,236,826.95,1.208,0.9,0.03571,12.22,0
PX001953,1499,insufficient_funds,card,education,12,2,3,14,20,102,1943.31,0.771,0.857,0.14286,25.7,0
PX001954,4999,insufficient_funds,upi,media,9,2,0,54,21,163,4596.41,1.088,0.818,0.03704,26.21,0
PX001955,1499,suspicious_reversal,netbanking,media,6,2,3,12,23,484,1422.27,1.054,0.75,0.16667,11.58,0
PX001956,499,bank_timeout,upi,subscription,4,2,2,40,49,171,650.72,0.767,0.667,0.05,13.27,1
PX001957,9999,mandate_expired,card,subscription,7,1,3,49,41,163,7062.16,1.416,0.875,0.02041,38.89,0
PX001958,19999,expired_card,upi,ecommerce,19,3,0,32,16,94,22548.87,0.887,0.864,0.09375,36.78,0
PX001959,1499,mandate_expired,netbanking,ecommerce,10,3,2,9,28,436,1460.16,1.027,0.769,0.33333,12.74,0
PX001960,2499,insufficient_funds,card,subscription,4,4,1,26,5,268,2861.96,0.873,0.5,0.15385,17.96,0
PX001961,1499,expired_card,card,subscription,10,2,2,48,55,530,1772.95,0.845,0.833,0.04167,16.43,0
PX001962,4999,mandate_expired,upi,ecommerce,9,3,1,21,17,653,4813.15,1.039,0.75,0.14286,3.12,0
PX001963,2499,expired_card,card,education,8,2,3,34,8,356,1742.42,1.434,0.8,0.05882,36.62,1
PX001964,9999,suspicious_reversal,netbanking,education,13,0,2,13,19,678,12319.18,0.812,1.0,0.0,21.37,0
PX001965,2499,insufficient_funds,upi,ecommerce,5,1,1,32,41,119,1525.94,1.638,0.833,0.03125,31.13,0
PX001966,499,mandate_expired,wallet,saas,11,2,3,54,29,136,300.3,1.662,0.846,0.03704,27.96,0
PX001967,2499,bank_timeout,wallet,ecommerce,10,0,1,26,14,413,2197.83,1.137,1.0,0.0,19.57,1
PX001968,999,suspicious_reversal,netbanking,media,8,2,3,37,47,251,1124.0,0.889,0.8,0.05405,28.6,0
PX001969,9999,insufficient_funds,wallet,ecommerce,5,5,2,24,11,563,6871.17,1.455,0.5,0.20833,37.66,1
PX001970,2499,insufficient_funds,upi,education,5,3,3,9,29,22,2149.15,1.163,0.625,0.33333,24.83,0
PX001971,19999,insufficient_funds,netbanking,education,11,2,3,6,48,69,25606.07,0.781,0.846,0.33333,18.66,0
PX001972,19999,mandate_expired,upi,education,6,4,2,42,47,29,13338.3,1.499,0.6,0.09524,21.03,0
PX001973,1499,bank_timeout,wallet,saas,9,4,2,26,18,132,923.45,1.623,0.692,0.15385,3.48,1
PX001974,4999,bank_timeout,netbanking,ecommerce,4,1,1,29,45,93,4219.88,1.185,0.8,0.03448,34.87,1
PX001975,19999,insufficient_funds,wallet,media,8,5,1,53,43,76,23345.39,0.857,0.615,0.09434,38.97,0
PX001976,19999,insufficient_funds,netbanking,education,11,2,3,46,58,382,12029.52,1.662,0.846,0.04348,30.49,1
PX001977,499,expired_card,netbanking,subscription,1,3,3,36,10,352,617.38,0.808,0.25,0.08333,12.69,0
PX001978,9999,expired_card,wallet,education,5,1,3,21,2,452,7003.7,1.428,0.833,0.04762,44.25,1
PX001979,9999,expired_card,card,ecommerce,7,1,3,50,39,707,6495.67,1.539,0.875,0.02,19.04,0
PX001980,4999,suspicious_reversal,upi,media,4,0,1,16,26,518,5685.48,0.879,1.0,0.0,37.8,1
PX001981,19999,expired_card,netbanking,saas,11,6,1,26,8,406,20790.39,0.962,0.647,0.23077,28.87,0
PX001982,499,suspicious_reversal,card,media,10,1,2,7,48,676,394.92,1.264,0.909,0.14286,35.21,0
PX001983,499,expired_card,wallet,subscription,10,1,0,53,27,46,556.19,0.897,0.909,0.01887,29.48,0
PX001984,1499,expired_card,wallet,media,4,4,1,43,16,699,1000.05,1.499,0.5,0.09302,29.81,0
PX001985,4999,insufficient_funds,wallet,education,4,4,2,9,39,101,5039.99,0.992,0.5,0.44444,18.73,0
PX001986,19999,mandate_expired,netbanking,saas,10,0,2,52,46,164,20410.16,0.98,1.0,0.0,37.4,1
PX001987,1999,expired_card,wallet,subscription,10,4,2,56,53,133,2288.89,0.873,0.714,0.07143,39.6,1
PX001988,1499,bank_timeout,card,education,10,1,0,45,24,174,1274.46,1.176,0.909,0.02222,25.66,1
PX001989,1499,bank_timeout,upi,education,6,0,0,33,25,512,967.22,1.55,1.0,0.0,44.3,1
PX001990,999,insufficient_funds,netbanking,subscription,8,0,3,60,30,487,643.17,1.553,1.0,0.0,37.2,1
PX001991,1999,expired_card,upi,media,6,1,2,20,7,233,1473.36,1.357,0.857,0.05,46.61,0
PX001992,2499,suspicious_reversal,netbanking,subscription,7,1,1,13,7,729,2604.08,0.96,0.875,0.07692,4.23,0
PX001993,1499,bank_timeout,netbanking,media,11,1,2,31,35,64,1990.24,0.753,0.917,0.03226,0.62,1
PX001994,2499,bank_timeout,wallet,media,7,0,2,32,32,310,2956.52,0.845,1.0,0.0,9.62,1
PX001995,1499,mandate_expired,netbanking,education,10,4,3,58,13,431,1693.95,0.885,0.714,0.06897,27.75,0
PX001996,2499,bank_timeout,card,saas,11,1,3,43,28,118,3361.26,0.743,0.917,0.02326,41.38,1
PX001997,9999,suspicious_reversal,card,media,10,0,2,60,30,131,11891.04,0.841,1.0,0.0,23.34,0
PX001998,999,bank_timeout,wallet,subscription,12,3,1,41,18,127,1322.45,0.755,0.8,0.07317,27.82,1
PX001999,9999,insufficient_funds,card,media,12,3,2,28,44,289,7847.13,1.274,0.8,0.10714,47.76,1
PX002000,9999,insufficient_funds,card,media,8,2,1,16,22,437,9318.89,1.073,0.8,0.125,43.49,1
PX002001,1499,bank_timeout,card,media,12,1,0,44,2,502,1067.12,1.405,0.923,0.02273,13.56,1
PX002002,4999,suspicious_reversal,card,saas,5,4,2,22,37,285,5835.23,0.857,0.556,0.18182,40.57,0
PX002003,1999,insufficient_funds,wallet,education,11,0,3,43,8,163,1991.62,1.004,1.0,0.0,42.77,0
PX002004,9999,bank_timeout,card,education,6,1,3,51,60,112,6125.39,1.632,0.857,0.01961,41.59,1
PX002005,9999,bank_timeout,card,subscription,9,2,3,10,6,100,8277.73,1.208,0.818,0.2,39.61,1
PX002006,1499,expired_card,netbanking,subscription,9,3,2,30,24,576,1367.98,1.096,0.75,0.1,5.66,0
PX002007,1999,expired_card,netbanking,education,9,0,1,7,17,191,2557.94,0.781,1.0,0.0,7.65,1
PX002008,999,suspicious_reversal,card,ecommerce,7,2,3,9,60,551,621.09,1.608,0.778,0.22222,33.71,0
PX002009,1499,mandate_expired,upi,saas,10,0,2,47,10,52,1953.91,0.767,1.0,0.0,31.44,1
PX002010,1499,mandate_expired,netbanking,saas,10,1,3,14,42,12,1891.08,0.793,0.909,0.07143,26.05,0
PX002011,2499,mandate_expired,netbanking,subscription,8,1,0,50,39,444,1530.64,1.633,0.889,0.02,15.56,1
PX002012,999,insufficient_funds,card,saas,3,6,2,49,51,286,946.54,1.055,0.333,0.12245,16.42,0
PX002013,2499,insufficient_funds,netbanking,media,6,4,1,58,28,50,1798.25,1.39,0.6,0.06897,30.33,1
PX002014,2499,expired_card,upi,education,4,1,0,46,11,459,2467.88,1.013,0.8,0.02174,14.74,0
PX002015,2499,expired_card,wallet,saas,7,1,3,33,60,288,3170.23,0.788,0.875,0.0303,18.68,1
PX002016,19999,bank_timeout,card,ecommerce,9,2,0,54,15,570,23044.21,0.868,0.818,0.03704,19.84,1
PX002017,1499,expired_card,upi,subscription,5,3,2,2,26,656,1912.15,0.784,0.625,1.5,38.35,0
PX002018,2499,bank_timeout,netbanking,media,8,2,0,33,49,316,2374.3,1.053,0.8,0.06061,46.82,1
PX002019,2499,suspicious_reversal,netbanking,ecommerce,4,2,3,2,54,378,3267.62,0.765,0.667,1.0,42.61,0
PX002020,4999,insufficient_funds,upi,subscription,9,0,3,13,59,709,6961.35,0.718,1.0,0.0,36.2,0
PX002021,1499,bank_timeout,netbanking,subscription,3,2,0,50,52,602,1575.62,0.951,0.6,0.04,4.82,1
PX002022,1499,mandate_expired,wallet,education,9,0,3,60,39,709,1806.98,0.83,1.0,0.0,18.86,1
PX002023,1999,mandate_expired,card,education,7,2,2,20,39,265,1377.28,1.451,0.778,0.1,11.02,1
PX002024,4999,expired_card,wallet,subscription,16,2,0,57,41,206,6875.14,0.727,0.889,0.03509,37.53,1
PX002025,2499,insufficient_funds,upi,media,7,1,2,44,2,591,2778.87,0.899,0.875,0.02273,43.4,0
PX002026,9999,bank_timeout,wallet,subscription,5,4,0,48,39,693,8093.96,1.235,0.556,0.08333,13.53,0
PX002027,499,mandate_expired,card,subscription,7,3,2,23,25,318,619.45,0.806,0.7,0.13043,29.51,0
PX002028,999,insufficient_funds,card,media,6,0,1,36,7,146,1010.67,0.988,1.0,0.0,8.02,0
PX002029,19999,bank_timeout,upi,saas,3,1,1,44,1,634,24135.53,0.829,0.75,0.02273,3.51,1
PX002030,1499,bank_timeout,upi,saas,7,2,3,48,47,202,2078.95,0.721,0.778,0.04167,5.94,0
PX002031,999,expired_card,card,subscription,8,2,3,57,48,568,857.47,1.165,0.8,0.03509,11.03,0
PX002032,499,bank_timeout,wallet,saas,8,1,0,2,57,220,485.76,1.027,0.889,0.5,39.91,1
PX002033,499,insufficient_funds,upi,subscription,8,3,2,59,50,372,672.78,0.742,0.727,0.05085,47.44,1
PX002034,499,bank_timeout,wallet,ecommerce,8,1,2,3,18,282,339.01,1.472,0.889,0.33333,22.53,1
PX002035,19999,bank_timeout,wallet,media,4,2,2,46,8,531,17105.94,1.169,0.667,0.04348,3.37,0
PX002036,19999,suspicious_reversal,wallet,subscription,10,1,3,12,25,365,16955.93,1.179,0.909,0.08333,37.45,0
PX002037,1499,mandate_expired,netbanking,subscription,12,1,0,22,6,294,2093.0,0.716,0.923,0.04545,15.75,1
PX002038,1499,expired_card,wallet,education,11,3,2,52,3,146,1529.17,0.98,0.786,0.05769,3.51,0
PX002039,1999,suspicious_reversal,card,media,9,2,3,47,41,696,1822.68,1.097,0.818,0.04255,31.93,0
PX002040,19999,suspicious_reversal,netbanking,ecommerce,7,6,0,3,58,53,15123.45,1.322,0.538,2.0,36.11,0
PX002041,2499,expired_card,netbanking,subscription,8,0,3,33,12,55,3346.02,0.747,1.0,0.0,20.53,0
PX002042,9999,mandate_expired,card,education,4,2,1,1,41,684,12902.92,0.775,0.667,2.0,22.37,1
PX002043,999,mandate_expired,upi,media,10,2,0,37,35,207,954.25,1.047,0.833,0.05405,34.08,0
PX002044,4999,mandate_expired,upi,ecommerce,9,0,3,56,11,407,6448.99,0.775,1.0,0.0,32.42,0
PX002045,9999,insufficient_funds,upi,subscription,7,1,2,56,45,689,8054.84,1.241,0.875,0.01786,21.16,1
PX002046,9999,bank_timeout,netbanking,saas,8,4,0,8,6,422,12080.24,0.828,0.667,0.5,6.06,1
PX002047,499,expired_card,netbanking,saas,11,2,1,34,25,723,319.89,1.56,0.846,0.05882,24.99,0
PX002048,999,suspicious_reversal,card,ecommerce,10,3,2,40,11,62,1228.57,0.813,0.769,0.075,11.28,0
PX002049,499,insufficient_funds,card,saas,4,1,3,25,30,510,650.64,0.767,0.8,0.04,11.02,0
PX002050,9999,suspicious_reversal,wallet,education,7,2,1,37,22,610,9036.72,1.106,0.778,0.05405,29.57,0
PX002051,499,bank_timeout,upi,saas,11,1,3,2,31,50,312.01,1.599,0.917,0.5,37.21,1
PX002052,2499,mandate_expired,wallet,subscription,6,2,3,36,40,263,2676.19,0.934,0.75,0.05556,34.96,0
PX002053,4999,bank_timeout,upi,subscription,3,4,2,35,18,484,3350.86,1.492,0.429,0.11429,42.05,1
PX002054,4999,insufficient_funds,netbanking,ecommerce,13,4,1,21,44,283,5766.18,0.867,0.765,0.19048,20.92,1
PX002055,499,suspicious_reversal,upi,ecommerce,6,1,1,4,25,550,656.18,0.76,0.857,0.25,34.21,1
PX002056,1999,insufficient_funds,netbanking,media,9,2,0,25,16,690,1458.01,1.371,0.818,0.08,25.55,1
PX002057,9999,expired_card,netbanking,education,9,3,3,32,23,268,12468.96,0.802,0.75,0.09375,5.96,0
PX002058,1999,expired_card,card,saas,9,3,3,21,19,139,2260.09,0.884,0.75,0.14286,28.91,0
PX002059,499,mandate_expired,netbanking,subscription,6,3,1,51,39,722,638.69,0.781,0.667,0.05882,23.97,0
PX002060,1499,expired_card,netbanking,subscription,9,3,0,17,18,219,913.28,1.641,0.75,0.17647,25.7,0
PX002061,999,bank_timeout,wallet,media,10,3,0,8,15,584,1394.88,0.716,0.769,0.375,27.22,0
PX002062,499,expired_card,upi,subscription,10,0,2,36,2,302,499.02,1.0,1.0,0.0,24.26,1
PX002063,9999,expired_card,wallet,education,9,0,3,32,30,181,10358.36,0.965,1.0,0.0,34.06,0
PX002064,2499,suspicious_reversal,wallet,media,7,1,0,32,26,451,1721.92,1.451,0.875,0.03125,42.01,1
PX002065,999,insufficient_funds,card,saas,8,1,0,44,56,315,1385.57,0.721,0.889,0.02273,24.28,1
PX002066,999,expired_card,netbanking,media,4,2,3,53,52,125,1000.07,0.999,0.667,0.03774,1.83,0
PX002067,4999,mandate_expired,wallet,education,7,3,2,11,40,627,4874.44,1.026,0.7,0.27273,42.86,0
PX002068,499,bank_timeout,netbanking,subscription,6,1,3,53,42,453,363.35,1.373,0.857,0.01887,37.01,1
PX002069,999,mandate_expired,netbanking,ecommerce,7,0,0,30,55,299,1335.46,0.748,1.0,0.0,33.65,0
PX002070,4999,suspicious_reversal,netbanking,subscription,7,2,0,14,24,54,6861.6,0.729,0.778,0.14286,38.65,1
PX002071,19999,suspicious_reversal,wallet,media,11,1,3,1,18,379,17834.37,1.121,0.917,1.0,20.98,1
PX002072,19999,mandate_expired,card,ecommerce,2,2,2,8,20,261,24620.83,0.812,0.5,0.25,29.39,0
PX002073,1499,suspicious_reversal,wallet,ecommerce,6,1,1,6,47,18,2072.68,0.723,0.857,0.16667,10.57,0
PX002074,2499,mandate_expired,wallet,subscription,7,3,2,59,30,729,3060.64,0.816,0.7,0.05085,38.39,0
PX002075,1499,mandate_expired,netbanking,ecommerce,9,0,1,1,38,349,1739.65,0.862,1.0,0.0,18.69,0
PX002076,19999,bank_timeout,netbanking,media,9,1,3,48,52,245,24101.59,0.83,0.9,0.02083,23.37,1
PX002077,999,expired_card,card,education,14,2,1,52,40,644,855.66,1.168,0.875,0.03846,1.32,0
PX002078,999,bank_timeout,netbanking,ecommerce,10,1,0,6,38,399,788.82,1.266,0.909,0.16667,9.54,1
PX002079,999,suspicious_reversal,wallet,education,7,1,0,32,53,393,1384.24,0.722,0.875,0.03125,2.38,0
PX002080,999,insufficient_funds,card,education,12,2,1,59,26,186,842.85,1.185,0.857,0.0339,43.13,1
PX002081,999,suspicious_reversal,upi,ecommerce,4,2,2,58,5,34,893.5,1.118,0.667,0.03448,34.5,0
PX002082,19999,insufficient_funds,upi,media,12,0,1,25,26,462,24159.02,0.828,1.0,0.0,4.49,1
PX002083,2499,suspicious_reversal,netbanking,subscription,16,1,0,21,48,78,2729.65,0.916,0.941,0.04762,5.86,0
PX002084,499,expired_card,wallet,saas,16,3,0,5,43,713,539.97,0.924,0.842,0.6,1.32,0
PX002085,1999,suspicious_reversal,card,media,8,3,0,18,56,632,2198.74,0.909,0.727,0.16667,45.65,0
PX002086,999,mandate_expired,netbanking,subscription,12,2,0,31,32,630,916.38,1.09,0.857,0.06452,24.64,0
PX002087,999,suspicious_reversal,upi,subscription,9,1,2,41,42,710,628.72,1.589,0.9,0.02439,25.5,0
PX002088,1999,bank_timeout,netbanking,media,10,3,2,53,14,692,1293.28,1.546,0.769,0.0566,30.31,0
PX002089,9999,expired_card,wallet,media,7,4,1,48,18,22,13249.69,0.755,0.636,0.08333,9.46,0
PX002090,9999,suspicious_reversal,netbanking,subscription,10,1,0,9,58,92,11659.34,0.858,0.909,0.11111,30.06,1
PX002091,499,mandate_expired,card,subscription,7,3,1,60,41,108,389.85,1.28,0.7,0.05,30.86,1
PX002092,2499,mandate_expired,netbanking,ecommerce,7,1,2,20,43,17,3100.73,0.806,0.875,0.05,13.02,0
PX002093,2499,expired_card,wallet,saas,9,1,3,16,30,424,2141.48,1.167,0.9,0.0625,10.64,0
PX002094,19999,mandate_expired,wallet,ecommerce,11,2,0,59,41,645,23439.88,0.853,0.846,0.0339,34.18,0
PX002095,9999,bank_timeout,wallet,education,10,1,2,56,27,101,8969.65,1.115,0.909,0.01786,46.07,0
PX002096,1499,expired_card,card,saas,12,1,1,15,49,487,2055.9,0.729,0.923,0.06667,2.59,1
PX002097,4999,insufficient_funds,wallet,media,6,6,3,5,50,546,3483.69,1.435,0.5,1.2,21.33,0
PX002098,9999,mandate_expired,upi,ecommerce,4,5,3,54,36,26,9896.64,1.01,0.444,0.09259,13.26,0
PX002099,2499,suspicious_reversal,card,education,10,2,2,53,58,701,3097.77,0.807,0.833,0.03774,16.48,0
PX002100,1499,insufficient_funds,upi,subscription,4,2,2,18,4,400,1906.48,0.786,0.667,0.11111,6.66,0
PX002101,4999,expired_card,card,saas,6,1,3,57,16,178,5024.58,0.995,0.857,0.01754,35.91,1
PX002102,2499,mandate_expired,wallet,education,7,2,2,30,53,79,3174.29,0.787,0.778,0.06667,13.33,0
PX002103,499,expired_card,wallet,ecommerce,8,3,0,47,29,287,485.92,1.027,0.727,0.06383,9.77,1
PX002104,2499,bank_timeout,wallet,education,6,0,2,10,18,374,2637.09,0.948,1.0,0.0,10.57,1
PX002105,1999,insufficient_funds,netbanking,subscription,7,4,3,50,50,609,2039.49,0.98,0.636,0.08,2.76,1
PX002106,1999,bank_timeout,wallet,subscription,12,2,1,46,9,258,1961.64,1.019,0.857,0.04348,40.76,1
PX002107,9999,suspicious_reversal,netbanking,subscription,9,3,1,30,56,3,8271.11,1.209,0.75,0.1,25.57,0
PX002108,9999,mandate_expired,wallet,subscription,7,5,3,34,41,390,6915.62,1.446,0.583,0.14706,32.37,0
PX002109,2499,bank_timeout,netbanking,ecommerce,7,4,2,3,40,100,3281.87,0.761,0.636,1.33333,7.62,1
PX002110,1999,expired_card,wallet,saas,5,1,2,33,45,132,1861.89,1.074,0.833,0.0303,4.03,0
PX002111,499,suspicious_reversal,netbanking,ecommerce,9,3,2,33,15,40,637.31,0.783,0.75,0.09091,17.89,0
PX002112,1499,suspicious_reversal,card,subscription,15,1,1,45,16,582,1891.0,0.793,0.938,0.02222,3.69,1
PX002113,1999,insufficient_funds,upi,education,15,2,0,38,6,482,2502.98,0.799,0.882,0.05263,5.38,0
PX002114,2499,suspicious_reversal,card,education,5,1,3,36,1,511,1628.48,1.535,0.833,0.02778,18.09,0
PX002115,1999,expired_card,wallet,subscription,6,3,1,52,27,71,2455.78,0.814,0.667,0.05769,5.8,0
PX002116,1999,expired_card,netbanking,ecommerce,8,1,0,48,28,258,2375.23,0.842,0.889,0.02083,8.45,1
PX002117,19999,expired_card,netbanking,subscription,12,0,0,36,59,166,13276.89,1.506,1.0,0.0,29.45,1
PX002118,19999,suspicious_reversal,upi,media,6,2,0,26,14,186,20664.37,0.968,0.75,0.07692,43.5,1
PX002119,2499,bank_timeout,netbanking,subscription,12,2,0,55,25,117,2073.36,1.205,0.857,0.03636,18.17,1
PX002120,2499,bank_timeout,card,education,5,4,2,29,30,16,2521.42,0.991,0.556,0.13793,16.55,0
PX002121,4999,mandate_expired,upi,media,8,2,1,18,56,508,4241.65,1.179,0.8,0.11111,4.35,1
PX002122,1999,expired_card,upi,media,12,3,0,52,17,1,2648.29,0.755,0.8,0.05769,8.36,1
PX002123,1999,suspicious_reversal,wallet,ecommerce,5,0,0,51,15,549,1655.91,1.207,1.0,0.0,25.85,0
PX002124,4999,expired_card,upi,saas,8,0,1,16,54,493,5564.63,0.898,1.0,0.0,9.43,1
PX002125,19999,insufficient_funds,netbanking,saas,8,3,2,1,9,470,21029.35,0.951,0.727,3.0,37.19,0
PX002126,19999,insufficient_funds,netbanking,education,9,1,2,42,18,394,23235.87,0.861,0.9,0.02381,34.14,0
PX002127,499,mandate_expired,upi,media,10,5,2,18,29,599,504.02,0.99,0.667,0.27778,12.71,0
PX002128,499,bank_timeout,netbanking,education,10,2,0,45,2,467,440.42,1.133,0.833,0.04444,0.53,1
PX002129,1499,insufficient_funds,upi,subscription,11,5,2,18,45,553,1496.26,1.002,0.688,0.27778,9.02,1
PX002130,999,suspicious_reversal,card,media,9,0,0,32,37,51,1081.63,0.924,1.0,0.0,21.95,0
PX002131,499,mandate_expired,netbanking,education,9,1,0,43,10,300,396.65,1.258,0.9,0.02326,24.26,1
PX002132,499,expired_card,upi,subscription,14,3,2,43,36,343,447.6,1.115,0.824,0.06977,12.41,1
PX002133,999,mandate_expired,card,subscription,7,2,1,4,22,644,1159.94,0.861,0.778,0.5,17.73,0
PX002134,999,mandate_expired,wallet,education,8,2,1,37,44,215,704.04,1.419,0.8,0.05405,14.22,0
PX002135,1999,expired_card,upi,ecommerce,9,2,0,40,14,684,1333.18,1.499,0.818,0.05,33.16,0
PX002136,4999,mandate_expired,upi,saas,7,3,1,22,22,401,6061.71,0.825,0.7,0.13636,34.04,0
PX002137,999,insufficient_funds,card,education,10,2,0,7,5,254,647.5,1.543,0.833,0.28571,29.04,1
PX002138,1999,suspicious_reversal,card,saas,11,4,0,56,34,108,1640.92,1.218,0.733,0.07143,2.11,0
PX002139,9999,mandate_expired,upi,ecommerce,1,5,3,56,31,314,9626.45,1.039,0.167,0.08929,42.61,0
PX002140,1499,insufficient_funds,upi,media,11,3,2,26,11,387,1873.2,0.8,0.786,0.11538,29.55,1
PX002141,1999,mandate_expired,netbanking,ecommerce,6,2,3,1,52,245,2446.29,0.817,0.75,2.0,6.82,0
PX002142,1499,mandate_expired,card,education,6,5,2,45,57,132,923.81,1.623,0.545,0.11111,15.33,0
PX002143,2499,bank_timeout,netbanking,education,11,3,3,27,34,658,2398.29,1.042,0.786,0.11111,35.3,1
PX002144,4999,suspicious_reversal,wallet,education,9,4,3,59,12,422,4430.62,1.128,0.692,0.0678,32.7,0
PX002145,19999,suspicious_reversal,wallet,saas,3,0,3,53,37,25,20594.21,0.971,1.0,0.0,23.75,0
PX002146,19999,suspicious_reversal,netbanking,media,6,1,2,6,25,711,14654.5,1.365,0.857,0.16667,21.02,0
PX002147,9999,mandate_expired,card,education,10,2,2,24,16,707,10420.31,0.96,0.833,0.08333,32.91,1
PX002148,4999,insufficient_funds,wallet,media,11,3,2,12,5,606,5488.44,0.911,0.786,0.25,32.89,1
PX002149,1499,insufficient_funds,wallet,ecommerce,7,1,1,53,16,699,2085.54,0.719,0.875,0.01887,6.62,1
PX002150,1499,suspicious_reversal,wallet,education,10,2,1,50,23,584,1861.63,0.805,0.833,0.04,16.69,0
PX002151,999,bank_timeout,card,subscription,9,2,3,37,50,191,667.46,1.497,0.818,0.05405,26.76,1
PX002152,9999,expired_card,netbanking,education,9,3,2,9,60,89,8541.73,1.171,0.75,0.33333,41.64,0
PX002153,999,bank_timeout,card,subscription,9,1,1,21,55,388,1054.78,0.947,0.9,0.04762,28.16,1
PX002154,1499,bank_timeout,wallet,education,4,2,1,43,18,555,1325.58,1.131,0.667,0.04651,12.88,1
PX002155,1499,insufficient_funds,card,education,3,2,0,57,34,475,1482.21,1.011,0.6,0.03509,37.53,1
PX002156,2499,insufficient_funds,netbanking,ecommerce,6,4,3,40,55,80,2708.01,0.923,0.6,0.1,9.21,0
PX002157,4999,bank_timeout,netbanking,subscription,8,2,3,10,55,151,6150.55,0.813,0.8,0.2,19.4,0
PX002158,9999,mandate_expired,wallet,education,10,1,1,40,47,148,12123.4,0.825,0.909,0.025,38.04,1
PX002159,999,expired_card,netbanking,media,5,1,1,5,9,446,895.32,1.116,0.833,0.2,42.29,1
PX002160,2499,expired_card,netbanking,education,8,1,1,5,20,59,1604.12,1.558,0.889,0.2,2.07,0
PX002161,2499,suspicious_reversal,netbanking,saas,6,1,2,41,14,91,1663.02,1.503,0.857,0.02439,34.66,0
PX002162,19999,bank_timeout,netbanking,education,4,2,3,16,58,253,18279.82,1.094,0.667,0.125,39.65,1
PX002163,499,expired_card,upi,saas,7,0,0,34,43,60,670.51,0.744,1.0,0.0,38.66,1
PX002164,1999,mandate_expired,netbanking,subscription,4,1,3,21,45,63,2747.41,0.728,0.8,0.04762,22.72,0
PX002165,9999,bank_timeout,card,media,10,3,1,29,9,257,6184.52,1.617,0.769,0.10345,46.05,1
PX002166,2499,expired_card,netbanking,saas,10,0,2,59,2,699,1895.8,1.318,1.0,0.0,39.88,0
PX002167,2499,bank_timeout,netbanking,education,5,1,3,5,12,673,3344.72,0.747,0.833,0.2,35.7,0
PX002168,999,bank_timeout,card,saas,9,5,1,51,2,28,824.12,1.212,0.643,0.09804,33.3,1
PX002169,19999,suspicious_reversal,card,saas,6,2,3,31,49,416,16143.54,1.239,0.75,0.06452,25.89,0
PX002170,1499,bank_timeout,wallet,saas,6,5,0,37,58,580,1112.96,1.347,0.545,0.13514,39.31,1
PX002171,999,expired_card,card,saas,13,0,0,4,5,138,886.96,1.126,1.0,0.0,47.01,1
PX002172,999,suspicious_reversal,card,media,10,2,1,19,2,702,1106.58,0.903,0.833,0.10526,3.55,0
PX002173,1999,insufficient_funds,netbanking,media,5,0,0,27,8,361,1773.07,1.127,1.0,0.0,20.43,1
PX002174,19999,mandate_expired,upi,education,16,2,1,53,2,119,25020.51,0.799,0.889,0.03774,36.39,0
PX002175,4999,suspicious_reversal,upi,education,13,5,2,32,47,553,3306.78,1.512,0.722,0.15625,38.77,0
PX002176,4999,mandate_expired,card,ecommerce,6,1,1,31,2,197,5260.95,0.95,0.857,0.03226,34.87,1
PX002177,1999,insufficient_funds,netbanking,ecommerce,8,3,2,33,42,685,2060.92,0.97,0.727,0.09091,25.04,0
PX002178,4999,bank_timeout,wallet,saas,9,0,2,50,53,710,4955.89,1.009,1.0,0.0,6.58,1
PX002179,499,bank_timeout,upi,media,8,0,1,32,15,710,687.92,0.725,1.0,0.0,5.7,1
PX002180,4999,expired_card,card,media,6,6,2,15,36,584,5659.24,0.883,0.5,0.4,11.09,0
PX002181,499,insufficient_funds,upi,education,9,1,2,20,38,107,353.0,1.414,0.9,0.05,39.33,0
PX002182,1999,insufficient_funds,wallet,media,10,2,2,20,40,7,1704.49,1.173,0.833,0.1,13.43,1
PX002183,4999,mandate_expired,wallet,media,6,4,1,22,51,270,6172.59,0.81,0.6,0.18182,1.96,0
PX002184,4999,insufficient_funds,upi,saas,9,0,3,37,16,26,3171.54,1.576,1.0,0.0,42.5,0
PX002185,2499,mandate_expired,wallet,subscription,10,2,2,35,18,64,1833.78,1.363,0.833,0.05714,4.88,0
PX002186,1499,insufficient_funds,netbanking,media,12,3,3,32,42,683,1724.7,0.869,0.8,0.09375,5.92,0
PX002187,999,bank_timeout,netbanking,ecommerce,5,6,3,5,39,627,1207.61,0.827,0.455,1.2,13.9,1
PX002188,9999,mandate_expired,wallet,ecommerce,6,2,0,9,22,140,9504.74,1.052,0.75,0.22222,26.36,0
PX002189,999,bank_timeout,upi,media,10,5,3,35,13,55,1233.39,0.81,0.667,0.14286,36.08,0
PX002190,9999,insufficient_funds,card,ecommerce,12,2,2,56,23,295,11067.44,0.903,0.857,0.03571,2.53,1
PX002191,2499,insufficient_funds,upi,education,9,1,0,54,41,447,2273.19,1.099,0.9,0.01852,40.02,1
PX002192,499,insufficient_funds,netbanking,subscription,10,1,3,23,40,332,571.14,0.874,0.909,0.04348,7.86,0
PX002193,2499,mandate_expired,wallet,ecommerce,7,3,1,23,2,676,2666.15,0.937,0.7,0.13043,8.38,0
PX002194,19999,mandate_expired,wallet,subscription,5,3,1,3,8,690,22885.72,0.874,0.625,1.0,22.11,0
PX002195,9999,bank_timeout,card,media,10,4,0,31,11,226,7644.04,1.308,0.714,0.12903,16.31,1
PX002196,9999,bank_timeout,wallet,ecommerce,7,1,2,50,35,721,11899.3,0.84,0.875,0.02,20.19,0
PX002197,1999,insufficient_funds,card,media,5,1,2,12,33,654,1300.87,1.537,0.833,0.08333,30.19,1
PX002198,19999,expired_card,wallet,media,8,1,2,21,55,700,25789.15,0.775,0.889,0.04762,21.41,1
PX002199,4999,mandate_expired,wallet,media,12,1,3,18,50,470,5359.18,0.933,0.923,0.05556,32.0,0
PX002200,4999,insufficient_funds,netbanking,media,7,0,1,55,46,670,5493.98,0.91,1.0,0.0,22.35,0
PX002201,4999,suspicious_reversal,card,subscription,6,5,0,13,31,693,3396.84,1.472,0.545,0.38462,11.74,1
PX002202,499,expired_card,netbanking,education,8,3,1,2,43,502,588.47,0.848,0.727,1.5,9.06,0
PX002203,499,suspicious_reversal,card,education,8,2,2,29,23,153,684.2,0.729,0.8,0.06897,27.39,0
PX002204,19999,suspicious_reversal,wallet,education,6,2,3,5,1,8,17101.58,1.169,0.75,0.4,38.77,1
PX002205,2499,insufficient_funds,wallet,education,9,3,2,38,8,364,2392.81,1.044,0.75,0.07895,45.33,0
PX002206,499,suspicious_reversal,netbanking,education,9,3,1,8,27,439,392.58,1.271,0.75,0.375,16.28,0
PX002207,1499,bank_timeout,wallet,saas,9,5,3,3,32,261,1908.33,0.786,0.643,1.66667,2.9,1
PX002208,1999,suspicious_reversal,netbanking,education,9,2,2,46,13,463,1425.66,1.402,0.818,0.04348,36.45,0
PX002209,19999,expired_card,card,education,7,2,0,29,44,83,26825.55,0.746,0.778,0.06897,43.28,1
PX002210,999,mandate_expired,netbanking,ecommerce,6,3,0,13,46,557,663.12,1.507,0.667,0.23077,28.97,1
PX002211,999,suspicious_reversal,card,ecommerce,8,1,1,44,52,194,808.08,1.236,0.889,0.02273,20.14,1
PX002212,499,expired_card,upi,saas,8,1,2,12,58,442,422.31,1.182,0.889,0.08333,17.11,0
PX002213,9999,mandate_expired,wallet,subscription,7,0,2,50,6,28,9720.46,1.029,1.0,0.0,12.24,0
PX002214,9999,suspicious_reversal,card,education,14,2,1,27,38,324,10611.25,0.942,0.875,0.07407,18.89,0
PX002215,1499,suspicious_reversal,wallet,subscription,8,3,2,25,2,687,1129.14,1.328,0.727,0.12,8.61,0
PX002216,4999,mandate_expired,upi,ecommerce,7,1,2,12,31,491,6030.59,0.829,0.875,0.08333,13.17,0
PX002217,2499,expired_card,netbanking,media,5,1,1,33,51,139,2874.68,0.869,0.833,0.0303,4.72,0
PX002218,2499,expired_card,wallet,ecommerce,12,0,2,54,46,596,2807.51,0.89,1.0,0.0,11.57,0
PX002219,999,suspicious_reversal,netbanking,education,7,3,3,3,48,265,1246.83,0.801,0.7,1.0,43.6,0
PX002220,1499,insufficient_funds,wallet,media,7,1,2,2,11,73,1026.35,1.461,0.875,0.5,47.28,1
PX002221,9999,bank_timeout,upi,education,4,2,3,48,28,14,9444.16,1.059,0.667,0.04167,6.55,1
PX002222,1499,mandate_expired,card,subscription,5,1,3,21,60,366,2029.61,0.739,0.833,0.04762,38.73,1
PX002223,2499,expired_card,wallet,ecommerce,10,1,0,25,56,35,1773.74,1.409,0.909,0.04,22.6,0
PX002224,499,mandate_expired,upi,education,5,3,2,21,60,691,440.12,1.134,0.625,0.14286,14.37,0
PX002225,19999,suspicious_reversal,netbanking,media,13,2,0,45,28,215,14123.49,1.416,0.867,0.04444,2.53,1
PX002226,19999,mandate_expired,card,subscription,15,1,1,1,35,492,13917.41,1.437,0.938,1.0,18.95,1
PX002227,1999,bank_timeout,upi,ecommerce,4,1,1,53,26,713,2644.31,0.756,0.8,0.01887,26.25,1
PX002228,999,bank_timeout,upi,media,6,2,2,44,45,377,848.74,1.177,0.75,0.04545,1.19,1
PX002229,1499,bank_timeout,netbanking,media,8,0,0,3,29,174,944.62,1.587,1.0,0.0,10.98,1
PX002230,2499,mandate_expired,card,subscription,7,3,1,17,30,109,1656.0,1.509,0.7,0.17647,1.0,0
PX002231,19999,mandate_expired,wallet,media,12,1,3,40,17,292,26595.9,0.752,0.923,0.025,39.45,0
PX002232,499,insufficient_funds,netbanking,media,12,4,3,40,8,320,534.01,0.934,0.75,0.1,47.33,0
PX002233,999,bank_timeout,upi,saas,10,1,3,13,14,332,1388.28,0.72,0.909,0.07692,15.08,0
PX002234,499,mandate_expired,upi,ecommerce,4,0,0,18,14,18,647.47,0.771,1.0,0.0,19.38,0
PX002235,999,expired_card,netbanking,ecommerce,9,1,1,52,2,345,781.66,1.278,0.9,0.01923,19.28,1
PX002236,4999,bank_timeout,card,media,9,2,1,11,44,487,6094.83,0.82,0.818,0.18182,23.84,0
PX002237,999,suspicious_reversal,wallet,subscription,8,4,1,35,57,50,1014.07,0.985,0.667,0.11429,44.41,0
PX002238,2499,mandate_expired,upi,education,11,2,2,19,1,573,2817.31,0.887,0.846,0.10526,4.51,1
PX002239,4999,expired_card,upi,subscription,7,1,0,26,55,223,6188.16,0.808,0.875,0.03846,37.07,0
PX002240,999,mandate_expired,wallet,saas,13,1,0,45,60,153,993.71,1.005,0.929,0.02222,13.18,1
PX002241,9999,expired_card,wallet,saas,11,2,3,29,36,13,10036.29,0.996,0.846,0.06897,44.21,0
PX002242,1999,insufficient_funds,netbanking,subscription,15,7,0,8,17,199,2712.44,0.737,0.682,0.875,9.85,1
PX002243,9999,bank_timeout,wallet,subscription,9,2,1,50,51,458,8016.19,1.247,0.818,0.04,19.6,1
PX002244,1499,insufficient_funds,card,subscription,5,2,1,52,7,428,2054.53,0.73,0.714,0.03846,13.86,1
PX002245,999,expired_card,wallet,media,8,0,1,17,44,53,1137.05,0.879,1.0,0.0,24.83,1
PX002246,2499,expired_card,upi,subscription,11,4,2,45,10,9,2574.8,0.971,0.733,0.08889,17.8,1
PX002247,1999,expired_card,card,media,4,0,2,3,41,252,1412.96,1.415,1.0,0.0,9.75,0
PX002248,19999,suspicious_reversal,upi,media,9,2,3,25,44,460,20833.65,0.96,0.818,0.08,41.42,0
PX002249,19999,suspicious_reversal,card,ecommerce,11,2,0,7,29,444,13943.08,1.434,0.846,0.28571,30.19,0
PX002250,19999,bank_timeout,card,saas,7,1,3,26,14,289,27404.42,0.73,0.875,0.03846,26.25,1
PX002251,4999,bank_timeout,netbanking,media,6,2,0,9,54,77,4640.51,1.077,0.75,0.22222,5.86,1
PX002252,2499,insufficient_funds,card,media,3,0,1,54,34,493,2488.37,1.004,1.0,0.0,26.33,0
PX002253,9999,bank_timeout,card,media,9,1,2,45,30,93,6404.57,1.561,0.9,0.02222,27.43,1
PX002254,1499,insufficient_funds,wallet,saas,8,2,2,58,60,335,1665.5,0.9,0.8,0.03448,8.94,1
PX002255,19999,expired_card,card,education,11,0,0,49,59,299,21004.24,0.952,1.0,0.0,14.82,0
PX002256,999,expired_card,upi,media,8,1,1,60,56,398,1085.59,0.92,0.889,0.01667,2.65,1
PX002257,2499,bank_timeout,wallet,ecommerce,13,2,3,44,17,186,2156.55,1.159,0.867,0.04545,16.51,1
PX002258,4999,insufficient_funds,upi,education,8,1,2,54,6,16,5799.02,0.862,0.889,0.01852,36.42,1
PX002259,1499,insufficient_funds,netbanking,subscription,6,1,3,55,15,381,982.13,1.526,0.857,0.01818,36.21,0
PX002260,999,mandate_expired,netbanking,media,7,2,2,4,4,219,896.71,1.114,0.778,0.5,46.24,1
PX002261,2499,bank_timeout,wallet,subscription,5,3,1,20,27,20,2678.51,0.933,0.625,0.15,34.78,1
PX002262,9999,insufficient_funds,upi,ecommerce,9,4,0,47,10,646,11693.29,0.855,0.692,0.08511,3.39,1
PX002263,19999,expired_card,upi,subscription,9,1,1,7,10,566,15793.11,1.266,0.9,0.14286,21.16,0
PX002264,499,bank_timeout,wallet,saas,5,1,1,16,55,63,366.22,1.363,0.833,0.0625,24.37,0
PX002265,4999,bank_timeout,netbanking,education,5,3,3,20,23,515,4812.42,1.039,0.625,0.15,30.54,1
PX002266,1499,expired_card,netbanking,education,6,2,1,3,29,389,1494.56,1.003,0.75,0.66667,45.03,0
PX002267,1999,suspicious_reversal,netbanking,education,10,1,1,1,39,190,1685.72,1.186,0.909,1.0,45.21,0
PX002268,1499,mandate_expired,upi,media,10,1,1,26,10,266,1364.3,1.099,0.909,0.03846,40.58,0
PX002269,1999,expired_card,wallet,education,8,5,2,6,38,194,2100.94,0.951,0.615,0.83333,43.88,0
PX002270,9999,insufficient_funds,netbanking,ecommerce,11,0,3,30,52,540,7510.79,1.331,1.0,0.0,15.7,1
PX002271,999,suspicious_reversal,wallet,subscription,3,3,1,4,24,126,969.54,1.03,0.5,0.75,8.67,0
PX002272,1499,insufficient_funds,card,saas,8,2,3,46,24,187,1970.91,0.761,0.8,0.04348,39.6,1
PX002273,4999,insufficient_funds,upi,media,6,3,0,60,7,255,6804.41,0.735,0.667,0.05,32.63,1
PX002274,1999,expired_card,netbanking,saas,7,2,3,49,12,704,1514.48,1.32,0.778,0.04082,20.19,0
PX002275,1999,insufficient_funds,netbanking,saas,5,3,1,34,45,658,1551.04,1.289,0.625,0.08824,6.43,1
PX002276,499,suspicious_reversal,card,subscription,5,1,3,34,29,457,300.81,1.659,0.833,0.02941,24.85,0
PX002277,499,insufficient_funds,wallet,media,13,3,0,4,12,16,489.65,1.019,0.812,0.75,26.42,1
PX002278,19999,bank_timeout,wallet,ecommerce,8,2,3,11,44,318,17351.8,1.153,0.8,0.18182,17.46,1
PX002279,1499,mandate_expired,upi,subscription,9,1,3,41,11,207,1787.01,0.839,0.9,0.02439,3.69,1
PX002280,4999,expired_card,card,ecommerce,9,1,1,40,36,420,3511.86,1.423,0.9,0.025,17.36,0
PX002281,1499,bank_timeout,upi,media,10,3,0,34,15,119,1429.61,1.049,0.769,0.08824,30.08,1
PX002282,1999,suspicious_reversal,netbanking,education,8,2,0,10,38,196,1331.45,1.501,0.8,0.2,9.81,1
PX002283,9999,suspicious_reversal,card,subscription,3,6,3,49,18,83,11605.46,0.862,0.333,0.12245,47.5,1
PX002284,1999,insufficient_funds,wallet,education,10,2,2,15,45,435,2186.56,0.914,0.833,0.13333,39.08,1
PX002285,2499,expired_card,upi,media,9,2,1,42,14,169,2480.79,1.007,0.818,0.04762,25.34,1
PX002286,499,insufficient_funds,netbanking,ecommerce,7,3,1,34,20,258,590.19,0.845,0.7,0.08824,42.19,0
PX002287,1499,bank_timeout,netbanking,education,5,6,2,57,26,531,1304.11,1.149,0.455,0.10526,9.67,1
PX002288,4999,bank_timeout,netbanking,subscription,8,2,3,49,49,127,4201.63,1.19,0.8,0.04082,0.74,0
PX002289,499,insufficient_funds,card,ecommerce,7,1,1,10,53,632,512.9,0.973,0.875,0.1,47.77,1
PX002290,1999,expired_card,netbanking,saas,3,1,0,18,33,21,1647.55,1.213,0.75,0.05556,43.07,0
PX002291,2499,insufficient_funds,card,subscription,5,4,3,20,28,245,2150.47,1.162,0.556,0.2,41.47,0
PX002292,9999,mandate_expired,netbanking,media,4,0,3,21,58,721,8746.72,1.143,1.0,0.0,32.71,0
PX002293,1499,expired_card,card,subscription,6,3,3,4,36,380,1987.29,0.754,0.667,0.75,18.05,0
PX002294,1999,mandate_expired,card,saas,7,3,3,4,55,709,1672.03,1.196,0.7,0.75,6.66,0
PX002295,9999,suspicious_reversal,card,ecommerce,6,0,1,7,3,235,13370.91,0.748,1.0,0.0,24.98,0
PX002296,9999,mandate_expired,upi,ecommerce,9,6,2,24,14,632,13974.39,0.716,0.6,0.25,35.91,0
PX002297,1499,suspicious_reversal,netbanking,subscription,10,1,1,9,30,60,1252.03,1.197,0.909,0.11111,1.03,0
PX002298,1999,mandate_expired,wallet,saas,11,1,3,14,38,428,1884.94,1.061,0.917,0.07143,27.04,1
PX002299,4999,mandate_expired,wallet,ecommerce,7,2,0,4,59,67,6186.47,0.808,0.778,0.5,16.64,1
PX002300,999,insufficient_funds,upi,media,9,0,1,16,19,521,904.68,1.104,1.0,0.0,23.73,1
PX002301,1999,bank_timeout,upi,saas,10,3,3,52,43,723,1711.47,1.168,0.769,0.05769,26.68,1
PX002302,4999,suspicious_reversal,upi,saas,9,1,2,12,38,526,4871.21,1.026,0.9,0.08333,22.79,0
PX002303,2499,suspicious_reversal,netbanking,subscription,9,0,2,24,24,517,2822.95,0.885,1.0,0.0,23.0,0
PX002304,1499,mandate_expired,card,ecommerce,7,2,2,1,40,689,1107.33,1.354,0.778,2.0,5.87,1
PX002305,4999,expired_card,netbanking,education,6,5,3,28,38,527,5259.62,0.95,0.545,0.17857,42.93,0
PX002306,2499,suspicious_reversal,netbanking,subscription,5,1,1,30,50,278,2570.39,0.972,0.833,0.03333,41.42,0
PX002307,1999,mandate_expired,wallet,media,6,1,2,32,28,626,2457.87,0.813,0.857,0.03125,46.64,0
PX002308,499,expired_card,netbanking,media,6,4,3,9,26,451,681.24,0.732,0.6,0.44444,1.71,0
PX002309,2499,suspicious_reversal,netbanking,subscription,6,4,1,15,55,448,1806.96,1.383,0.6,0.26667,38.97,0
PX002310,19999,bank_timeout,card,subscription,11,3,3,2,42,221,19868.22,1.007,0.786,1.5,21.06,1
PX002311,999,insufficient_funds,netbanking,ecommerce,9,1,0,18,34,671,1121.72,0.891,0.9,0.05556,37.71,1
PX002312,499,bank_timeout,wallet,subscription,6,5,1,30,50,14,625.68,0.798,0.545,0.16667,38.63,1
PX002313,19999,insufficient_funds,netbanking,subscription,7,0,0,33,16,437,18944.6,1.056,1.0,0.0,14.15,1
PX002314,9999,insufficient_funds,wallet,education,7,2,0,9,8,547,9328.32,1.072,0.778,0.22222,31.27,1
PX002315,19999,bank_timeout,wallet,education,6,1,1,16,15,116,26550.99,0.753,0.857,0.0625,35.65,1
PX002316,999,suspicious_reversal,wallet,subscription,11,3,3,3,20,305,962.12,1.038,0.786,1.0,45.28,0
PX002317,499,mandate_expired,netbanking,ecommerce,11,1,2,37,28,53,578.82,0.862,0.917,0.02703,38.45,0
PX002318,499,expired_card,wallet,saas,6,1,2,20,18,566,519.07,0.961,0.857,0.05,35.34,0
PX002319,1499,mandate_expired,card,media,5,3,1,17,19,500,1930.45,0.777,0.625,0.17647,8.5,0
PX002320,1999,insufficient_funds,card,subscription,8,5,0,36,37,191,2221.72,0.9,0.615,0.13889,32.55,1
PX002321,9999,bank_timeout,card,saas,14,0,1,41,60,164,6311.9,1.584,1.0,0.0,16.81,1
PX002322,999,mandate_expired,wallet,subscription,7,5,0,39,3,453,1116.1,0.895,0.583,0.12821,20.88,0
PX002323,9999,mandate_expired,card,education,3,2,0,40,12,624,12945.43,0.772,0.6,0.05,18.4,1
PX002324,9999,suspicious_reversal,card,media,2,2,0,42,58,125,6263.07,1.597,0.5,0.04762,28.79,0
PX002325,1999,insufficient_funds,wallet,ecommerce,16,3,0,11,47,308,1490.04,1.342,0.842,0.27273,22.25,1
PX002326,1999,suspicious_reversal,wallet,saas,8,3,3,15,42,252,1839.61,1.087,0.727,0.2,4.01,0
PX002327,4999,suspicious_reversal,netbanking,media,6,4,1,52,40,210,5503.89,0.908,0.6,0.07692,44.45,0
PX002328,9999,insufficient_funds,wallet,subscription,6,2,3,58,55,321,9379.81,1.066,0.75,0.03448,45.32,1
PX002329,1499,bank_timeout,upi,saas,8,1,2,59,36,113,1576.42,0.951,0.889,0.01695,1.59,1
PX002330,999,insufficient_funds,netbanking,saas,5,2,0,51,35,265,1135.26,0.88,0.714,0.03922,30.99,0
PX002331,19999,expired_card,netbanking,subscription,7,0,2,6,1,76,16783.39,1.192,1.0,0.0,46.13,0
PX002332,19999,bank_timeout,card,subscription,9,2,3,34,5,265,26487.07,0.755,0.818,0.05882,7.08,1
PX002333,9999,expired_card,netbanking,ecommerce,13,1,0,37,60,468,12848.2,0.778,0.929,0.02703,4.56,0
PX002334,2499,bank_timeout,upi,education,8,0,0,21,54,440,2588.47,0.965,1.0,0.0,40.73,1
PX002335,1499,mandate_expired,card,media,6,2,0,26,59,106,1194.42,1.255,0.75,0.07692,40.06,1
PX002336,9999,insufficient_funds,card,ecommerce,6,5,1,5,28,460,13858.8,0.721,0.545,1.0,40.02,0
PX002337,4999,bank_timeout,wallet,education,10,1,0,42,42,463,5013.75,0.997,0.909,0.02381,20.93,1
PX002338,1999,bank_timeout,card,saas,7,2,0,8,3,519,2795.04,0.715,0.778,0.25,14.85,0
PX002339,999,expired_card,wallet,media,13,1,2,59,16,314,1334.73,0.748,0.929,0.01695,16.88,1
PX002340,19999,expired_card,upi,education,6,5,2,35,54,644,12233.61,1.635,0.545,0.14286,22.66,0
PX002341,1999,suspicious_reversal,card,subscription,7,1,1,24,41,472,1881.67,1.062,0.875,0.04167,8.21,0
PX002342,999,mandate_expired,upi,subscription,13,1,3,22,10,543,1042.77,0.958,0.929,0.04545,15.22,0
PX002343,2499,suspicious_reversal,card,saas,10,1,1,45,15,512,3493.81,0.715,0.909,0.02222,4.7,0
PX002344,499,bank_timeout,card,saas,8,0,3,7,35,214,488.26,1.022,1.0,0.0,11.08,1
PX002345,4999,bank_timeout,netbanking,ecommerce,12,6,1,56,40,708,5134.7,0.974,0.667,0.10714,37.53,0
PX002346,19999,expired_card,netbanking,saas,5,1,1,54,40,375,27516.1,0.727,0.833,0.01852,42.2,0
PX002347,999,insufficient_funds,netbanking,ecommerce,14,1,3,34,42,439,1277.33,0.782,0.933,0.02941,1.74,1
PX002348,9999,bank_timeout,upi,media,3,3,0,27,29,456,7697.77,1.299,0.5,0.11111,14.16,1
PX002349,9999,expired_card,wallet,saas,10,1,2,57,41,685,12470.53,0.802,0.909,0.01754,8.5,0
PX002350,999,mandate_expired,card,subscription,4,2,0,47,8,128,884.5,1.129,0.667,0.04255,12.04,0
PX002351,999,suspicious_reversal,wallet,education,12,2,2,15,49,77,985.33,1.014,0.857,0.13333,24.17,1
PX002352,19999,expired_card,upi,ecommerce,7,2,0,18,49,619,23337.82,0.857,0.778,0.11111,15.34,0
PX002353,499,suspicious_reversal,wallet,ecommerce,10,0,1,23,32,544,652.9,0.764,1.0,0.0,18.14,0
PX002354,9999,mandate_expired,wallet,saas,9,1,2,2,10,710,11955.44,0.836,0.9,0.5,33.28,0
PX002355,999,expired_card,wallet,education,8,3,0,54,48,644,869.56,1.149,0.727,0.05556,17.75,0
PX002356,2499,expired_card,wallet,education,6,2,1,11,15,608,1917.55,1.303,0.75,0.18182,7.34,0
PX002357,999,suspicious_reversal,card,saas,11,1,0,33,51,273,1084.55,0.921,0.917,0.0303,42.38,0
PX002358,2499,insufficient_funds,netbanking,education,5,1,3,32,48,199,2228.41,1.121,0.833,0.03125,24.67,1
PX002359,1999,insufficient_funds,netbanking,education,8,2,0,2,54,108,1851.99,1.079,0.8,1.0,28.06,1
PX002360,19999,expired_card,upi,subscription,11,2,0,25,11,429,23284.63,0.859,0.846,0.08,8.92,0
PX002361,499,expired_card,card,subscription,6,1,0,48,34,182,622.58,0.802,0.857,0.02083,44.39,1
PX002362,9999,suspicious_reversal,upi,education,12,3,2,39,3,75,12109.07,0.826,0.8,0.07692,0.66,0
PX002363,4999,suspicious_reversal,netbanking,education,5,2,1,47,37,427,4621.86,1.082,0.714,0.04255,22.31,0
PX002364,9999,suspicious_reversal,netbanking,media,8,2,0,31,25,101,10658.14,0.938,0.8,0.06452,11.94,0
PX002365,9999,insufficient_funds,wallet,media,3,3,2,26,25,74,13377.36,0.747,0.5,0.11538,31.26,0
PX002366,999,expired_card,upi,education,6,1,1,39,54,321,681.43,1.466,0.857,0.02564,27.84,1
PX002367,499,mandate_expired,card,ecommerce,7,2,1,46,42,4,681.26,0.732,0.778,0.04348,22.48,0
PX002368,2499,suspicious_reversal,netbanking,media,10,1,0,47,15,142,2791.12,0.895,0.909,0.02128,28.11,0
PX002369,2499,expired_card,netbanking,media,9,3,1,43,50,268,1921.69,1.3,0.75,0.06977,25.41,0
PX002370,1499,mandate_expired,card,media,4,3,0,19,37,90,1607.44,0.933,0.571,0.15789,39.23,0
PX002371,4999,insufficient_funds,card,saas,9,2,2,3,46,17,5917.12,0.845,0.818,0.66667,10.37,1
PX002372,1499,expired_card,upi,saas,8,3,3,25,44,702,1027.16,1.459,0.727,0.12,38.57,0
PX002373,4999,expired_card,upi,subscription,7,0,0,11,56,350,6836.55,0.731,1.0,0.0,33.91,1
PX002374,4999,suspicious_reversal,wallet,education,8,3,2,18,22,60,3566.32,1.402,0.727,0.16667,20.77,0
PX002375,4999,suspicious_reversal,card,subscription,6,0,1,60,39,628,5921.36,0.844,1.0,0.0,9.38,0
PX002376,4999,expired_card,wallet,subscription,9,1,0,32,28,674,3384.17,1.477,0.9,0.03125,38.71,1
PX002377,999,expired_card,upi,ecommerce,7,0,1,44,33,268,731.76,1.365,1.0,0.0,13.0,0
PX002378,19999,suspicious_reversal,card,education,13,2,3,8,47,652,23769.54,0.841,0.867,0.25,3.45,0
PX002379,19999,expired_card,netbanking,media,7,1,2,47,7,315,20547.64,0.973,0.875,0.02128,35.77,0
PX002380,19999,insufficient_funds,upi,education,5,4,1,51,24,304,27668.98,0.723,0.556,0.07843,27.56,0
PX002381,19999,suspicious_reversal,card,media,3,1,2,32,44,437,15023.48,1.331,0.75,0.03125,25.98,0
PX002382,4999,suspicious_reversal,upi,subscription,9,3,2,28,16,437,3273.66,1.527,0.75,0.10714,26.47,0
PX002383,19999,bank_timeout,upi,saas,11,1,0,44,55,721,21899.74,0.913,0.917,0.02273,18.54,1
PX002384,499,insufficient_funds,card,saas,4,2,0,2,55,388,398.21,1.253,0.667,1.0,47.73,0
PX002385,1999,expired_card,upi,ecommerce,4,3,0,14,44,177,1864.93,1.072,0.571,0.21429,33.88,1
PX002386,999,suspicious_reversal,card,ecommerce,5,1,1,24,35,563,1209.71,0.826,0.833,0.04167,17.62,0
PX002387,19999,bank_timeout,wallet,media,9,3,0,38,26,384,17199.75,1.163,0.75,0.07895,10.6,1
PX002388,999,insufficient_funds,upi,education,16,2,3,3,25,697,1038.45,0.962,0.889,0.66667,13.37,1
PX002389,2499,mandate_expired,upi,saas,8,1,1,3,26,200,2213.5,1.129,0.889,0.33333,9.52,0
PX002390,499,insufficient_funds,card,saas,8,1,1,52,59,631,647.25,0.771,0.889,0.01923,9.17,0
PX002391,1999,expired_card,card,saas,6,4,3,18,37,453,1614.87,1.238,0.6,0.22222,39.33,0
PX002392,999,suspicious_reversal,netbanking,subscription,7,2,0,23,32,288,1073.11,0.931,0.778,0.08696,23.34,1
PX002393,19999,mandate_expired,card,subscription,9,3,0,54,36,120,17412.67,1.149,0.75,0.05556,18.63,1
PX002394,999,insufficient_funds,wallet,subscription,9,4,0,10,20,120,774.89,1.289,0.692,0.4,46.26,1
PX002395,1999,insufficient_funds,netbanking,ecommerce,14,0,0,44,12,725,1352.87,1.478,1.0,0.0,21.41,1
PX002396,1499,bank_timeout,card,saas,7,1,1,40,18,401,1899.19,0.789,0.875,0.025,38.59,1
PX002397,9999,insufficient_funds,netbanking,subscription,11,0,0,26,51,439,9149.63,1.093,1.0,0.0,34.42,1
PX002398,4999,insufficient_funds,wallet,saas,4,3,3,6,21,445,5755.13,0.869,0.571,0.5,9.52,0
PX002399,1499,bank_timeout,card,education,14,2,1,14,4,221,1867.49,0.803,0.875,0.14286,17.86,1
PX002400,4999,mandate_expired,netbanking,subscription,7,1,1,55,20,164,6705.46,0.746,0.875,0.01818,26.61,0
PX002401,2499,expired_card,upi,media,3,1,2,43,35,38,3172.18,0.788,0.75,0.02326,36.25,0
PX002402,19999,mandate_expired,wallet,education,3,2,0,44,18,454,17279.5,1.157,0.6,0.04545,2.86,1
PX002403,499,mandate_expired,card,saas,8,2,1,11,49,363,598.52,0.834,0.8,0.18182,24.48,1
PX002404,4999,suspicious_reversal,wallet,media,8,3,3,17,11,712,5873.5,0.851,0.727,0.17647,23.16,0
PX002405,1999,bank_timeout,upi,education,9,1,3,56,16,70,2489.8,0.803,0.9,0.01786,37.55,1
PX002406,499,expired_card,upi,subscription,9,4,1,31,19,239,481.4,1.037,0.692,0.12903,14.3,1
PX002407,999,insufficient_funds,wallet,ecommerce,12,2,1,27,16,308,1150.74,0.868,0.857,0.07407,12.9,1
PX002408,9999,mandate_expired,wallet,subscription,10,2,3,37,39,248,10128.18,0.987,0.833,0.05405,17.78,0
PX002409,9999,mandate_expired,wallet,media,9,2,3,38,36,622,13816.92,0.724,0.818,0.05263,38.78,1
PX002410,4999,suspicious_reversal,card,saas,8,2,3,36,46,571,5393.76,0.927,0.8,0.05556,21.8,0
PX002411,2499,bank_timeout,wallet,education,10,1,1,11,5,102,1741.72,1.435,0.909,0.09091,34.3,0
PX002412,1999,insufficient_funds,upi,subscription,10,3,3,54,37,542,2286.68,0.874,0.769,0.05556,9.23,1
PX002413,9999,suspicious_reversal,netbanking,saas,15,2,3,3,33,483,12195.57,0.82,0.882,0.66667,18.72,0
PX002414,499,suspicious_reversal,upi,subscription,7,2,1,6,39,711,400.58,1.246,0.778,0.33333,38.33,1
PX002415,4999,insufficient_funds,wallet,ecommerce,17,2,0,44,42,76,5121.3,0.976,0.895,0.04545,0.63,1
PX002416,1999,mandate_expired,upi,ecommerce,5,2,0,28,54,701,2645.15,0.756,0.714,0.07143,35.76,1
PX002417,4999,bank_timeout,upi,saas,11,1,0,38,27,193,4767.29,1.049,0.917,0.02632,31.31,1
PX002418,1499,insufficient_funds,netbanking,education,6,1,1,51,2,396,1343.3,1.116,0.857,0.01961,45.21,1
PX002419,9999,bank_timeout,wallet,education,9,1,3,51,43,548,12361.96,0.809,0.9,0.01961,14.6,0
PX002420,999,expired_card,upi,media,8,3,0,50,55,46,674.33,1.481,0.727,0.06,40.24,1
PX002421,4999,bank_timeout,upi,saas,14,3,1,21,38,138,5116.07,0.977,0.824,0.14286,47.28,1
PX002422,1499,expired_card,netbanking,media,5,2,3,39,23,399,1018.32,1.472,0.714,0.05128,11.89,0
PX002423,2499,mandate_expired,wallet,education,4,3,0,7,27,438,2963.96,0.843,0.571,0.42857,39.02,0
PX002424,999,expired_card,netbanking,media,5,3,3,3,48,337,1085.33,0.92,0.625,1.0,13.8,0
PX002425,9999,mandate_expired,card,media,5,2,0,33,58,682,10067.09,0.993,0.714,0.06061,8.58,1
PX002426,2499,suspicious_reversal,card,media,7,7,1,55,13,264,2484.78,1.006,0.5,0.12727,41.31,0
PX002427,1499,mandate_expired,netbanking,saas,6,1,0,5,12,430,909.12,1.649,0.857,0.2,44.72,1
PX002428,9999,suspicious_reversal,wallet,ecommerce,10,1,3,41,39,323,9335.31,1.071,0.909,0.02439,46.29,1
PX002429,1499,expired_card,card,subscription,8,2,0,22,4,676,2056.64,0.729,0.8,0.09091,17.17,0
PX002430,499,expired_card,netbanking,ecommerce,13,2,0,23,10,654,645.99,0.772,0.867,0.08696,23.09,0
PX002431,1999,mandate_expired,card,education,6,2,0,29,40,183,2372.0,0.843,0.75,0.06897,15.07,0
PX002432,9999,insufficient_funds,wallet,ecommerce,2,1,3,46,35,637,9305.02,1.075,0.667,0.02174,25.03,0
PX002433,19999,bank_timeout,wallet,saas,7,3,2,11,56,92,27584.81,0.725,0.7,0.27273,23.61,1
PX002434,1499,suspicious_reversal,upi,media,5,2,3,44,41,620,1011.24,1.482,0.714,0.04545,7.27,0
PX002435,19999,insufficient_funds,card,education,7,4,0,43,32,397,15533.51,1.287,0.636,0.09302,30.78,0
PX002436,19999,insufficient_funds,upi,education,8,1,1,35,4,369,23089.82,0.866,0.889,0.02857,30.76,1
PX002437,4999,bank_timeout,card,ecommerce,5,5,0,32,15,543,4928.4,1.014,0.5,0.15625,10.65,1
PX002438,9999,suspicious_reversal,netbanking,saas,5,7,3,21,59,697,11243.43,0.889,0.417,0.33333,21.58,0
PX002439,499,expired_card,netbanking,ecommerce,10,3,2,3,4,303,536.33,0.93,0.769,1.0,41.1,0
PX002440,1499,insufficient_funds,wallet,education,6,2,3,15,1,75,1208.4,1.24,0.75,0.13333,24.51,1
PX002441,499,bank_timeout,wallet,media,7,1,3,17,32,185,517.69,0.964,0.875,0.05882,14.48,0
PX002442,499,bank_timeout,netbanking,education,8,4,3,46,29,538,441.77,1.13,0.667,0.08696,18.88,1
PX002443,1999,insufficient_funds,card,saas,7,0,3,26,52,303,2552.97,0.783,1.0,0.0,41.48,0
PX002444,4999,suspicious_reversal,netbanking,ecommerce,8,3,3,24,43,19,3573.0,1.399,0.727,0.125,11.15,0
PX002445,9999,insufficient_funds,upi,subscription,6,0,3,55,26,631,13329.23,0.75,1.0,0.0,32.64,1
PX002446,1499,suspicious_reversal,wallet,education,12,2,3,44,37,647,1135.81,1.32,0.857,0.04545,38.26,0
PX002447,1499,mandate_expired,upi,media,7,2,0,26,20,143,1317.27,1.138,0.778,0.07692,41.4,0
PX002448,4999,mandate_expired,upi,education,3,1,0,55,45,209,4529.59,1.104,0.75,0.01818,32.85,0
PX002449,9999,insufficient_funds,card,media,5,4,1,47,25,632,12363.04,0.809,0.556,0.08511,23.43,0
PX002450,9999,expired_card,netbanking,saas,5,0,0,34,56,510,10907.81,0.917,1.0,0.0,35.03,1
PX002451,19999,expired_card,card,education,8,2,2,28,38,557,22703.02,0.881,0.8,0.07143,26.04,1
PX002452,9999,suspicious_reversal,card,saas,8,1,0,55,13,126,6436.29,1.554,0.889,0.01818,7.28,1
PX002453,9999,mandate_expired,upi,media,9,3,2,20,20,405,7106.65,1.407,0.75,0.15,8.04,0
PX002454,19999,bank_timeout,netbanking,subscription,5,1,1,12,31,573,27550.76,0.726,0.833,0.08333,13.4,1
PX002455,1499,insufficient_funds,upi,education,13,1,0,8,30,492,1373.92,1.091,0.929,0.125,4.99,1
PX002456,4999,bank_timeout,upi,saas,20,2,3,27,7,225,4691.78,1.065,0.909,0.07407,32.69,1
PX002457,4999,expired_card,card,subscription,2,6,0,2,3,631,4880.72,1.024,0.25,3.0,44.6,0
PX002458,4999,insufficient_funds,netbanking,media,6,2,0,39,15,388,3461.53,1.444,0.75,0.05128,2.79,0
PX002459,499,expired_card,upi,saas,5,3,2,55,46,651,486.18,1.026,0.625,0.05455,14.54,0
PX002460,1999,suspicious_reversal,card,education,5,2,0,35,47,301,2670.89,0.748,0.714,0.05714,14.93,0
PX002461,4999,bank_timeout,wallet,ecommerce,4,5,3,57,5,310,5178.56,0.965,0.444,0.08772,16.35,1
PX002462,9999,suspicious_reversal,wallet,ecommerce,10,1,0,58,49,287,8618.7,1.16,0.909,0.01724,10.03,0
PX002463,1999,insufficient_funds,netbanking,education,7,4,1,8,31,140,2615.99,0.764,0.636,0.5,26.42,1
PX002464,9999,bank_timeout,netbanking,subscription,11,0,1,3,54,603,12820.85,0.78,1.0,0.0,31.25,1
PX002465,1999,suspicious_reversal,upi,education,10,2,1,42,48,689,1203.0,1.662,0.833,0.04762,21.29,1
PX002466,19999,insufficient_funds,netbanking,saas,7,0,0,32,51,666,20244.47,0.988,1.0,0.0,21.88,1
PX002467,1999,insufficient_funds,wallet,education,9,1,2,33,14,254,1729.77,1.156,0.9,0.0303,40.03,1
PX002468,1499,mandate_expired,card,media,7,1,0,3,52,292,1198.1,1.251,0.875,0.33333,5.34,0
PX002469,2499,suspicious_reversal,wallet,education,8,3,3,1,25,311,2466.2,1.013,0.727,3.0,11.39,0
PX002470,499,expired_card,upi,subscription,8,1,1,35,20,6,510.56,0.977,0.889,0.02857,42.72,0
PX002471,499,insufficient_funds,upi,subscription,6,0,3,49,57,40,597.33,0.835,1.0,0.0,19.75,1
PX002472,4999,expired_card,card,ecommerce,8,2,2,25,40,543,5926.11,0.844,0.8,0.08,10.5,1
PX002473,2499,insufficient_funds,netbanking,media,7,3,3,60,4,64,2863.91,0.873,0.7,0.05,35.81,1
PX002474,2499,bank_timeout,upi,education,10,4,1,27,59,292,1763.02,1.417,0.714,0.14815,7.62,1
PX002475,1999,bank_timeout,upi,media,7,1,3,8,27,65,2389.1,0.837,0.875,0.125,38.18,1
PX002476,999,mandate_expired,netbanking,education,7,3,0,35,22,490,1328.52,0.752,0.7,0.08571,30.72,0
PX002477,19999,suspicious_reversal,wallet,media,8,2,2,36,24,548,21866.17,0.915,0.8,0.05556,37.49,0
PX002478,2499,bank_timeout,netbanking,subscription,9,1,2,26,15,431,3397.51,0.736,0.9,0.03846,13.23,1
PX002479,1499,bank_timeout,card,saas,6,1,3,7,47,167,1064.33,1.408,0.857,0.14286,30.09,1
PX002480,1999,expired_card,netbanking,saas,13,0,1,55,53,253,1962.9,1.018,1.0,0.0,1.48,0
PX002481,19999,suspicious_reversal,wallet,saas,6,4,1,2,11,563,14663.27,1.364,0.6,2.0,20.7,0
PX002482,499,bank_timeout,netbanking,education,9,3,2,35,13,706,417.15,1.196,0.75,0.08571,18.54,0
PX002483,4999,mandate_expired,card,ecommerce,11,0,1,12,13,375,6314.63,0.792,1.0,0.0,24.36,1
PX002484,1499,suspicious_reversal,wallet,ecommerce,10,3,0,13,8,127,1752.53,0.855,0.769,0.23077,39.71,1
PX002485,999,expired_card,netbanking,ecommerce,8,1,1,20,2,374,1347.81,0.741,0.889,0.05,8.94,1
PX002486,2499,insufficient_funds,upi,education,9,0,2,9,32,601,2038.23,1.226,1.0,0.0,19.3,1
PX002487,1999,expired_card,netbanking,saas,8,1,2,55,23,561,2756.4,0.725,0.889,0.01818,41.16,0
PX002488,499,insufficient_funds,upi,media,8,1,1,46,41,140,590.23,0.845,0.889,0.02174,1.64,1
PX002489,1999,mandate_expired,wallet,education,9,1,3,41,57,66,1669.89,1.197,0.9,0.02439,47.46,1
PX002490,2499,insufficient_funds,upi,ecommerce,3,1,0,17,20,669,2081.94,1.2,0.75,0.05882,9.46,0
PX002491,19999,suspicious_reversal,wallet,saas,5,0,3,9,17,181,26815.79,0.746,1.0,0.0,39.53,1
PX002492,999,bank_timeout,upi,saas,10,2,1,30,43,25,1231.52,0.811,0.833,0.06667,46.93,0
PX002493,1499,bank_timeout,upi,media,6,2,2,9,47,336,1751.22,0.856,0.75,0.22222,2.39,1
PX002494,19999,insufficient_funds,upi,education,7,0,3,54,58,96,18322.16,1.092,1.0,0.0,12.47,1
PX002495,4999,insufficient_funds,upi,ecommerce,13,1,2,22,18,408,6129.92,0.816,0.929,0.04545,33.73,0
PX002496,2499,bank_timeout,upi,subscription,7,0,1,21,9,155,3467.51,0.721,1.0,0.0,21.94,1
PX002497,1999,bank_timeout,upi,saas,12,1,2,4,12,334,2452.13,0.815,0.923,0.25,31.36,1
PX002498,499,expired_card,card,subscription,4,2,3,6,29,454,517.97,0.963,0.667,0.33333,47.11,0
PX002499,499,suspicious_reversal,card,education,12,1,1,2,1,601,661.27,0.755,0.923,0.5,4.2,1
PX002500,1499,bank_timeout,upi,education,9,0,2,17,54,271,1593.45,0.941,1.0,0.0,32.48,0
PX002501,1999,insufficient_funds,upi,saas,6,2,2,4,31,453,2732.3,0.732,0.75,0.5,3.22,0
PX002502,2499,bank_timeout,upi,subscription,8,1,2,46,55,699,3313.73,0.754,0.889,0.02174,4.68,1
PX002503,4999,mandate_expired,netbanking,saas,8,2,3,25,27,675,4594.7,1.088,0.8,0.08,12.03,0
PX002504,999,mandate_expired,upi,subscription,5,2,3,56,51,507,1048.99,0.952,0.714,0.03571,2.41,1
PX002505,499,mandate_expired,wallet,media,4,3,3,7,53,376,510.13,0.978,0.571,0.42857,28.15,0
PX002506,9999,expired_card,card,education,10,1,2,56,50,209,9195.21,1.087,0.909,0.01786,30.75,1
PX002507,9999,mandate_expired,netbanking,education,7,1,2,24,38,318,6001.25,1.666,0.875,0.04167,33.4,1
PX002508,4999,insufficient_funds,wallet,media,10,3,3,24,33,93,6837.51,0.731,0.769,0.125,7.21,1
PX002509,19999,mandate_expired,card,saas,5,2,0,4,10,39,12971.63,1.542,0.714,0.5,35.36,0
PX002510,1499,bank_timeout,upi,saas,5,4,1,54,33,718,1602.51,0.935,0.556,0.07407,43.4,0
PX002511,9999,insufficient_funds,upi,ecommerce,4,0,0,25,20,21,7184.66,1.392,1.0,0.0,46.48,1
PX002512,4999,suspicious_reversal,card,subscription,9,1,0,10,23,364,3724.42,1.342,0.9,0.1,10.39,0
PX002513,19999,bank_timeout,upi,education,7,1,2,44,47,261,15275.85,1.309,0.875,0.02273,0.88,1
PX002514,9999,insufficient_funds,upi,ecommerce,8,3,3,6,18,523,6002.54,1.666,0.727,0.5,38.24,0
PX002515,4999,suspicious_reversal,netbanking,subscription,8,1,1,37,56,612,3081.61,1.622,0.889,0.02703,11.47,0
PX002516,19999,expired_card,upi,ecommerce,7,2,0,13,21,515,26263.37,0.761,0.778,0.15385,47.05,0
PX002517,499,expired_card,card,media,11,3,3,10,9,588,384.12,1.299,0.786,0.3,42.89,0
PX002518,1999,mandate_expired,card,subscription,7,3,2,20,32,402,2651.25,0.754,0.7,0.15,5.8,1
PX002519,1999,mandate_expired,card,ecommerce,9,1,2,20,2,125,1527.67,1.309,0.9,0.05,32.39,0
PX002520,4999,expired_card,upi,ecommerce,10,2,0,52,46,601,4175.8,1.197,0.833,0.03846,37.17,1
PX002521,1999,mandate_expired,card,media,8,2,2,59,53,194,2483.53,0.805,0.8,0.0339,46.32,0
PX002522,19999,bank_timeout,upi,media,8,1,0,9,6,257,12355.49,1.619,0.889,0.11111,4.08,1
PX002523,9999,bank_timeout,upi,media,8,2,0,22,35,217,10687.46,0.936,0.8,0.09091,32.01,1
PX002524,4999,suspicious_reversal,card,saas,7,1,2,21,24,427,3180.9,1.572,0.875,0.04762,15.29,1
PX002525,1499,bank_timeout,wallet,ecommerce,4,5,3,40,22,307,1414.85,1.059,0.444,0.125,37.96,0
PX002526,2499,mandate_expired,wallet,media,14,2,2,49,26,303,2802.24,0.892,0.875,0.04082,44.33,0
PX002527,499,expired_card,upi,subscription,9,1,3,56,56,437,667.63,0.747,0.9,0.01786,42.79,1
PX002528,999,mandate_expired,wallet,saas,10,1,2,23,11,230,835.56,1.196,0.909,0.04348,10.56,1
PX002529,1999,suspicious_reversal,card,media,6,3,0,35,47,78,1387.79,1.44,0.667,0.08571,15.17,1
PX002530,2499,expired_card,wallet,saas,5,0,3,55,42,315,1589.4,1.572,1.0,0.0,22.37,0
PX002531,2499,bank_timeout,wallet,ecommerce,8,1,2,39,2,262,2682.84,0.931,0.889,0.02564,36.37,1
PX002532,4999,insufficient_funds,upi,media,5,2,1,3,30,151,6873.89,0.727,0.714,0.66667,9.45,1
PX002533,9999,insufficient_funds,netbanking,education,18,2,2,37,12,276,10063.73,0.994,0.9,0.05405,16.01,1
PX002534,9999,suspicious_reversal,wallet,saas,5,4,3,40,4,538,10306.82,0.97,0.556,0.1,22.86,0
PX002535,9999,bank_timeout,card,subscription,10,2,0,21,17,318,12688.28,0.788,0.833,0.09524,24.25,1
PX002536,2499,insufficient_funds,upi,media,7,1,0,56,17,252,3265.43,0.765,0.875,0.01786,38.94,1
PX002537,2499,suspicious_reversal,wallet,media,13,3,1,28,38,338,3478.62,0.718,0.812,0.10714,10.54,0
PX002538,1999,bank_timeout,upi,saas,13,1,1,49,1,483,2297.43,0.87,0.929,0.02041,14.47,1
PX002539,2499,expired_card,netbanking,subscription,4,2,2,59,58,360,3105.61,0.805,0.667,0.0339,2.3,0
PX002540,9999,insufficient_funds,wallet,subscription,9,4,0,6,30,657,10095.8,0.99,0.692,0.66667,22.81,1
PX002541,2499,mandate_expired,netbanking,education,9,2,0,13,42,277,3451.89,0.724,0.818,0.15385,20.2,0
PX002542,9999,expired_card,upi,ecommerce,13,0,2,20,31,250,9405.96,1.063,1.0,0.0,7.39,0
PX002543,4999,suspicious_reversal,upi,ecommerce,6,1,3,22,24,227,5769.87,0.866,0.857,0.04545,14.49,0
PX002544,4999,insufficient_funds,netbanking,ecommerce,13,2,2,58,41,698,5055.12,0.989,0.867,0.03448,27.53,0
PX002545,999,suspicious_reversal,wallet,education,12,1,3,59,16,289,873.35,1.144,0.923,0.01695,30.0,1
PX002546,999,expired_card,card,media,6,2,0,18,18,332,1168.95,0.855,0.75,0.11111,4.69,0
PX002547,999,expired_card,wallet,education,13,3,1,54,50,316,1093.63,0.913,0.812,0.05556,41.28,1
PX002548,1999,mandate_expired,wallet,subscription,6,1,1,4,37,375,2184.63,0.915,0.857,0.25,41.6,0
PX002549,1499,bank_timeout,upi,ecommerce,7,3,1,26,45,594,1839.23,0.815,0.7,0.11538,34.7,1
PX002550,999,mandate_expired,card,education,7,3,1,51,59,136,650.1,1.537,0.7,0.05882,46.37,0
PX002551,19999,expired_card,wallet,media,11,0,1,32,1,38,21477.76,0.931,1.0,0.0,18.34,1
PX002552,2499,insufficient_funds,netbanking,education,13,0,1,20,42,248,3086.17,0.81,1.0,0.0,29.24,1
PX002553,2499,insufficient_funds,wallet,media,10,3,3,14,47,409,2333.82,1.071,0.769,0.21429,33.13,0
PX002554,999,mandate_expired,wallet,media,3,3,3,37,57,382,776.13,1.287,0.5,0.08108,39.15,0
PX002555,1999,mandate_expired,wallet,media,10,1,2,45,6,351,1828.41,1.093,0.909,0.02222,44.14,0
PX002556,1999,expired_card,card,ecommerce,8,2,2,9,39,309,1487.48,1.344,0.8,0.22222,37.24,1
PX002557,1999,bank_timeout,upi,subscription,6,2,3,27,40,533,2087.16,0.958,0.75,0.07407,8.54,0
PX002558,999,bank_timeout,upi,ecommerce,10,2,3,57,36,252,1263.47,0.791,0.833,0.03509,14.14,1
PX002559,4999,bank_timeout,wallet,subscription,7,3,2,35,18,313,6549.85,0.763,0.7,0.08571,20.78,1
PX002560,1499,mandate_expired,netbanking,subscription,5,2,0,7,52,574,967.24,1.55,0.714,0.28571,29.85,1
PX002561,1999,expired_card,wallet,media,7,0,3,20,8,489,2753.16,0.726,1.0,0.0,41.07,0
PX002562,499,suspicious_reversal,wallet,education,4,1,1,50,44,617,508.42,0.981,0.8,0.02,39.87,1
PX002563,999,suspicious_reversal,wallet,subscription,8,5,1,5,54,292,1345.12,0.743,0.615,1.0,46.47,0
PX002564,2499,expired_card,wallet,saas,6,3,2,47,59,48,2968.47,0.842,0.667,0.06383,18.81,0
PX002565,1499,mandate_expired,netbanking,media,12,2,1,37,2,81,1916.11,0.782,0.857,0.05405,6.19,0
PX002566,4999,insufficient_funds,upi,media,8,1,1,28,14,492,5130.23,0.974,0.889,0.03571,24.01,1
PX002567,1999,mandate_expired,netbanking,media,3,4,3,12,4,64,2260.61,0.884,0.429,0.33333,20.78,0
PX002568,19999,insufficient_funds,card,media,10,2,3,40,28,706,26883.22,0.744,0.833,0.05,7.72,1
PX002569,9999,suspicious_reversal,upi,saas,8,0,3,50,39,51,6111.78,1.636,1.0,0.0,26.48,0
PX002570,1999,insufficient_funds,wallet,saas,7,0,3,19,50,401,1555.67,1.285,1.0,0.0,5.57,0
PX002571,999,mandate_expired,upi,education,10,1,0,2,60,271,978.51,1.021,0.909,0.5,30.88,1
PX002572,999,mandate_expired,upi,media,7,1,2,33,15,415,1109.23,0.901,0.875,0.0303,7.17,1
PX002573,4999,insufficient_funds,card,subscription,10,0,3,17,47,434,6632.84,0.754,1.0,0.0,15.16,0
PX002574,1999,expired_card,wallet,education,9,0,0,23,53,587,1973.93,1.013,1.0,0.0,15.0,0
PX002575,2499,mandate_expired,netbanking,saas,3,1,2,21,48,268,2726.53,0.917,0.75,0.04762,37.19,0
PX002576,1499,insufficient_funds,card,subscription,5,2,3,10,59,404,1891.99,0.792,0.714,0.2,26.55,1
PX002577,19999,suspicious_reversal,card,ecommerce,4,0,0,12,54,321,12671.34,1.578,1.0,0.0,20.04,0
PX002578,999,bank_timeout,card,subscription,5,4,1,40,8,474,958.5,1.042,0.556,0.1,35.55,1
PX002579,4999,suspicious_reversal,card,subscription,3,0,2,26,8,539,5225.64,0.957,1.0,0.0,17.44,1
PX002580,1999,mandate_expired,upi,ecommerce,8,4,3,39,25,105,1289.01,1.551,0.667,0.10256,10.56,1
PX002581,9999,mandate_expired,card,media,14,1,0,58,6,277,12121.09,0.825,0.933,0.01724,26.11,1
PX002582,1999,mandate_expired,wallet,saas,6,4,1,58,15,239,1244.55,1.606,0.6,0.06897,0.59,0
PX002583,19999,suspicious_reversal,netbanking,media,16,1,1,28,35,512,19208.76,1.041,0.941,0.03571,18.18,1
PX002584,999,expired_card,netbanking,education,10,1,0,9,27,10,756.63,1.32,0.909,0.11111,40.17,0
PX002585,2499,insufficient_funds,upi,ecommerce,12,1,0,60,24,62,2134.91,1.171,0.923,0.01667,26.71,1
PX002586,1499,bank_timeout,netbanking,subscription,9,1,3,21,33,175,931.83,1.609,0.9,0.04762,41.75,0
PX002587,9999,bank_timeout,card,ecommerce,6,2,3,12,44,123,10782.48,0.927,0.75,0.16667,7.68,1
PX002588,999,expired_card,card,ecommerce,7,4,2,4,15,45,1351.3,0.739,0.636,1.0,29.17,1
PX002589,4999,expired_card,wallet,subscription,9,1,2,6,56,310,5978.42,0.836,0.9,0.16667,35.88,0
PX002590,1499,mandate_expired,netbanking,education,10,1,3,15,4,314,1439.03,1.042,0.909,0.06667,41.38,1
PX002591,19999,insufficient_funds,netbanking,education,8,4,2,52,35,145,17666.31,1.132,0.667,0.07692,6.31,1
PX002592,2499,bank_timeout,upi,ecommerce,7,2,3,38,16,42,2271.71,1.1,0.778,0.05263,21.31,1
PX002593,4999,suspicious_reversal,upi,saas,14,2,3,46,10,187,4667.38,1.071,0.875,0.04348,35.57,0
PX002594,999,suspicious_reversal,netbanking,education,13,3,1,42,43,129,999.65,0.999,0.812,0.07143,12.86,0
PX002595,1999,bank_timeout,upi,media,6,0,0,3,20,198,1486.3,1.345,1.0,0.0,19.66,1
PX002596,19999,insufficient_funds,wallet,ecommerce,8,4,2,21,36,402,26940.56,0.742,0.667,0.19048,32.19,1
PX002597,2499,suspicious_reversal,upi,media,9,6,3,26,52,287,1910.35,1.308,0.6,0.23077,3.27,0
PX002598,4999,mandate_expired,card,saas,7,5,0,41,34,329,5212.88,0.959,0.583,0.12195,14.19,1
PX002599,4999,bank_timeout,upi,saas,9,4,1,28,13,214,6611.57,0.756,0.692,0.14286,9.03,1
PX002600,1999,mandate_expired,netbanking,media,6,3,1,11,3,384,1884.78,1.061,0.667,0.27273,31.17,0
PX002601,999,expired_card,wallet,media,6,1,0,39,18,294,732.12,1.365,0.857,0.02564,29.31,0
PX002602,4999,bank_timeout,wallet,media,13,3,1,15,49,725,5922.04,0.844,0.812,0.2,37.03,1
PX002603,19999,mandate_expired,wallet,saas,8,1,0,46,1,13,21885.05,0.914,0.889,0.02174,20.29,0
PX002604,4999,suspicious_reversal,card,saas,10,0,1,25,19,677,4462.78,1.12,1.0,0.0,1.47,0
PX002605,2499,expired_card,wallet,saas,12,2,1,49,59,532,2039.89,1.225,0.857,0.04082,35.14,1
PX002606,2499,expired_card,upi,ecommerce,13,3,3,36,36,499,1730.78,1.444,0.812,0.08333,37.05,1
PX002607,499,suspicious_reversal,upi,saas,6,1,3,32,38,631,625.08,0.798,0.857,0.03125,6.77,0
PX002608,1999,mandate_expired,upi,saas,7,2,3,31,49,42,1296.42,1.542,0.778,0.06452,28.02,0
PX002609,2499,expired_card,netbanking,media,4,1,0,58,11,617,1706.88,1.464,0.8,0.01724,6.3,0
PX002610,19999,mandate_expired,wallet,education,18,2,3,55,8,80,27285.92,0.733,0.9,0.03636,27.49,0
PX002611,1499,insufficient_funds,wallet,subscription,12,1,2,17,34,239,919.55,1.63,0.923,0.05882,39.6,0
PX002612,19999,bank_timeout,wallet,education,4,4,0,38,12,151,20315.16,0.984,0.5,0.10526,17.53,1
PX002613,19999,expired_card,wallet,ecommerce,4,4,0,54,55,561,26226.53,0.763,0.5,0.07407,11.87,0
PX002614,499,bank_timeout,card,saas,10,0,2,40,49,537,540.03,0.924,1.0,0.0,8.64,1
PX002615,2499,mandate_expired,wallet,ecommerce,8,1,2,43,6,424,1611.36,1.551,0.889,0.02326,18.33,1
PX002616,999,insufficient_funds,upi,subscription,13,3,3,57,17,534,907.53,1.101,0.812,0.05263,10.05,0
PX002617,19999,bank_timeout,card,saas,10,2,3,10,57,43,24326.61,0.822,0.833,0.2,6.57,1
PX002618,9999,insufficient_funds,netbanking,saas,8,4,1,18,53,131,6621.44,1.51,0.667,0.22222,41.14,0
PX002619,19999,insufficient_funds,wallet,media,12,1,2,56,40,578,13299.58,1.504,0.923,0.01786,15.98,1
PX002620,999,bank_timeout,upi,saas,6,1,1,48,29,611,1127.17,0.886,0.857,0.02083,32.48,1
PX002621,999,bank_timeout,upi,education,4,0,3,59,19,163,925.34,1.08,1.0,0.0,13.16,0
PX002622,1499,bank_timeout,card,saas,3,0,1,23,5,294,1967.26,0.762,1.0,0.0,13.75,1
PX002623,9999,bank_timeout,netbanking,subscription,7,2,0,50,37,113,11927.26,0.838,0.778,0.04,25.75,1
PX002624,9999,bank_timeout,card,ecommerce,13,2,2,12,37,633,6639.1,1.506,0.867,0.16667,37.61,0
PX002625,1999,bank_timeout,card,saas,11,3,3,44,6,318,1370.02,1.459,0.786,0.06818,24.13,0
PX002626,1499,insufficient_funds,upi,subscription,9,3,3,18,44,240,1899.96,0.789,0.75,0.16667,30.19,1
PX002627,1499,expired_card,wallet,ecommerce,4,0,3,30,1,133,1708.3,0.877,1.0,0.0,23.43,1
PX002628,1499,bank_timeout,card,subscription,8,2,3,17,11,400,1351.22,1.109,0.8,0.11765,47.9,1
PX002629,1499,suspicious_reversal,card,ecommerce,9,2,2,41,51,76,1506.47,0.995,0.818,0.04878,43.04,0
PX002630,9999,suspicious_reversal,upi,media,7,3,1,23,45,687,7809.48,1.28,0.7,0.13043,33.83,0
PX002631,2499,expired_card,upi,media,10,2,3,52,13,574,3235.37,0.772,0.833,0.03846,36.87,0
PX002632,1499,bank_timeout,wallet,education,9,1,1,28,53,390,1353.93,1.107,0.9,0.03571,1.8,1
PX002633,2499,bank_timeout,upi,saas,7,2,2,8,17,81,1695.49,1.474,0.778,0.25,8.01,1
PX002634,499,bank_timeout,upi,subscription,8,2,3,47,16,413,622.26,0.802,0.8,0.04255,16.87,1
PX002635,9999,insufficient_funds,wallet,saas,9,4,0,32,22,520,8462.17,1.182,0.692,0.125,10.93,1
PX002636,19999,insufficient_funds,upi,education,8,2,2,24,59,666,25975.35,0.77,0.8,0.08333,8.12,0
PX002637,999,suspicious_reversal,netbanking,ecommerce,13,1,1,47,45,232,1351.61,0.739,0.929,0.02128,41.4,0
PX002638,499,insufficient_funds,card,education,8,2,2,29,55,210,360.84,1.383,0.8,0.06897,39.41,1
PX002639,2499,bank_timeout,netbanking,ecommerce,9,1,0,29,12,283,2331.09,1.072,0.9,0.03448,17.91,1
PX002640,19999,insufficient_funds,card,subscription,10,2,1,46,30,74,12816.84,1.56,0.833,0.04348,32.72,1
PX002641,19999,expired_card,card,ecommerce,5,4,0,57,40,271,23171.19,0.863,0.556,0.07018,19.65,0
PX002642,499,expired_card,netbanking,subscription,6,3,1,38,36,557,318.32,1.568,0.667,0.07895,25.37,1
PX002643,19999,bank_timeout,card,education,9,3,3,44,29,222,14608.75,1.369,0.75,0.06818,39.31,0
PX002644,4999,suspicious_reversal,netbanking,media,8,1,0,48,31,517,3867.1,1.293,0.889,0.02083,41.25,0
PX002645,999,mandate_expired,upi,education,10,2,3,41,37,8,677.52,1.474,0.833,0.04878,35.07,0
PX002646,1499,insufficient_funds,wallet,saas,3,3,2,12,46,696,1913.67,0.783,0.5,0.25,40.29,1
PX002647,9999,suspicious_reversal,wallet,saas,7,1,2,32,39,258,13261.89,0.754,0.875,0.03125,22.41,0
PX002648,1999,insufficient_funds,card,ecommerce,10,1,3,34,8,467,2229.89,0.896,0.909,0.02941,37.49,1
PX002649,1999,insufficient_funds,card,education,7,0,0,15,44,606,2076.52,0.963,1.0,0.0,41.37,0
PX002650,4999,suspicious_reversal,netbanking,education,7,4,1,46,12,480,4823.57,1.036,0.636,0.08696,36.63,0
PX002651,1999,suspicious_reversal,wallet,media,6,1,3,17,54,128,1765.44,1.132,0.857,0.05882,4.16,0
PX002652,999,mandate_expired,wallet,media,4,0,2,54,13,192,927.78,1.077,1.0,0.0,43.11,0
PX002653,1499,expired_card,upi,saas,11,1,3,44,16,290,1353.06,1.108,0.917,0.02273,21.68,0
PX002654,2499,expired_card,wallet,education,4,1,0,6,32,31,2711.64,0.922,0.8,0.16667,10.37,0
PX002655,2499,insufficient_funds,upi,ecommerce,10,2,0,2,9,35,1662.91,1.503,0.833,1.0,23.67,1
PX002656,499,bank_timeout,upi,subscription,8,0,0,23,58,495,591.04,0.844,1.0,0.0,10.14,1
PX002657,1999,insufficient_funds,upi,subscription,3,4,3,53,16,100,1578.32,1.267,0.429,0.07547,5.26,0
PX002658,999,insufficient_funds,netbanking,education,5,1,1,7,23,221,1280.68,0.78,0.833,0.14286,41.13,0
PX002659,1999,bank_timeout,upi,subscription,9,1,0,31,23,127,1866.99,1.071,0.9,0.03226,33.18,1
PX002660,499,mandate_expired,upi,media,12,1,2,34,52,316,549.34,0.908,0.923,0.02941,24.6,1
PX002661,999,insufficient_funds,card,saas,11,2,2,47,24,250,1308.46,0.763,0.846,0.04255,20.34,1
PX002662,499,suspicious_reversal,wallet,education,12,3,2,5,54,18,445.55,1.12,0.8,0.6,30.01,0
PX002663,19999,mandate_expired,wallet,saas,15,2,0,1,24,533,17318.38,1.155,0.882,2.0,11.78,1
PX002664,1499,bank_timeout,upi,ecommerce,13,3,2,30,39,445,1356.97,1.105,0.812,0.1,18.64,1
PX002665,499,suspicious_reversal,upi,ecommerce,7,4,2,30,23,66,509.21,0.98,0.636,0.13333,41.4,0
PX002666,2499,expired_card,upi,ecommerce,4,1,0,34,20,139,3401.95,0.735,0.8,0.02941,33.58,0
PX002667,2499,bank_timeout,wallet,saas,11,1,2,30,22,16,2465.85,1.013,0.917,0.03333,18.42,1
PX002668,999,expired_card,card,ecommerce,10,1,3,4,24,127,963.81,1.037,0.909,0.25,27.05,0
PX002669,9999,expired_card,wallet,media,5,2,2,41,16,602,12910.36,0.774,0.714,0.04878,38.53,0
PX002670,1499,suspicious_reversal,card,education,10,1,2,45,26,493,1192.45,1.257,0.909,0.02222,15.11,0
PX002671,9999,expired_card,card,media,9,2,0,36,15,29,9015.44,1.109,0.818,0.05556,46.7,0
PX002672,999,bank_timeout,card,media,10,1,0,36,48,411,845.41,1.182,0.909,0.02778,11.53,1
PX002673,19999,bank_timeout,card,media,9,2,1,30,60,116,15873.86,1.26,0.818,0.06667,23.51,1
PX002674,1499,bank_timeout,netbanking,subscription,12,0,2,17,24,4,1051.82,1.425,1.0,0.0,20.75,1
PX002675,1999,insufficient_funds,netbanking,media,8,4,3,5,43,150,1647.0,1.214,0.667,0.8,41.63,0
PX002676,499,suspicious_reversal,netbanking,saas,7,2,1,8,15,48,675.99,0.738,0.778,0.25,40.8,0
PX002677,999,expired_card,upi,subscription,4,2,1,34,40,278,771.94,1.294,0.667,0.05882,11.68,0
PX002678,19999,mandate_expired,upi,subscription,9,3,1,43,37,299,22949.61,0.871,0.75,0.06977,47.21,1
PX002679,19999,mandate_expired,wallet,education,8,2,3,18,15,512,15346.53,1.303,0.8,0.11111,6.09,0
PX002680,9999,mandate_expired,netbanking,ecommerce,3,2,3,49,15,479,13332.35,0.75,0.6,0.04082,16.86,1
PX002681,499,bank_timeout,netbanking,subscription,9,3,0,44,30,438,490.05,1.018,0.75,0.06818,14.33,1
PX002682,2499,suspicious_reversal,netbanking,subscription,7,2,2,21,27,190,1804.61,1.385,0.778,0.09524,18.82,0
PX002683,19999,insufficient_funds,card,ecommerce,13,1,3,49,1,387,27581.05,0.725,0.929,0.02041,25.15,1
PX002684,2499,expired_card,wallet,subscription,11,0,2,51,16,655,2280.72,1.096,1.0,0.0,45.56,0
PX002685,4999,suspicious_reversal,wallet,media,7,1,0,27,47,214,6776.18,0.738,0.875,0.03704,40.47,0
PX002686,2499,suspicious_reversal,netbanking,saas,10,1,3,2,14,600,1705.64,1.465,0.909,0.5,16.42,0
PX002687,499,expired_card,netbanking,media,6,1,2,55,18,523,508.85,0.981,0.857,0.01818,20.63,0
PX002688,999,insufficient_funds,card,media,4,0,3,23,58,447,1349.99,0.74,1.0,0.0,3.09,1
PX002689,999,insufficient_funds,wallet,saas,12,5,0,42,9,655,622.37,1.605,0.706,0.11905,8.75,1
PX002690,4999,suspicious_reversal,netbanking,media,13,2,0,39,42,669,4094.27,1.221,0.867,0.05128,25.45,0
PX002691,4999,mandate_expired,netbanking,saas,6,2,2,44,58,382,5399.43,0.926,0.75,0.04545,40.91,0
PX002692,9999,suspicious_reversal,wallet,saas,10,1,1,4,22,266,13818.93,0.724,0.909,0.25,42.97,0
PX002693,2499,bank_timeout,wallet,subscription,11,3,1,32,28,85,1590.89,1.571,0.786,0.09375,6.97,0
PX002694,9999,insufficient_funds,card,media,8,2,2,44,41,25,13367.02,0.748,0.8,0.04545,19.94,1
PX002695,999,suspicious_reversal,card,education,7,2,1,40,14,26,873.07,1.144,0.778,0.05,13.03,1
PX002696,19999,suspicious_reversal,upi,saas,7,0,1,45,36,151,14457.48,1.383,1.0,0.0,46.2,1
PX002697,1499,expired_card,card,media,10,3,1,53,23,187,1062.32,1.411,0.769,0.0566,39.03,1
PX002698,1499,suspicious_reversal,card,subscription,2,3,3,43,45,499,1288.79,1.163,0.4,0.06977,42.9,0
PX002699,19999,mandate_expired,upi,ecommerce,12,1,3,12,42,678,21568.53,0.927,0.923,0.08333,2.71,0
PX002700,19999,suspicious_reversal,card,education,5,5,3,29,36,482,27594.52,0.725,0.5,0.17241,16.87,0
PX002701,4999,expired_card,card,education,6,0,0,30,1,29,5663.19,0.883,1.0,0.0,28.73,0
PX002702,499,bank_timeout,upi,subscription,4,1,1,15,12,642,600.08,0.832,0.8,0.06667,9.45,1
PX002703,499,mandate_expired,upi,education,10,4,2,2,10,323,566.68,0.881,0.714,2.0,32.79,0
PX002704,19999,suspicious_reversal,upi,ecommerce,8,3,2,42,57,5,24812.9,0.806,0.727,0.07143,13.81,1
PX002705,4999,insufficient_funds,netbanking,media,7,1,2,30,27,256,3985.49,1.254,0.875,0.03333,17.85,1
PX002706,9999,mandate_expired,netbanking,saas,7,1,2,27,42,88,7839.6,1.275,0.875,0.03704,19.75,1
PX002707,2499,suspicious_reversal,netbanking,subscription,5,0,3,18,2,572,3201.51,0.781,1.0,0.0,3.65,0
PX002708,9999,insufficient_funds,card,education,6,2,3,12,52,243,7810.16,1.28,0.75,0.16667,43.18,1
PX002709,1999,suspicious_reversal,card,media,8,1,2,42,49,429,2600.47,0.769,0.889,0.02381,13.12,0
PX002710,1999,bank_timeout,wallet,education,8,2,1,21,20,329,1784.66,1.12,0.8,0.09524,2.4,1
PX002711,4999,expired_card,netbanking,ecommerce,8,6,2,58,18,418,3082.03,1.622,0.571,0.10345,9.82,0
PX002712,499,bank_timeout,wallet,media,5,6,2,6,9,450,389.9,1.28,0.455,1.0,25.25,0
PX002713,999,suspicious_reversal,card,ecommerce,8,1,2,40,20,450,939.5,1.063,0.889,0.025,6.93,1
PX002714,1499,insufficient_funds,card,subscription,8,0,1,43,7,606,1223.35,1.225,1.0,0.0,35.57,1
PX002715,999,mandate_expired,card,ecommerce,7,6,0,35,6,262,974.8,1.025,0.538,0.17143,25.0,1
PX002716,4999,expired_card,netbanking,ecommerce,6,1,3,50,52,35,5061.82,0.988,0.857,0.02,31.33,1
PX002717,1499,bank_timeout,netbanking,ecommerce,10,4,2,41,27,248,1674.16,0.895,0.714,0.09756,22.99,1
PX002718,499,suspicious_reversal,card,education,16,4,2,15,5,613,373.3,1.337,0.8,0.26667,35.9,0
PX002719,499,suspicious_reversal,upi,education,8,3,1,15,30,255,491.13,1.016,0.727,0.2,40.37,0
PX002720,1499,mandate_expired,wallet,ecommerce,10,1,3,13,11,411,1452.39,1.032,0.909,0.07692,28.78,0
PX002721,4999,insufficient_funds,upi,subscription,7,2,2,52,32,664,5519.9,0.906,0.778,0.03846,31.8,0
PX002722,1999,mandate_expired,wallet,saas,8,1,2,22,60,697,1211.34,1.65,0.889,0.04545,13.53,1
PX002723,9999,mandate_expired,card,media,5,3,3,55,2,428,8398.95,1.191,0.625,0.05455,7.54,0
PX002724,9999,bank_timeout,wallet,ecommerce,14,6,1,56,33,152,12811.33,0.78,0.7,0.10714,21.43,1
PX002725,2499,mandate_expired,netbanking,education,5,1,2,46,9,360,3026.84,0.826,0.833,0.02174,35.98,1
PX002726,2499,suspicious_reversal,card,education,7,2,0,9,41,364,2448.99,1.02,0.778,0.22222,27.28,0
PX002727,999,insufficient_funds,wallet,education,16,2,0,31,20,277,1236.12,0.808,0.889,0.06452,29.07,1
PX002728,499,suspicious_reversal,netbanking,education,8,4,0,55,57,393,478.57,1.043,0.667,0.07273,38.3,0
PX002729,499,expired_card,wallet,saas,11,2,2,36,52,438,508.95,0.98,0.846,0.05556,42.08,0
PX002730,4999,bank_timeout,wallet,subscription,6,3,3,11,31,321,4076.46,1.226,0.667,0.27273,14.76,1
PX002731,1999,expired_card,upi,ecommerce,10,3,3,36,53,293,1832.6,1.091,0.769,0.08333,15.74,0
PX002732,1999,expired_card,netbanking,saas,10,2,2,13,31,628,2559.0,0.781,0.833,0.15385,23.54,1
PX002733,999,mandate_expired,upi,media,8,2,2,32,25,31,718.1,1.391,0.8,0.0625,12.72,0
PX002734,9999,insufficient_funds,netbanking,media,1,3,2,34,2,31,6009.49,1.664,0.25,0.08824,1.25,1
PX002735,1999,suspicious_reversal,upi,education,6,1,3,42,19,284,2044.03,0.978,0.857,0.02381,23.25,0
PX002736,2499,bank_timeout,netbanking,saas,16,2,1,5,54,478,2432.64,1.027,0.889,0.4,12.9,1
PX002737,999,bank_timeout,wallet,media,6,0,1,48,54,610,1014.58,0.985,1.0,0.0,17.86,1
PX002738,19999,expired_card,wallet,ecommerce,10,3,2,60,49,197,21946.56,0.911,0.769,0.05,42.07,0
PX002739,1499,suspicious_reversal,card,media,8,1,3,39,25,109,1557.2,0.963,0.889,0.02564,12.39,0
PX002740,19999,suspicious_reversal,upi,subscription,7,4,3,46,42,44,19000.48,1.053,0.636,0.08696,24.24,0
PX002741,9999,expired_card,netbanking,media,9,0,0,17,57,264,11405.54,0.877,1.0,0.0,43.41,1
PX002742,9999,expired_card,wallet,education,2,4,2,16,16,30,12537.51,0.798,0.333,0.25,23.03,0
PX002743,19999,insufficient_funds,card,ecommerce,7,3,0,56,49,26,16360.39,1.222,0.7,0.05357,3.71,1
PX002744,9999,expired_card,card,subscription,2,1,3,20,5,612,9456.66,1.057,0.667,0.05,1.21,0
PX002745,9999,bank_timeout,wallet,subscription,6,4,2,43,12,261,12648.97,0.79,0.6,0.09302,37.19,1
PX002746,1499,insufficient_funds,card,subscription,15,5,1,24,46,304,1631.6,0.919,0.75,0.20833,46.23,1
PX002747,1999,expired_card,upi,education,9,1,2,23,3,127,1678.43,1.191,0.9,0.04348,41.28,0
PX002748,4999,bank_timeout,card,subscription,12,1,1,26,55,681,4893.76,1.022,0.923,0.03846,1.38,1
PX002749,4999,bank_timeout,netbanking,education,10,1,2,48,16,620,3074.13,1.626,0.909,0.02083,35.49,1
PX002750,19999,bank_timeout,card,subscription,10,3,2,14,44,628,15338.24,1.304,0.769,0.21429,8.49,1
PX002751,1999,insufficient_funds,netbanking,saas,13,2,1,35,38,553,2652.58,0.754,0.867,0.05714,33.0,0
PX002752,9999,bank_timeout,netbanking,subscription,7,3,3,57,38,169,6954.79,1.438,0.7,0.05263,6.91,1
PX002753,2499,insufficient_funds,upi,saas,5,2,2,50,37,196,1770.85,1.411,0.714,0.04,24.09,0
PX002754,499,suspicious_reversal,card,ecommerce,8,5,0,39,35,357,450.03,1.109,0.615,0.12821,32.92,1
PX002755,1999,mandate_expired,wallet,education,7,3,2,46,47,490,1635.21,1.222,0.7,0.06522,17.65,1
PX002756,499,mandate_expired,wallet,subscription,7,2,3,17,41,391,643.12,0.776,0.778,0.11765,35.63,1
PX002757,4999,bank_timeout,upi,education,13,1,3,37,28,506,5528.49,0.904,0.929,0.02703,9.77,1
PX002758,999,bank_timeout,netbanking,saas,7,1,2,56,17,677,1346.51,0.742,0.875,0.01786,1.18,1
PX002759,9999,bank_timeout,netbanking,education,5,2,0,14,5,670,12972.36,0.771,0.714,0.14286,17.37,1
PX002760,4999,bank_timeout,wallet,education,10,1,1,27,39,530,3430.29,1.457,0.909,0.03704,20.73,1
PX002761,499,mandate_expired,wallet,education,12,2,3,51,55,349,564.38,0.884,0.857,0.03922,17.67,0
PX002762,999,suspicious_reversal,card,media,10,3,2,16,45,173,1081.5,0.924,0.769,0.1875,45.96,0
PX002763,4999,mandate_expired,card,ecommerce,5,2,2,49,48,654,4509.6,1.109,0.714,0.04082,8.19,1
PX002764,999,expired_card,netbanking,subscription,8,2,0,32,52,700,882.82,1.132,0.8,0.0625,7.7,1
PX002765,1499,mandate_expired,wallet,media,5,3,2,10,20,306,1327.25,1.129,0.625,0.3,24.54,0
PX002766,499,suspicious_reversal,netbanking,saas,6,1,0,40,34,137,657.54,0.759,0.857,0.025,2.87,1
PX002767,4999,expired_card,netbanking,saas,11,6,0,6,51,391,6082.83,0.822,0.647,1.0,19.83,0
PX002768,499,expired_card,wallet,subscription,14,0,3,10,6,591,681.06,0.733,1.0,0.0,45.0,1
PX002769,9999,suspicious_reversal,wallet,media,8,2,1,57,31,146,8985.3,1.113,0.8,0.03509,43.7,0
PX002770,999,suspicious_reversal,netbanking,ecommerce,9,3,1,31,54,444,731.64,1.365,0.75,0.09677,38.14,0
PX002771,2499,suspicious_reversal,card,saas,7,2,3,11,46,573,1795.27,1.392,0.778,0.18182,7.61,1
PX002772,4999,insufficient_funds,wallet,saas,5,0,2,47,59,180,6019.96,0.83,1.0,0.0,30.98,0
PX002773,19999,insufficient_funds,card,education,6,4,3,14,39,475,23493.02,0.851,0.6,0.28571,30.41,1
PX002774,999,mandate_expired,card,education,8,1,3,10,18,299,1123.51,0.889,0.889,0.1,14.64,1
PX002775,999,suspicious_reversal,netbanking,media,6,2,1,14,45,607,1080.62,0.924,0.75,0.14286,41.15,1
PX002776,1999,suspicious_reversal,wallet,ecommerce,8,5,1,5,26,574,2026.32,0.987,0.615,1.0,13.66,1
PX002777,1999,suspicious_reversal,netbanking,subscription,9,1,3,29,41,16,1232.58,1.622,0.9,0.03448,12.47,1
PX002778,999,mandate_expired,card,subscription,4,1,0,50,20,266,1131.58,0.883,0.8,0.02,34.17,0
PX002779,1499,mandate_expired,card,saas,5,1,2,14,39,497,1886.91,0.794,0.833,0.07143,23.0,0
PX002780,4999,insufficient_funds,netbanking,media,9,1,0,39,29,642,5221.89,0.957,0.9,0.02564,23.29,1
PX002781,499,suspicious_reversal,netbanking,ecommerce,5,2,3,25,47,599,404.96,1.232,0.714,0.08,30.58,0
PX002782,2499,mandate_expired,wallet,subscription,10,2,0,40,28,325,2320.02,1.077,0.833,0.05,1.69,1
PX002783,19999,bank_timeout,netbanking,subscription,7,3,1,37,16,80,22537.53,0.887,0.7,0.08108,29.02,0
PX002784,1999,expired_card,wallet,media,5,1,0,17,10,508,1977.3,1.011,0.833,0.05882,44.53,1
PX002785,1499,bank_timeout,card,media,8,1,3,17,40,688,952.39,1.574,0.889,0.05882,7.67,1
PX002786,2499,suspicious_reversal,card,media,9,2,1,27,24,470,2605.84,0.959,0.818,0.07407,39.41,0
PX002787,1499,expired_card,upi,saas,12,1,1,42,28,610,1319.78,1.136,0.923,0.02381,16.39,1
PX002788,19999,mandate_expired,wallet,saas,10,4,2,46,42,583,24686.27,0.81,0.714,0.08696,35.11,0
PX002789,1999,bank_timeout,wallet,saas,7,3,3,3,46,351,2245.37,0.89,0.7,1.0,42.3,1
PX002790,1999,suspicious_reversal,netbanking,ecommerce,6,2,2,31,36,688,1211.14,1.651,0.75,0.06452,10.81,1
PX002791,4999,suspicious_reversal,wallet,subscription,10,1,1,10,8,538,3142.58,1.591,0.909,0.1,20.47,0
PX002792,4999,bank_timeout,wallet,ecommerce,9,1,3,30,45,603,5164.76,0.968,0.9,0.03333,45.74,1
PX002793,2499,mandate_expired,netbanking,education,9,1,1,30,11,138,2703.02,0.925,0.9,0.03333,46.37,0
PX002794,2499,insufficient_funds,upi,education,7,2,0,42,27,327,2052.66,1.217,0.778,0.04762,25.21,1
PX002795,2499,bank_timeout,netbanking,subscription,6,1,2,9,13,521,2014.01,1.241,0.857,0.11111,10.76,1
PX002796,19999,bank_timeout,netbanking,education,4,3,2,7,37,686,14136.47,1.415,0.571,0.42857,14.69,1
PX002797,499,insufficient_funds,wallet,subscription,8,1,1,48,32,728,567.2,0.88,0.889,0.02083,21.03,0
PX002798,499,bank_timeout,upi,saas,4,4,2,45,60,267,613.05,0.814,0.5,0.08889,33.55,0
PX002799,499,expired_card,wallet,subscription,7,1,1,12,3,509,580.57,0.86,0.875,0.08333,25.63,1
PX002800,19999,mandate_expired,upi,media,7,1,3,33,38,165,16953.83,1.18,0.875,0.0303,25.42,0
PX002801,499,suspicious_reversal,card,media,3,1,3,43,54,399,313.66,1.591,0.75,0.02326,29.84,0
PX002802,2499,bank_timeout,netbanking,subscription,3,2,0,54,53,14,2101.88,1.189,0.6,0.03704,2.81,1
PX002803,19999,suspicious_reversal,netbanking,subscription,5,0,1,25,56,620,26961.74,0.742,1.0,0.0,38.56,0
PX002804,19999,mandate_expired,wallet,education,13,1,0,5,47,455,18422.33,1.086,0.929,0.2,12.02,0
PX002805,1999,expired_card,upi,subscription,9,1,2,41,17,244,1693.63,1.18,0.9,0.02439,3.47,0
PX002806,1999,mandate_expired,netbanking,ecommerce,3,0,0,37,31,208,2772.71,0.721,1.0,0.0,12.31,1
PX002807,1499,bank_timeout,wallet,education,4,2,1,22,47,725,1716.2,0.873,0.667,0.09091,47.96,1
PX002808,499,mandate_expired,card,ecommerce,11,3,0,1,16,570,584.78,0.853,0.786,3.0,44.37,0
PX002809,4999,bank_timeout,netbanking,subscription,8,3,3,17,8,605,4911.31,1.018,0.727,0.17647,33.98,1
PX002810,9999,expired_card,netbanking,saas,5,2,3,28,36,438,7811.25,1.28,0.714,0.07143,10.85,0
PX002811,1499,suspicious_reversal,netbanking,ecommerce,9,2,0,58,7,679,1939.55,0.773,0.818,0.03448,6.61,0
PX002812,4999,suspicious_reversal,upi,subscription,15,4,2,3,39,680,4548.34,1.099,0.789,1.33333,26.72,1
PX002813,19999,expired_card,wallet,ecommerce,7,5,3,50,2,289,23292.55,0.859,0.583,0.1,29.62,0
PX002814,1499,insufficient_funds,card,ecommerce,4,4,3,40,1,721,1629.68,0.92,0.5,0.1,26.45,0
PX002815,4999,expired_card,card,saas,10,2,0,57,55,420,4746.69,1.053,0.833,0.03509,41.29,1
PX002816,4999,mandate_expired,upi,ecommerce,5,4,1,52,24,210,3701.08,1.351,0.556,0.07692,13.66,0
PX002817,4999,mandate_expired,upi,subscription,10,3,1,59,41,65,6806.88,0.734,0.769,0.05085,26.91,0
PX002818,9999,mandate_expired,upi,ecommerce,6,2,1,38,2,539,6121.29,1.633,0.75,0.05263,0.57,1
PX002819,19999,suspicious_reversal,card,ecommerce,7,2,1,12,31,181,24628.21,0.812,0.778,0.16667,12.25,0
PX002820,2499,insufficient_funds,wallet,ecommerce,14,0,0,59,33,28,1739.89,1.436,1.0,0.0,2.52,1
PX002821,9999,insufficient_funds,wallet,media,10,3,2,6,10,185,12016.05,0.832,0.769,0.5,0.51,1
PX002822,1999,insufficient_funds,upi,education,7,0,2,27,21,134,2450.8,0.816,1.0,0.0,0.5,0
PX002823,4999,bank_timeout,netbanking,ecommerce,9,0,0,32,53,9,3490.67,1.432,1.0,0.0,5.08,1
PX002824,1499,expired_card,card,education,6,3,3,49,22,632,1972.53,0.76,0.667,0.06122,14.49,0
PX002825,9999,bank_timeout,upi,media,8,1,3,22,9,690,11226.48,0.891,0.889,0.04545,44.11,1
PX002826,1999,suspicious_reversal,card,media,12,2,3,2,43,726,1832.82,1.091,0.857,1.0,29.11,0
PX002827,499,suspicious_reversal,wallet,subscription,8,0,2,21,10,423,680.09,0.734,1.0,0.0,44.94,0
PX002828,1499,expired_card,upi,subscription,15,4,2,58,8,442,1524.29,0.983,0.789,0.06897,47.57,1
PX002829,2499,mandate_expired,card,education,4,2,0,15,13,137,2930.81,0.853,0.667,0.13333,6.88,0
PX002830,19999,bank_timeout,upi,ecommerce,6,5,0,40,36,68,12403.24,1.612,0.545,0.125,9.87,1
PX002831,1499,mandate_expired,wallet,education,8,3,3,3,24,531,1357.55,1.104,0.727,1.0,8.94,0
PX002832,9999,mandate_expired,netbanking,subscription,7,3,1,38,36,206,13795.57,0.725,0.7,0.07895,1.68,0
PX002833,4999,expired_card,upi,education,11,0,0,30,21,480,3207.37,1.559,1.0,0.0,27.45,1
PX002834,4999,bank_timeout,netbanking,subscription,13,0,1,36,52,101,5855.69,0.854,1.0,0.0,21.31,1
PX002835,2499,mandate_expired,upi,ecommerce,9,4,2,10,21,605,2630.13,0.95,0.692,0.4,25.05,0
PX002836,9999,suspicious_reversal,upi,media,6,2,3,1,6,263,6709.79,1.49,0.75,2.0,9.27,0
PX002837,999,mandate_expired,upi,subscription,5,0,1,43,18,88,1134.5,0.881,1.0,0.0,12.77,0
PX002838,2499,insufficient_funds,netbanking,subscription,8,1,2,55,50,701,1559.45,1.602,0.889,0.01818,43.04,1
PX002839,1499,insufficient_funds,netbanking,saas,9,1,2,58,32,101,1412.42,1.061,0.9,0.01724,32.45,0
PX002840,19999,expired_card,card,subscription,4,1,2,19,56,149,14976.5,1.335,0.8,0.05263,20.43,0
PX002841,2499,mandate_expired,card,media,5,1,2,25,5,28,3056.1,0.818,0.833,0.04,15.61,0
PX002842,1999,insufficient_funds,netbanking,ecommerce,7,1,0,25,6,543,1276.06,1.567,0.875,0.04,27.66,0
PX002843,19999,suspicious_reversal,netbanking,media,7,2,3,6,4,714,16670.31,1.2,0.778,0.33333,24.82,1
PX002844,19999,bank_timeout,wallet,subscription,3,2,1,14,12,113,16725.42,1.196,0.6,0.14286,17.42,1
PX002845,9999,insufficient_funds,upi,ecommerce,10,2,2,22,43,342,6318.7,1.582,0.833,0.09091,38.18,1
PX002846,19999,mandate_expired,card,media,7,2,2,59,35,296,12383.08,1.615,0.778,0.0339,17.36,0
PX002847,1499,mandate_expired,upi,subscription,3,3,3,25,1,472,1104.52,1.357,0.5,0.12,36.03,1
PX002848,9999,bank_timeout,wallet,saas,5,4,0,49,5,96,12532.06,0.798,0.556,0.08163,12.54,1
PX002849,2499,bank_timeout,card,saas,9,1,2,21,54,289,3006.51,0.831,0.9,0.04762,41.24,1
PX002850,1499,bank_timeout,upi,media,7,4,1,2,51,427,2040.96,0.734,0.636,2.0,38.23,1
PX002851,19999,suspicious_reversal,wallet,ecommerce,5,6,0,8,38,488,26702.79,0.749,0.455,0.75,37.04,0
PX002852,19999,suspicious_reversal,upi,saas,9,1,0,17,53,221,23654.6,0.845,0.9,0.05882,30.38,1
PX002853,9999,mandate_expired,wallet,media,5,0,0,15,17,4,10616.95,0.942,1.0,0.0,6.89,1
PX002854,1499,mandate_expired,wallet,saas,11,1,3,24,49,391,1380.97,1.085,0.917,0.04167,16.26,1
PX002855,999,bank_timeout,upi,ecommerce,7,5,2,27,37,219,1192.33,0.838,0.583,0.18519,27.55,1
PX002856,19999,suspicious_reversal,upi,education,7,3,2,41,29,58,15823.77,1.264,0.7,0.07317,40.75,0
PX002857,2499,suspicious_reversal,netbanking,saas,8,2,1,24,19,591,1508.35,1.657,0.8,0.08333,14.98,0
PX002858,499,bank_timeout,card,subscription,4,3,1,21,17,711,645.51,0.773,0.571,0.14286,12.93,1
PX002859,999,expired_card,wallet,media,11,1,1,3,38,474,1009.26,0.99,0.917,0.33333,3.4,0
PX002860,1999,bank_timeout,wallet,media,3,0,1,24,40,114,2507.36,0.797,1.0,0.0,45.37,1
PX002861,1999,insufficient_funds,netbanking,ecommerce,9,5,2,52,45,225,2678.88,0.746,0.643,0.09615,25.16,1
PX002862,499,suspicious_reversal,card,ecommerce,7,2,2,53,8,299,628.11,0.794,0.778,0.03774,20.48,0
PX002863,9999,expired_card,netbanking,education,12,0,1,45,60,316,11761.51,0.85,1.0,0.0,6.28,0
PX002864,9999,bank_timeout,wallet,ecommerce,10,1,3,60,21,306,12326.11,0.811,0.909,0.01667,7.49,1
PX002865,999,bank_timeout,netbanking,education,8,4,3,28,18,527,1363.67,0.733,0.667,0.14286,2.08,1
PX002866,9999,suspicious_reversal,upi,saas,11,1,1,43,26,543,6920.31,1.445,0.917,0.02326,33.08,1
PX002867,1499,suspicious_reversal,card,media,10,1,2,35,52,309,1801.9,0.832,0.909,0.02857,30.42,0
PX002868,4999,insufficient_funds,netbanking,education,7,2,1,56,31,430,3498.06,1.429,0.778,0.03571,19.8,1
PX002869,499,suspicious_reversal,wallet,media,10,2,1,7,40,529,399.57,1.249,0.833,0.28571,12.31,0
PX002870,4999,expired_card,netbanking,education,7,3,1,14,59,408,6163.15,0.811,0.7,0.21429,9.31,1
PX002871,9999,suspicious_reversal,netbanking,media,13,1,0,38,4,634,13595.98,0.735,0.929,0.02632,21.29,0
PX002872,999,mandate_expired,card,media,10,2,0,4,38,392,1371.3,0.729,0.833,0.5,3.7,1
PX002873,4999,suspicious_reversal,card,media,1,1,1,4,21,183,5609.82,0.891,0.5,0.25,14.94,0
PX002874,499,insufficient_funds,upi,subscription,10,2,0,12,46,445,306.36,1.629,0.833,0.16667,13.63,1
PX002875,999,mandate_expired,upi,subscription,6,7,0,25,23,526,1197.73,0.834,0.462,0.28,17.34,0
PX002876,2499,insufficient_funds,card,subscription,6,1,1,30,32,413,3155.96,0.792,0.857,0.03333,23.11,1
PX002877,1499,expired_card,upi,subscription,11,1,3,27,31,200,1422.15,1.054,0.917,0.03704,28.43,0
PX002878,999,insufficient_funds,card,ecommerce,10,3,3,49,60,283,1085.61,0.92,0.769,0.06122,18.03,1
PX002879,1999,expired_card,netbanking,saas,5,0,2,47,15,40,1808.31,1.105,1.0,0.0,22.15,0
PX002880,1499,bank_timeout,wallet,education,8,1,2,56,60,146,2015.38,0.744,0.889,0.01786,19.7,1
PX002881,499,expired_card,card,subscription,9,2,0,49,44,210,592.35,0.842,0.818,0.04082,11.94,0
PX002882,19999,mandate_expired,netbanking,subscription,7,1,3,47,26,323,12732.33,1.571,0.875,0.02128,43.02,0
PX002883,19999,bank_timeout,wallet,saas,12,2,0,2,39,694,23313.4,0.858,0.857,1.0,34.21,1
PX002884,499,mandate_expired,card,saas,9,4,1,2,16,515,551.49,0.905,0.692,2.0,26.84,0
PX002885,4999,expired_card,netbanking,education,11,1,1,14,5,178,4749.56,1.053,0.917,0.07143,6.82,0
PX002886,1999,expired_card,wallet,subscription,6,5,0,9,44,449,2332.9,0.857,0.545,0.55556,36.32,0
PX002887,999,expired_card,netbanking,media,5,1,2,2,31,27,1050.78,0.951,0.833,0.5,11.44,1
PX002888,1999,bank_timeout,card,education,9,3,1,48,60,26,2275.89,0.878,0.75,0.0625,23.27,1
PX002889,1999,mandate_expired,wallet,media,10,2,1,17,33,533,1498.01,1.334,0.833,0.11765,40.14,1
PX002890,1499,bank_timeout,upi,subscription,10,2,0,52,34,207,1673.34,0.896,0.833,0.03846,8.73,1
PX002891,4999,insufficient_funds,wallet,subscription,3,2,1,9,30,280,6869.99,0.728,0.6,0.22222,17.48,0
PX002892,2499,bank_timeout,wallet,subscription,9,1,1,25,8,327,1859.52,1.344,0.9,0.04,4.38,1
PX002893,2499,mandate_expired,netbanking,education,9,0,0,41,11,88,3403.45,0.734,1.0,0.0,31.8,0
PX002894,19999,mandate_expired,wallet,ecommerce,2,1,1,37,4,284,21784.01,0.918,0.667,0.02703,37.65,1
PX002895,1499,suspicious_reversal,wallet,saas,8,2,0,24,1,27,1616.36,0.927,0.8,0.08333,30.0,0
PX002896,2499,bank_timeout,card,subscription,5,2,0,52,46,110,2630.26,0.95,0.714,0.03846,5.44,0
PX002897,1499,insufficient_funds,wallet,media,6,2,2,38,35,559,1271.56,1.179,0.75,0.05263,5.35,1
PX002898,19999,bank_timeout,card,subscription,8,1,0,43,45,472,15282.82,1.309,0.889,0.02326,33.66,1
PX002899,9999,expired_card,card,ecommerce,7,2,3,5,30,577,6138.82,1.629,0.778,0.4,15.77,0
PX002900,1499,expired_card,card,media,4,1,3,34,31,329,1299.27,1.154,0.8,0.02941,14.23,0
PX002901,999,suspicious_reversal,card,saas,14,2,0,45,6,93,1173.7,0.851,0.875,0.04444,24.78,1
PX002902,2499,suspicious_reversal,netbanking,saas,7,2,3,20,39,121,2861.83,0.873,0.778,0.1,7.01,0
PX002903,499,mandate_expired,wallet,saas,6,3,3,48,17,422,423.68,1.178,0.667,0.0625,25.55,0
PX002904,1999,bank_timeout,upi,education,11,3,1,54,49,569,2244.56,0.891,0.786,0.05556,34.42,1
PX002905,9999,bank_timeout,netbanking,ecommerce,10,2,2,57,57,257,9260.26,1.08,0.833,0.03509,1.25,1
PX002906,2499,insufficient_funds,netbanking,education,7,2,2,50,11,711,2761.62,0.905,0.778,0.04,8.16,1
PX002907,1499,mandate_expired,netbanking,ecommerce,9,3,0,19,18,697,1700.76,0.881,0.75,0.15789,15.92,0
PX002908,9999,bank_timeout,card,media,3,3,1,48,33,614,10823.51,0.924,0.5,0.0625,29.74,1
PX002909,2499,suspicious_reversal,card,subscription,8,3,0,58,25,458,2316.08,1.079,0.727,0.05172,36.91,1
PX002910,1499,bank_timeout,netbanking,education,9,2,3,58,13,44,1525.26,0.983,0.818,0.03448,12.0,1
PX002911,2499,insufficient_funds,wallet,media,10,2,3,3,28,588,3439.45,0.727,0.833,0.66667,34.45,1
PX002912,1499,insufficient_funds,netbanking,media,6,3,2,26,31,220,2027.07,0.739,0.667,0.11538,20.07,0
PX002913,499,bank_timeout,wallet,ecommerce,5,1,2,46,9,635,697.1,0.716,0.833,0.02174,31.38,1
PX002914,9999,mandate_expired,netbanking,education,9,0,1,50,41,179,10017.72,0.998,1.0,0.0,7.62,0
PX002915,19999,insufficient_funds,wallet,media,7,4,1,39,10,247,18020.32,1.11,0.636,0.10256,41.28,1
PX002916,999,bank_timeout,netbanking,education,8,3,2,46,50,720,1161.15,0.86,0.727,0.06522,44.1,1
PX002917,1499,expired_card,wallet,saas,12,5,0,38,12,553,1465.69,1.023,0.706,0.13158,28.64,0
PX002918,2499,bank_timeout,wallet,saas,10,0,2,16,12,445,2028.75,1.232,1.0,0.0,16.04,1
PX002919,499,expired_card,netbanking,saas,10,2,1,21,36,239,466.85,1.069,0.833,0.09524,27.69,1
PX002920,499,bank_timeout,upi,education,8,1,1,27,35,578,579.08,0.862,0.889,0.03704,33.77,1
PX002921,4999,bank_timeout,card,education,9,4,1,22,4,155,4100.76,1.219,0.692,0.18182,21.5,1
PX002922,9999,expired_card,card,education,5,0,3,17,48,359,13866.09,0.721,1.0,0.0,43.97,0
PX002923,499,mandate_expired,netbanking,saas,10,1,2,33,21,117,550.29,0.907,0.909,0.0303,29.8,1
PX002924,2499,suspicious_reversal,card,media,6,2,1,7,3,516,1993.06,1.254,0.75,0.28571,23.22,0
PX002925,4999,insufficient_funds,upi,subscription,12,2,2,37,13,144,6277.63,0.796,0.857,0.05405,12.51,1
PX002926,2499,mandate_expired,card,ecommerce,7,0,0,40,8,235,1661.81,1.504,1.0,0.0,44.68,1
PX002927,499,insufficient_funds,wallet,saas,12,1,1,2,56,416,401.93,1.242,0.923,0.5,6.12,1
PX002928,4999,expired_card,netbanking,media,5,3,1,55,14,8,5124.58,0.975,0.625,0.05455,41.0,0
PX002929,2499,expired_card,wallet,ecommerce,4,1,3,13,15,113,3322.5,0.752,0.8,0.07692,2.47,0
PX002930,2499,expired_card,wallet,media,6,2,3,45,53,54,3259.81,0.767,0.75,0.04444,25.45,0
PX002931,9999,expired_card,upi,saas,7,1,0,48,7,432,6302.25,1.587,0.875,0.02083,31.16,0
PX002932,499,bank_timeout,wallet,ecommerce,7,1,0,45,40,476,644.09,0.775,0.875,0.02222,9.54,1
PX002933,999,expired_card,netbanking,ecommerce,13,4,0,22,10,260,1062.48,0.94,0.765,0.18182,38.87,0
PX002934,1499,mandate_expired,wallet,ecommerce,10,4,3,1,28,728,1580.1,0.949,0.714,4.0,28.38,1
PX002935,9999,mandate_expired,wallet,ecommerce,10,2,1,29,26,16,8639.89,1.157,0.833,0.06897,13.32,0
PX002936,1499,insufficient_funds,card,subscription,5,6,2,10,12,717,1590.77,0.942,0.455,0.6,26.6,0
PX002937,2499,expired_card,wallet,saas,9,2,1,10,3,533,3327.75,0.751,0.818,0.2,14.92,0
PX002938,1999,suspicious_reversal,card,ecommerce,4,2,3,57,47,255,2028.84,0.985,0.667,0.03509,32.09,0
PX002939,4999,expired_card,netbanking,subscription,7,2,1,32,25,470,3228.92,1.548,0.778,0.0625,40.95,0
PX002940,9999,mandate_expired,upi,ecommerce,7,1,3,36,60,536,6492.49,1.54,0.875,0.02778,33.55,1
PX002941,999,suspicious_reversal,wallet,ecommerce,6,1,1,39,23,455,1277.51,0.782,0.857,0.02564,35.15,0
PX002942,2499,bank_timeout,upi,media,4,2,1,22,7,367,2959.89,0.844,0.667,0.09091,31.87,1
PX002943,1999,suspicious_reversal,upi,ecommerce,9,1,2,5,44,35,1925.78,1.038,0.9,0.2,22.3,0
PX002944,9999,mandate_expired,wallet,media,4,1,3,28,46,329,12764.71,0.783,0.8,0.03571,31.17,0
PX002945,499,mandate_expired,card,saas,5,3,0,51,40,383,554.85,0.899,0.625,0.05882,28.68,1
PX002946,1499,bank_timeout,card,media,4,1,0,2,55,599,1727.66,0.868,0.8,0.5,15.86,1
PX002947,499,suspicious_reversal,wallet,subscription,15,1,2,9,45,109,634.86,0.786,0.938,0.11111,41.88,0
PX002948,999,insufficient_funds,upi,ecommerce,3,0,3,8,5,677,889.69,1.123,1.0,0.0,31.28,1
PX002949,4999,mandate_expired,wallet,education,9,1,2,1,56,707,6830.94,0.732,0.9,1.0,39.65,1
PX002950,499,bank_timeout,netbanking,subscription,10,2,3,33,60,355,506.13,0.986,0.833,0.06061,44.77,1
PX002951,999,suspicious_reversal,wallet,saas,5,3,0,42,5,13,958.99,1.042,0.625,0.07143,36.68,0
PX002952,9999,mandate_expired,wallet,saas,7,0,0,21,41,700,9543.15,1.048,1.0,0.0,15.4,0
PX002953,4999,bank_timeout,card,media,15,2,2,32,3,638,4035.77,1.239,0.882,0.0625,46.56,1
PX002954,4999,bank_timeout,card,ecommerce,5,1,1,42,53,319,5289.83,0.945,0.833,0.02381,45.48,1
PX002955,9999,suspicious_reversal,netbanking,ecommerce,8,2,1,43,42,428,6902.1,1.449,0.8,0.04651,11.14,0
PX002956,2499,mandate_expired,netbanking,ecommerce,9,3,1,44,27,30,1696.54,1.473,0.75,0.06818,34.13,0
PX002957,1499,suspicious_reversal,card,subscription,6,4,0,2,58,583,956.73,1.567,0.6,2.0,5.87,0
PX002958,499,expired_card,wallet,saas,7,3,3,5,28,149,407.26,1.225,0.7,0.6,9.41,1
PX002959,1999,expired_card,upi,saas,7,1,0,23,11,428,2262.06,0.884,0.875,0.04348,23.38,0
PX002960,999,mandate_expired,upi,media,7,3,2,33,60,676,826.4,1.209,0.7,0.09091,30.36,1
PX002961,1999,suspicious_reversal,wallet,education,9,3,3,52,34,352,2530.34,0.79,0.75,0.05769,4.21,0
PX002962,499,bank_timeout,upi,saas,3,1,3,14,32,510,398.73,1.251,0.75,0.07143,23.78,1
PX002963,499,insufficient_funds,card,ecommerce,9,1,0,22,9,625,352.59,1.415,0.9,0.04545,39.12,1
PX002964,2499,bank_timeout,wallet,subscription,8,2,3,46,10,201,2394.43,1.044,0.8,0.04348,3.4,1
PX002965,9999,bank_timeout,wallet,ecommerce,12,1,0,60,48,454,11481.31,0.871,0.923,0.01667,2.89,1
PX002966,1499,insufficient_funds,wallet,media,10,1,1,26,49,177,1190.7,1.259,0.909,0.03846,11.62,1
PX002967,499,insufficient_funds,wallet,media,4,0,0,48,25,314,299.79,1.664,1.0,0.0,24.81,1
PX002968,999,expired_card,upi,media,8,0,3,57,31,427,864.06,1.156,1.0,0.0,12.68,1
PX002969,2499,mandate_expired,upi,media,5,0,3,11,37,650,1929.47,1.295,1.0,0.0,21.96,0
PX002970,9999,expired_card,card,subscription,10,1,0,36,5,146,10914.84,0.916,0.909,0.02778,45.42,1
PX002971,1499,insufficient_funds,card,subscription,6,2,1,35,10,303,906.88,1.653,0.75,0.05714,15.0,1
PX002972,4999,expired_card,card,saas,9,2,1,27,18,657,5470.12,0.914,0.818,0.07407,38.32,1
PX002973,1999,suspicious_reversal,wallet,media,11,3,1,51,52,554,2764.94,0.723,0.786,0.05882,6.24,0
PX002974,999,insufficient_funds,upi,ecommerce,7,1,2,39,17,313,657.46,1.519,0.875,0.02564,14.82,1
PX002975,499,expired_card,card,education,10,1,3,20,12,245,587.71,0.849,0.909,0.05,4.79,0
PX002976,1499,mandate_expired,wallet,subscription,8,4,2,40,45,28,1210.13,1.239,0.667,0.1,38.07,0
PX002977,2499,bank_timeout,upi,saas,14,1,0,21,50,634,1547.32,1.615,0.933,0.04762,41.76,1
PX002978,2499,expired_card,upi,education,13,2,1,19,7,427,1531.4,1.632,0.867,0.10526,24.74,1
PX002979,499,insufficient_funds,wallet,media,9,2,1,18,32,628,466.71,1.069,0.818,0.11111,38.87,1
PX002980,19999,bank_timeout,wallet,subscription,7,2,3,54,56,431,23624.1,0.847,0.778,0.03704,17.57,0
PX002981,2499,suspicious_reversal,upi,media,9,2,3,12,11,503,3427.77,0.729,0.818,0.16667,10.59,0
PX002982,1499,expired_card,card,media,7,1,0,7,40,242,1770.95,0.846,0.875,0.14286,27.91,0
PX002983,1999,expired_card,upi,saas,12,3,3,4,43,689,1912.63,1.045,0.8,0.75,10.77,0
PX002984,9999,suspicious_reversal,wallet,media,7,3,2,10,52,413,13055.34,0.766,0.7,0.3,35.91,0
PX002985,1499,suspicious_reversal,upi,saas,8,1,1,49,41,126,1054.49,1.422,0.889,0.02041,15.57,1
PX002986,499,insufficient_funds,upi,education,5,4,2,37,38,533,675.25,0.739,0.556,0.10811,22.66,1
PX002987,499,expired_card,card,media,6,0,3,17,51,168,301.01,1.658,1.0,0.0,42.79,1
PX002988,999,suspicious_reversal,wallet,ecommerce,8,0,1,12,41,495,1372.6,0.728,1.0,0.0,11.37,0
PX002989,4999,insufficient_funds,netbanking,media,7,0,2,47,55,388,4083.91,1.224,1.0,0.0,43.94,0
PX002990,2499,suspicious_reversal,upi,education,12,1,1,54,19,239,3126.86,0.799,0.923,0.01852,19.91,0
PX002991,1999,mandate_expired,netbanking,saas,8,3,1,7,43,388,2283.78,0.875,0.727,0.42857,46.59,1
PX002992,999,expired_card,netbanking,education,10,3,2,17,32,564,957.14,1.044,0.769,0.17647,36.94,1
PX002993,1999,expired_card,netbanking,education,11,1,2,34,19,224,1463.53,1.366,0.917,0.02941,1.54,1
PX002994,1499,insufficient_funds,card,education,8,4,0,27,48,305,2080.07,0.721,0.667,0.14815,7.39,1
PX002995,19999,expired_card,upi,saas,12,0,3,43,36,38,23381.8,0.855,1.0,0.0,11.46,1
PX002996,1999,insufficient_funds,card,media,13,3,3,34,58,76,1925.48,1.038,0.812,0.08824,38.43,1
PX002997,9999,suspicious_reversal,card,education,4,2,3,23,24,215,12412.61,0.806,0.667,0.08696,47.78,0
PX002998,4999,bank_timeout,wallet,education,10,1,3,36,39,407,6879.67,0.727,0.909,0.02778,3.12,1
PX002999,1999,bank_timeout,card,subscription,11,1,1,43,4,224,1819.48,1.099,0.917,0.02326,32.24,1
PX003000,999,bank_timeout,card,subscription,5,1,1,20,39,607,1347.49,0.741,0.833,0.05,17.94,1
PX003001,1499,expired_card,card,education,10,1,1,19,35,595,2086.38,0.718,0.909,0.05263,14.93,1
PX003002,499,expired_card,wallet,saas,12,3,0,24,26,456,388.42,1.285,0.8,0.125,22.87,1
PX003003,499,suspicious_reversal,netbanking,ecommerce,11,5,3,48,2,341,433.93,1.15,0.688,0.10417,25.41,0
PX003004,4999,insufficient_funds,netbanking,education,8,1,3,11,28,597,3648.74,1.37,0.889,0.09091,30.98,1
PX003005,999,bank_timeout,wallet,ecommerce,6,2,3,22,24,708,1102.89,0.906,0.75,0.09091,6.25,1
PX003006,1499,expired_card,card,media,3,1,2,1,48,521,1383.03,1.084,0.75,1.0,19.56,0
PX003007,1999,insufficient_funds,wallet,subscription,11,4,2,23,16,203,1905.35,1.049,0.733,0.17391,15.68,0
PX003008,2499,bank_timeout,card,saas,7,2,0,37,50,664,1550.17,1.612,0.778,0.05405,12.51,1
PX003009,19999,mandate_expired,upi,education,7,3,1,46,51,258,21299.83,0.939,0.7,0.06522,2.78,1
PX003010,1999,suspicious_reversal,netbanking,saas,9,1,2,58,38,654,1346.84,1.484,0.9,0.01724,40.03,0
PX003011,2499,suspicious_reversal,wallet,saas,10,0,0,59,28,570,2216.54,1.127,1.0,0.0,42.75,0
PX003012,499,suspicious_reversal,card,saas,4,0,1,7,13,332,494.33,1.009,1.0,0.0,44.49,0
PX003013,999,mandate_expired,card,media,11,0,3,8,31,78,1356.06,0.737,1.0,0.0,8.28,1
PX003014,19999,expired_card,card,education,9,1,0,43,55,588,14536.24,1.376,0.9,0.02326,23.36,1
PX003015,1499,mandate_expired,netbanking,subscription,11,4,2,22,11,344,1895.52,0.791,0.733,0.18182,15.89,1
PX003016,9999,bank_timeout,upi,subscription,8,2,0,32,10,389,12140.47,0.824,0.8,0.0625,17.67,1
PX003017,4999,suspicious_reversal,wallet,education,4,3,0,27,39,498,3654.34,1.368,0.571,0.11111,2.91,0
PX003018,2499,expired_card,upi,media,9,3,1,18,48,349,1628.42,1.535,0.75,0.16667,40.09,1
PX003019,2499,suspicious_reversal,wallet,ecommerce,10,3,0,30,52,618,2454.52,1.018,0.769,0.1,46.05,0
PX003020,9999,expired_card,wallet,education,6,2,2,11,14,219,7816.04,1.279,0.75,0.18182,8.54,0
PX003021,19999,suspicious_reversal,netbanking,subscription,10,0,0,35,18,227,18710.27,1.069,1.0,0.0,11.78,0
PX003022,1999,mandate_expired,wallet,subscription,11,1,0,21,30,529,2457.05,0.814,0.917,0.04762,30.65,0
PX003023,4999,mandate_expired,upi,media,11,1,2,44,49,538,4709.5,1.061,0.917,0.02273,20.8,1
PX003024,2499,insufficient_funds,netbanking,education,6,0,1,9,12,178,2483.14,1.006,1.0,0.0,40.62,0
PX003025,9999,insufficient_funds,card,saas,8,0,3,28,17,217,12958.96,0.772,1.0,0.0,35.41,1
PX003026,4999,bank_timeout,netbanking,ecommerce,6,2,3,22,60,278,4583.12,1.091,0.75,0.09091,4.06,0
PX003027,499,insufficient_funds,card,ecommerce,5,2,2,48,43,26,623.33,0.801,0.714,0.04167,28.55,1
PX003028,999,expired_card,card,education,8,3,2,10,45,286,1026.89,0.973,0.727,0.3,30.4,0
PX003029,4999,insufficient_funds,upi,education,10,1,2,21,3,214,5573.59,0.897,0.909,0.04762,43.91,1
PX003030,1999,suspicious_reversal,card,media,9,1,0,13,6,100,1459.38,1.37,0.9,0.07692,30.26,1
PX003031,1499,expired_card,upi,media,5,1,3,60,23,30,901.46,1.663,0.833,0.01667,5.28,0
PX003032,1999,mandate_expired,netbanking,media,13,1,1,22,57,387,2326.83,0.859,0.929,0.04545,46.82,0
PX003033,1499,mandate_expired,card,ecommerce,8,1,0,37,9,597,1259.82,1.19,0.889,0.02703,22.93,0
PX003034,1499,expired_card,netbanking,media,6,3,2,51,49,527,1320.01,1.136,0.667,0.05882,12.0,1
PX003035,9999,insufficient_funds,netbanking,media,9,1,0,6,52,458,11881.86,0.842,0.9,0.16667,29.7,1
PX003036,499,mandate_expired,wallet,media,7,2,3,50,20,69,466.96,1.069,0.778,0.04,19.3,1
PX003037,19999,bank_timeout,card,subscription,12,2,0,24,3,661,14046.43,1.424,0.857,0.08333,35.85,1
PX003038,4999,mandate_expired,wallet,media,5,3,1,6,52,205,6851.55,0.73,0.625,0.5,22.44,0
PX003039,1999,bank_timeout,netbanking,saas,5,5,1,54,13,154,1844.15,1.084,0.5,0.09259,6.23,0
PX003040,4999,insufficient_funds,wallet,ecommerce,12,3,3,43,26,30,6600.01,0.757,0.8,0.06977,8.94,1
PX003041,9999,expired_card,netbanking,subscription,5,1,3,27,5,702,8854.18,1.129,0.833,0.03704,35.28,0
PX003042,499,bank_timeout,upi,ecommerce,8,2,2,59,24,552,538.67,0.926,0.8,0.0339,29.68,1
PX003043,9999,mandate_expired,card,education,5,3,3,56,41,353,12879.72,0.776,0.625,0.05357,32.41,0
PX003044,999,mandate_expired,upi,ecommerce,10,1,2,18,45,527,835.79,1.195,0.909,0.05556,0.61,1
PX003045,1999,bank_timeout,netbanking,ecommerce,9,1,1,27,5,709,1269.39,1.575,0.9,0.03704,1.2,0
PX003046,4999,suspicious_reversal,card,ecommerce,6,3,0,40,26,68,3776.01,1.324,0.667,0.075,14.59,1
PX003047,1999,insufficient_funds,upi,education,5,4,1,53,32,526,1890.61,1.057,0.556,0.07547,39.22,1
PX003048,2499,mandate_expired,upi,ecommerce,7,3,1,47,9,125,2108.24,1.185,0.7,0.06383,23.56,0
PX003049,1999,expired_card,card,saas,7,1,0,27,16,700,1577.58,1.267,0.875,0.03704,16.23,0
PX003050,499,mandate_expired,netbanking,education,11,3,3,26,39,465,630.04,0.792,0.786,0.11538,43.78,1
PX003051,1999,expired_card,wallet,ecommerce,11,1,3,36,8,226,2005.76,0.997,0.917,0.02778,13.22,0
PX003052,19999,mandate_expired,netbanking,saas,7,3,0,26,36,688,19510.44,1.025,0.7,0.11538,42.95,0
PX003053,19999,suspicious_reversal,wallet,education,6,0,1,7,8,275,14713.75,1.359,1.0,0.0,0.88,0
PX003054,1999,expired_card,card,saas,8,2,1,1,37,48,2333.12,0.857,0.8,2.0,46.29,0
PX003055,499,suspicious_reversal,wallet,ecommerce,7,0,1,33,59,341,598.41,0.834,1.0,0.0,36.06,0
PX003056,4999,expired_card,wallet,education,7,2,0,19,6,610,5098.42,0.981,0.778,0.10526,36.64,0
PX003057,1499,expired_card,card,saas,13,1,0,16,19,722,1189.18,1.261,0.929,0.0625,39.8,0
PX003058,9999,insufficient_funds,card,education,5,0,3,40,55,439,12103.96,0.826,1.0,0.0,41.98,0
PX003059,1499,expired_card,wallet,saas,9,3,3,60,56,582,1909.83,0.785,0.75,0.05,36.2,0
PX003060,999,expired_card,upi,subscription,8,3,1,58,32,367,1058.28,0.944,0.727,0.05172,13.94,0
PX003061,1499,suspicious_reversal,netbanking,media,8,1,1,29,31,491,1907.96,0.786,0.889,0.03448,4.33,0
PX003062,19999,bank_timeout,upi,media,6,2,1,42,16,696,17484.37,1.144,0.75,0.04762,6.49,1
PX003063,19999,expired_card,netbanking,media,10,2,2,22,49,660,24162.51,0.828,0.833,0.09091,45.31,0
PX003064,9999,expired_card,upi,ecommerce,9,1,1,7,43,223,12160.51,0.822,0.9,0.14286,2.88,1
PX003065,2499,insufficient_funds,netbanking,media,8,0,0,32,53,712,3160.46,0.791,1.0,0.0,47.66,1
PX003066,499,mandate_expired,card,education,9,2,3,32,26,195,585.39,0.852,0.818,0.0625,14.37,0
PX003067,499,mandate_expired,netbanking,saas,2,1,3,31,54,439,620.06,0.805,0.667,0.03226,24.91,0
PX003068,1999,suspicious_reversal,wallet,saas,5,0,1,23,48,474,1550.21,1.29,1.0,0.0,0.68,0
PX003069,499,expired_card,netbanking,media,7,1,2,16,45,387,575.89,0.866,0.875,0.0625,21.54,1
PX003070,499,bank_timeout,card,ecommerce,11,1,2,23,43,672,522.63,0.955,0.917,0.04348,20.07,1
PX003071,499,bank_timeout,card,education,10,4,2,20,40,36,441.55,1.13,0.714,0.2,27.52,0
PX003072,4999,mandate_expired,card,ecommerce,11,2,3,58,56,6,5232.62,0.955,0.846,0.03448,4.51,0
PX003073,9999,expired_card,upi,saas,6,0,2,10,46,483,8956.2,1.116,1.0,0.0,3.18,1
PX003074,999,bank_timeout,card,education,13,2,3,32,24,563,818.16,1.221,0.867,0.0625,24.3,1
PX003075,4999,insufficient_funds,netbanking,ecommerce,12,3,2,18,37,401,5985.06,0.835,0.8,0.16667,33.35,1
PX003076,499,bank_timeout,netbanking,media,10,2,2,52,2,524,620.8,0.804,0.833,0.03846,5.18,1
PX003077,1499,insufficient_funds,upi,saas,9,5,3,19,27,316,1901.82,0.788,0.643,0.26316,43.18,1
PX003078,1999,suspicious_reversal,upi,education,7,1,1,2,20,54,2349.62,0.851,0.875,0.5,26.47,0
PX003079,999,expired_card,netbanking,subscription,7,3,3,37,3,300,775.72,1.288,0.7,0.08108,40.26,0
PX003080,499,insufficient_funds,card,subscription,12,3,1,20,36,256,584.02,0.854,0.8,0.15,0.59,0
PX003081,19999,suspicious_reversal,card,saas,3,2,3,50,26,439,22019.65,0.908,0.6,0.04,32.96,0
PX003082,999,expired_card,wallet,subscription,9,3,1,45,46,424,937.85,1.065,0.75,0.06667,42.75,0
PX003083,499,expired_card,card,subscription,6,0,2,21,49,69,523.72,0.953,1.0,0.0,9.28,1
PX003084,499,mandate_expired,netbanking,ecommerce,10,2,3,18,33,491,543.66,0.918,0.833,0.11111,17.06,1
PX003085,19999,suspicious_reversal,upi,media,7,3,3,59,1,500,25635.06,0.78,0.7,0.05085,21.02,0
PX003086,9999,bank_timeout,card,media,9,1,1,15,20,374,8359.36,1.196,0.9,0.06667,10.81,0
PX003087,19999,insufficient_funds,card,education,6,2,2,22,44,475,25649.03,0.78,0.75,0.09091,9.12,1
PX003088,2499,bank_timeout,wallet,media,3,1,0,31,45,144,2762.81,0.905,0.75,0.03226,6.07,1
PX003089,499,suspicious_reversal,wallet,media,13,2,3,6,24,601,331.69,1.504,0.867,0.33333,47.38,0
PX003090,1999,suspicious_reversal,upi,subscription,8,1,3,47,58,548,1539.96,1.298,0.889,0.02128,18.66,0
PX003091,19999,mandate_expired,wallet,education,3,5,3,32,49,325,24453.48,0.818,0.375,0.15625,16.38,0
PX003092,1999,mandate_expired,netbanking,ecommerce,10,5,0,49,43,275,1361.87,1.468,0.667,0.10204,28.47,0
PX003093,1499,expired_card,wallet,media,5,3,3,8,11,479,1774.99,0.845,0.625,0.375,15.13,0
PX003094,4999,expired_card,netbanking,subscription,5,1,2,12,15,400,6260.28,0.799,0.833,0.08333,17.93,1
PX003095,9999,insufficient_funds,wallet,subscription,14,3,1,7,33,31,12651.57,0.79,0.824,0.42857,15.26,0
PX003096,19999,bank_timeout,upi,subscription,14,2,2,2,8,228,25808.74,0.775,0.875,1.0,22.58,1
PX003097,4999,suspicious_reversal,upi,subscription,8,2,0,37,38,278,3741.94,1.336,0.8,0.05405,14.62,1
PX003098,499,mandate_expired,upi,ecommerce,7,2,1,3,10,513,499.62,0.999,0.778,0.66667,8.28,0
PX003099,9999,bank_timeout,upi,saas,13,3,1,26,18,138,11604.45,0.862,0.812,0.11538,29.82,1
PX003100,2499,suspicious_reversal,wallet,subscription,9,2,3,16,55,564,2754.3,0.907,0.818,0.125,18.52,0
PX003101,1499,mandate_expired,upi,education,4,1,3,56,5,307,1066.31,1.406,0.8,0.01786,35.8,0
PX003102,4999,expired_card,wallet,media,11,2,0,56,22,351,5097.11,0.981,0.846,0.03571,4.46,1
PX003103,1999,bank_timeout,upi,saas,11,6,3,47,52,575,2276.77,0.878,0.647,0.12766,18.14,1
PX003104,1499,expired_card,netbanking,education,12,5,0,27,18,490,1396.68,1.073,0.706,0.18519,20.4,0
PX003105,1499,bank_timeout,upi,media,12,2,0,14,14,653,1252.19,1.197,0.857,0.14286,5.62,1
PX003106,1499,insufficient_funds,netbanking,media,10,1,2,54,40,358,1959.47,0.765,0.909,0.01852,39.69,1
PX003107,2499,bank_timeout,netbanking,media,13,3,1,60,4,230,2893.36,0.864,0.812,0.05,28.92,1
PX003108,19999,mandate_expired,wallet,education,8,2,1,4,10,519,18372.81,1.089,0.8,0.5,24.52,1
PX003109,1999,suspicious_reversal,upi,media,9,2,2,49,14,364,2269.76,0.881,0.818,0.04082,9.08,0
PX003110,4999,mandate_expired,netbanking,ecommerce,7,1,3,47,9,24,5960.03,0.839,0.875,0.02128,11.68,0
PX003111,19999,insufficient_funds,card,subscription,8,5,3,25,29,253,14797.72,1.351,0.615,0.2,13.33,0
PX003112,9999,suspicious_reversal,netbanking,subscription,11,3,2,34,22,493,12531.81,0.798,0.786,0.08824,39.28,0
PX003113,1499,suspicious_reversal,netbanking,saas,9,0,0,1,19,367,1040.35,1.441,1.0,0.0,9.49,1
PX003114,4999,expired_card,wallet,media,5,0,0,28,39,26,5511.62,0.907,1.0,0.0,39.62,0
PX003115,19999,insufficient_funds,card,media,9,0,2,26,55,562,17864.86,1.119,1.0,0.0,5.4,0
PX003116,19999,insufficient_funds,netbanking,subscription,7,1,0,40,54,620,25846.72,0.774,0.875,0.025,30.34,1
PX003117,499,insufficient_funds,upi,ecommerce,9,0,0,31,20,145,658.49,0.758,1.0,0.0,21.04,1
PX003118,9999,insufficient_funds,wallet,subscription,7,2,2,7,56,539,9003.27,1.111,0.778,0.28571,4.13,0
PX003119,2499,insufficient_funds,upi,ecommerce,9,5,3,24,24,368,2026.33,1.233,0.643,0.20833,26.02,0
PX003120,4999,bank_timeout,upi,media,8,2,3,57,35,472,5178.39,0.965,0.8,0.03509,38.13,1
PX003121,1999,expired_card,netbanking,ecommerce,6,2,3,7,15,332,2032.54,0.984,0.75,0.28571,12.81,0
PX003122,2499,mandate_expired,upi,education,10,1,1,25,41,510,1850.73,1.35,0.909,0.04,18.07,1
PX003123,1999,suspicious_reversal,upi,media,17,0,2,22,7,707,1718.35,1.163,1.0,0.0,44.18,1
PX003124,1499,bank_timeout,netbanking,subscription,12,2,1,5,55,450,1710.58,0.876,0.857,0.4,22.46,0
PX003125,2499,bank_timeout,upi,subscription,5,0,3,53,30,203,2343.73,1.066,1.0,0.0,28.06,1
PX003126,19999,bank_timeout,upi,media,6,1,2,23,55,528,27688.99,0.722,0.857,0.04348,10.59,1
PX003127,9999,bank_timeout,wallet,ecommerce,7,4,1,58,41,253,8793.94,1.137,0.636,0.06897,23.2,1
PX003128,1499,insufficient_funds,upi,subscription,6,3,1,12,3,345,1584.36,0.946,0.667,0.25,17.59,0
PX003129,19999,insufficient_funds,netbanking,media,7,3,2,31,36,568,17606.47,1.136,0.7,0.09677,46.75,0
PX003130,1499,insufficient_funds,card,subscription,4,2,2,42,15,428,1349.68,1.111,0.667,0.04762,36.59,1
PX003131,4999,expired_card,upi,subscription,4,2,3,32,55,620,6147.44,0.813,0.667,0.0625,38.68,1
PX003132,499,insufficient_funds,upi,saas,6,1,2,44,33,571,698.46,0.714,0.857,0.02273,22.49,1
PX003133,4999,bank_timeout,netbanking,media,8,0,0,14,20,202,6978.36,0.716,1.0,0.0,11.17,1
PX003134,4999,bank_timeout,wallet,saas,0,4,0,27,42,125,4560.81,1.096,0.0,0.14815,20.55,1
PX003135,4999,suspicious_reversal,wallet,media,9,1,0,58,35,466,3236.85,1.544,0.9,0.01724,9.09,0
PX003136,19999,bank_timeout,card,subscription,9,0,2,37,57,109,24303.5,0.823,1.0,0.0,23.83,1
PX003137,1999,suspicious_reversal,netbanking,media,7,1,1,29,55,77,1849.5,1.081,0.875,0.03448,27.12,0
PX003138,1999,insufficient_funds,upi,subscription,9,5,1,20,13,241,2695.06,0.742,0.643,0.25,40.07,1
PX003139,2499,mandate_expired,upi,ecommerce,9,5,1,1,36,186,1505.89,1.659,0.643,5.0,43.41,1
PX003140,9999,mandate_expired,upi,saas,5,1,1,2,24,666,6526.89,1.532,0.833,0.5,19.36,1
PX003141,1999,bank_timeout,netbanking,education,10,1,1,56,52,309,2532.0,0.789,0.909,0.01786,18.45,1
PX003142,2499,expired_card,wallet,saas,10,1,0,42,24,352,3222.07,0.776,0.909,0.02381,46.25,0
PX003143,1999,bank_timeout,upi,ecommerce,9,2,1,39,23,639,1887.0,1.059,0.818,0.05128,12.8,1
PX003144,999,insufficient_funds,netbanking,ecommerce,9,1,0,33,59,100,991.45,1.008,0.9,0.0303,22.54,0
PX003145,499,bank_timeout,upi,education,9,1,1,22,53,295,566.02,0.882,0.9,0.04545,46.62,1
PX003146,19999,suspicious_reversal,card,subscription,7,1,0,22,43,589,16649.19,1.201,0.875,0.04545,44.83,0
PX003147,499,insufficient_funds,upi,saas,7,1,2,6,49,39,680.88,0.733,0.875,0.16667,6.6,1
PX003148,4999,mandate_expired,card,subscription,4,1,2,49,25,344,4884.07,1.024,0.8,0.02041,9.34,1
PX003149,999,expired_card,upi,subscription,5,4,1,6,30,538,955.89,1.045,0.556,0.66667,36.56,1
PX003150,2499,expired_card,upi,education,5,0,0,50,8,536,3229.85,0.774,1.0,0.0,45.52,0
PX003151,1999,expired_card,upi,saas,13,2,3,47,17,95,1943.96,1.028,0.867,0.04255,8.29,0
PX003152,2499,bank_timeout,upi,education,8,3,2,2,17,558,1764.37,1.416,0.727,1.5,23.19,0
PX003153,19999,suspicious_reversal,netbanking,ecommerce,8,1,2,8,41,612,22268.0,0.898,0.889,0.125,23.06,0
PX003154,19999,suspicious_reversal,netbanking,ecommerce,11,4,3,44,5,628,25615.01,0.781,0.733,0.09091,23.22,0
PX003155,9999,bank_timeout,netbanking,subscription,9,0,0,20,55,63,10627.57,0.941,1.0,0.0,47.13,1
PX003156,2499,suspicious_reversal,netbanking,subscription,5,1,1,5,39,581,2098.62,1.191,0.833,0.2,17.83,0
PX003157,1999,suspicious_reversal,wallet,media,8,3,2,19,53,54,1676.02,1.193,0.727,0.15789,14.64,1
PX003158,499,suspicious_reversal,netbanking,media,9,2,3,19,54,721,430.69,1.159,0.818,0.10526,1.87,0
PX003159,2499,suspicious_reversal,upi,ecommerce,13,0,0,37,46,112,2172.42,1.15,1.0,0.0,21.57,0
PX003160,2499,insufficient_funds,upi,media,8,1,3,43,28,608,2647.25,0.944,0.889,0.02326,2.33,0
PX003161,2499,expired_card,wallet,ecommerce,8,2,3,52,31,101,2889.8,0.865,0.8,0.03846,38.66,1
PX003162,2499,suspicious_reversal,wallet,media,7,4,0,24,58,214,3002.21,0.832,0.636,0.16667,32.84,0
PX003163,4999,insufficient_funds,card,media,10,2,2,50,58,62,3929.52,1.272,0.833,0.04,42.15,1
PX003164,4999,mandate_expired,netbanking,subscription,10,4,2,8,27,452,3311.57,1.51,0.714,0.5,8.09,1
PX003165,9999,expired_card,netbanking,media,9,0,3,18,18,126,6470.87,1.545,1.0,0.0,43.21,1
PX003166,1999,insufficient_funds,upi,education,8,1,3,12,43,171,1989.05,1.005,0.889,0.08333,19.48,1
PX003167,19999,insufficient_funds,netbanking,subscription,8,3,3,11,23,635,20470.56,0.977,0.727,0.27273,10.28,0
PX003168,1999,suspicious_reversal,card,education,10,1,2,60,46,730,2478.25,0.807,0.909,0.01667,23.32,0
PX003169,499,expired_card,netbanking,subscription,9,1,3,3,36,626,489.8,1.019,0.9,0.33333,29.44,0
PX003170,2499,bank_timeout,card,education,9,1,3,46,20,274,2746.41,0.91,0.9,0.02174,13.25,1
PX003171,1999,insufficient_funds,card,ecommerce,9,2,1,26,53,677,1848.46,1.081,0.818,0.07692,16.51,1
PX003172,1999,insufficient_funds,wallet,education,11,4,3,16,33,655,2134.96,0.936,0.733,0.25,18.05,0
PX003173,9999,mandate_expired,card,subscription,9,5,1,3,27,125,9212.51,1.085,0.643,1.66667,38.12,1
PX003174,1999,bank_timeout,netbanking,subscription,9,0,1,52,4,479,2668.97,0.749,1.0,0.0,4.45,0
PX003175,499,suspicious_reversal,wallet,ecommerce,4,3,2,51,2,207,339.63,1.469,0.571,0.05882,39.58,0
PX003176,9999,insufficient_funds,upi,saas,7,4,3,43,7,145,11539.39,0.867,0.636,0.09302,20.82,0
PX003177,499,suspicious_reversal,wallet,subscription,9,1,2,41,36,244,386.0,1.293,0.9,0.02439,29.14,0
PX003178,999,bank_timeout,card,ecommerce,10,2,1,43,10,536,1027.98,0.972,0.833,0.04651,35.48,1
PX003179,9999,mandate_expired,upi,education,2,2,2,7,7,562,8823.65,1.133,0.5,0.28571,27.64,0
PX003180,2499,mandate_expired,upi,saas,6,1,1,39,43,525,2885.89,0.866,0.857,0.02564,13.08,0
PX003181,1499,mandate_expired,upi,media,6,2,2,5,47,214,1336.8,1.121,0.75,0.4,46.59,0
PX003182,4999,mandate_expired,wallet,media,7,2,3,25,44,519,6564.12,0.762,0.778,0.08,33.82,0
PX003183,1499,insufficient_funds,wallet,education,11,3,3,35,29,447,1714.49,0.874,0.786,0.08571,13.44,0
PX003184,999,expired_card,card,subscription,10,1,0,47,10,186,1054.71,0.947,0.909,0.02128,40.91,0
PX003185,2499,suspicious_reversal,netbanking,saas,8,0,0,51,23,389,2709.04,0.922,1.0,0.0,9.85,0
PX003186,999,mandate_expired,netbanking,subscription,7,4,2,51,38,117,913.13,1.094,0.636,0.07843,4.47,1
PX003187,19999,expired_card,wallet,subscription,11,1,1,38,48,610,13461.4,1.486,0.917,0.02632,20.8,0
PX003188,19999,suspicious_reversal,wallet,ecommerce,4,1,3,4,44,662,27258.53,0.734,0.8,0.25,41.49,1
PX003189,499,insufficient_funds,wallet,saas,8,3,3,44,21,190,308.92,1.615,0.727,0.06818,37.06,0
PX003190,1499,suspicious_reversal,upi,education,11,1,3,50,50,320,1946.41,0.77,0.917,0.02,16.26,0
PX003191,1999,expired_card,netbanking,ecommerce,4,4,0,59,59,67,2410.3,0.829,0.5,0.0678,18.64,0
PX003192,1999,expired_card,card,subscription,9,1,2,52,9,122,2489.18,0.803,0.9,0.01923,37.25,0
PX003193,999,mandate_expired,wallet,ecommerce,6,3,2,34,52,255,1118.71,0.893,0.667,0.08824,1.79,0
PX003194,4999,mandate_expired,upi,saas,7,3,2,29,7,188,4031.42,1.24,0.7,0.10345,36.8,0
PX003195,1999,insufficient_funds,netbanking,education,10,0,3,31,35,155,1535.79,1.302,1.0,0.0,22.59,1
PX003196,4999,expired_card,card,ecommerce,4,3,3,33,36,126,6434.97,0.777,0.571,0.09091,16.41,0
PX003197,999,expired_card,upi,ecommerce,4,4,1,40,59,698,825.16,1.211,0.5,0.1,36.01,0
PX003198,1999,expired_card,wallet,subscription,6,3,0,36,23,206,1423.43,1.404,0.667,0.08333,21.28,0
PX003199,1499,mandate_expired,upi,subscription,6,1,1,17,5,265,1590.91,0.942,0.857,0.05882,40.01,0
PX003200,1999,mandate_expired,card,ecommerce,7,3,2,20,44,76,2164.48,0.924,0.7,0.15,10.54,0
PX003201,1499,expired_card,card,education,3,1,3,31,12,382,1968.12,0.762,0.75,0.03226,36.08,0
PX003202,2499,suspicious_reversal,netbanking,subscription,5,1,3,55,33,274,3359.6,0.744,0.833,0.01818,9.89,0
PX003203,499,mandate_expired,netbanking,education,4,1,2,40,44,221,659.04,0.757,0.8,0.025,15.42,0
PX003204,499,mandate_expired,wallet,ecommerce,10,0,3,18,47,61,667.3,0.748,1.0,0.0,45.18,0
PX003205,999,insufficient_funds,netbanking,saas,6,2,3,7,53,463,1290.45,0.774,0.75,0.28571,27.9,0
PX003206,999,suspicious_reversal,upi,ecommerce,7,1,0,4,53,650,1016.04,0.983,0.875,0.25,28.78,1
PX003207,499,suspicious_reversal,netbanking,media,11,2,3,15,57,236,503.89,0.99,0.846,0.13333,13.65,1
PX003208,499,expired_card,netbanking,saas,9,1,3,34,9,407,565.62,0.882,0.9,0.02941,34.4,0
PX003209,1499,suspicious_reversal,netbanking,subscription,8,0,2,60,24,467,1662.2,0.902,1.0,0.0,13.36,1
PX003210,2499,expired_card,wallet,ecommerce,7,3,3,33,26,528,2116.59,1.181,0.7,0.09091,41.95,1
PX003211,1999,insufficient_funds,card,media,4,5,3,55,41,246,2485.97,0.804,0.444,0.09091,25.26,1
PX003212,2499,expired_card,upi,education,15,3,0,13,16,568,3352.1,0.746,0.833,0.23077,37.76,0
PX003213,999,suspicious_reversal,card,saas,9,1,1,44,46,497,1342.6,0.744,0.9,0.02273,35.43,0
PX003214,4999,insufficient_funds,card,subscription,9,1,2,33,53,678,3366.51,1.485,0.9,0.0303,23.48,0
PX003215,4999,mandate_expired,wallet,ecommerce,10,0,2,28,14,378,5361.02,0.932,1.0,0.0,9.4,1
PX003216,1499,expired_card,card,subscription,4,3,1,1,8,340,2072.38,0.723,0.571,3.0,32.34,0
PX003217,1999,mandate_expired,netbanking,ecommerce,10,4,3,19,19,232,2166.58,0.923,0.714,0.21053,17.75,0
PX003218,499,bank_timeout,upi,subscription,8,2,1,50,57,422,654.57,0.762,0.8,0.04,28.51,1
PX003219,1499,suspicious_reversal,card,education,7,4,3,51,12,241,1484.33,1.01,0.636,0.07843,40.57,1
PX003220,9999,insufficient_funds,card,media,12,2,1,56,28,527,12252.39,0.816,0.857,0.03571,36.61,1
PX003221,4999,mandate_expired,upi,saas,7,2,3,49,36,16,3730.77,1.34,0.778,0.04082,8.77,0
PX003222,1999,suspicious_reversal,upi,ecommerce,9,1,0,1,41,711,1777.2,1.125,0.9,1.0,2.27,0
PX003223,9999,mandate_expired,upi,saas,10,2,0,26,21,39,9649.19,1.036,0.833,0.07692,44.24,1
PX003224,499,bank_timeout,netbanking,subscription,12,0,0,45,7,56,502.08,0.994,1.0,0.0,2.61,1
PX003225,999,mandate_expired,wallet,ecommerce,9,0,0,31,28,26,983.1,1.016,1.0,0.0,14.12,0
PX003226,9999,bank_timeout,wallet,education,5,2,1,8,19,716,9897.1,1.01,0.714,0.25,34.24,1
PX003227,499,expired_card,wallet,saas,10,6,0,39,37,391,342.03,1.459,0.625,0.15385,11.43,0
PX003228,499,mandate_expired,wallet,saas,9,2,3,16,30,508,562.11,0.888,0.818,0.125,5.29,0
PX003229,499,expired_card,upi,media,6,1,0,46,32,110,651.74,0.766,0.857,0.02174,35.16,0
PX003230,4999,mandate_expired,wallet,media,10,4,1,40,13,373,5325.33,0.939,0.714,0.1,35.97,0
PX003231,9999,suspicious_reversal,wallet,education,10,2,1,7,39,9,10908.38,0.917,0.833,0.28571,27.11,0
PX003232,999,insufficient_funds,netbanking,subscription,7,1,3,58,52,183,889.06,1.124,0.875,0.01724,8.81,0
PX003233,4999,insufficient_funds,wallet,ecommerce,11,2,3,15,41,659,5649.03,0.885,0.846,0.13333,42.58,1
PX003234,999,bank_timeout,upi,saas,6,1,0,27,20,422,1029.8,0.97,0.857,0.03704,28.77,1
PX003235,999,bank_timeout,upi,media,10,0,3,45,37,707,1375.67,0.726,1.0,0.0,8.74,1
PX003236,19999,bank_timeout,wallet,education,6,3,2,7,39,621,17852.87,1.12,0.667,0.42857,9.58,1
PX003237,1499,suspicious_reversal,wallet,saas,9,0,3,23,40,481,1278.03,1.173,1.0,0.0,10.11,1
PX003238,1999,suspicious_reversal,card,education,12,1,3,51,54,122,2180.69,0.917,0.923,0.01961,41.12,0
PX003239,2499,mandate_expired,wallet,saas,10,0,2,1,41,387,2576.26,0.97,1.0,0.0,4.19,1
PX003240,19999,expired_card,wallet,saas,8,1,1,11,58,135,18442.53,1.084,0.889,0.09091,38.21,1
PX003241,499,bank_timeout,card,subscription,5,1,1,51,49,373,431.21,1.157,0.833,0.01961,10.45,1
PX003242,19999,bank_timeout,netbanking,education,8,4,2,7,24,553,14781.09,1.353,0.667,0.57143,10.3,1
PX003243,4999,mandate_expired,card,subscription,6,3,1,56,54,559,3472.85,1.439,0.667,0.05357,36.86,0
PX003244,1999,expired_card,wallet,subscription,12,2,0,10,38,213,1458.57,1.371,0.857,0.2,26.41,0
PX003245,2499,suspicious_reversal,netbanking,education,10,1,2,14,1,649,2279.6,1.096,0.909,0.07143,8.21,0
PX003246,1999,mandate_expired,card,ecommerce,6,3,3,5,45,620,1553.15,1.287,0.667,0.6,21.2,0
PX003247,19999,bank_timeout,wallet,education,8,1,1,13,9,59,21982.03,0.91,0.889,0.07692,32.25,1
PX003248,2499,mandate_expired,upi,saas,6,3,0,23,47,139,2712.69,0.921,0.667,0.13043,30.94,1
PX003249,4999,suspicious_reversal,netbanking,media,7,0,2,40,58,250,3610.91,1.384,1.0,0.0,43.91,0
PX003250,19999,expired_card,upi,ecommerce,3,2,2,50,32,584,27945.85,0.716,0.6,0.04,12.09,1
PX003251,1999,expired_card,upi,media,5,1,0,19,53,153,2342.87,0.853,0.833,0.05263,39.88,1
PX003252,999,mandate_expired,netbanking,saas,10,0,1,9,12,92,1017.39,0.982,1.0,0.0,21.36,0
PX003253,2499,bank_timeout,card,media,8,2,2,43,6,671,2067.8,1.209,0.8,0.04651,4.97,1
PX003254,9999,insufficient_funds,wallet,saas,5,2,1,43,29,308,13661.78,0.732,0.714,0.04651,3.02,1
PX003255,1999,insufficient_funds,card,education,8,2,2,27,14,18,2359.68,0.847,0.8,0.07407,26.48,0
PX003256,9999,insufficient_funds,card,education,10,0,3,8,59,194,6478.51,1.543,1.0,0.0,45.33,1
PX003257,19999,suspicious_reversal,card,ecommerce,14,1,2,31,22,685,20027.48,0.999,0.933,0.03226,47.52,0
PX003258,1499,mandate_expired,card,ecommerce,9,2,1,32,51,329,1679.01,0.893,0.818,0.0625,34.25,1
PX003259,19999,expired_card,netbanking,media,10,7,0,7,53,87,12539.08,1.595,0.588,1.0,7.5,0
PX003260,999,mandate_expired,upi,education,13,3,2,1,33,389,1333.42,0.749,0.812,3.0,29.87,0
PX003261,1999,bank_timeout,wallet,saas,10,2,2,16,45,355,2045.17,0.977,0.833,0.125,38.38,1
PX003262,999,expired_card,upi,education,4,3,0,48,49,424,604.2,1.653,0.571,0.0625,1.61,1
PX003263,999,insufficient_funds,upi,saas,3,0,3,1,54,24,956.88,1.044,1.0,0.0,32.59,1
PX003264,499,insufficient_funds,upi,education,9,5,1,45,25,183,433.98,1.15,0.643,0.11111,14.11,1
PX003265,1999,expired_card,card,subscription,1,2,3,28,22,149,2463.61,0.811,0.333,0.07143,9.37,0
PX003266,999,expired_card,wallet,ecommerce,7,1,0,9,33,189,1208.42,0.827,0.875,0.11111,41.38,0
PX003267,4999,suspicious_reversal,netbanking,education,8,3,1,52,8,302,6419.72,0.779,0.727,0.05769,42.48,0
PX003268,1999,expired_card,card,education,8,3,2,53,8,20,2334.52,0.856,0.727,0.0566,42.15,0
PX003269,9999,suspicious_reversal,card,education,7,2,2,31,12,441,11743.53,0.851,0.778,0.06452,11.69,0
PX003270,4999,expired_card,wallet,ecommerce,9,1,1,44,13,528,6582.91,0.759,0.9,0.02273,41.41,1
PX003271,4999,suspicious_reversal,card,subscription,11,3,2,3,37,128,5686.18,0.879,0.786,1.0,15.96,1
PX003272,19999,suspicious_reversal,upi,education,11,0,0,18,56,602,20633.47,0.969,1.0,0.0,39.97,0
PX003273,1499,suspicious_reversal,upi,ecommerce,6,3,0,17,41,451,1173.53,1.277,0.667,0.17647,44.55,0
PX003274,499,suspicious_reversal,wallet,education,8,3,1,55,37,613,319.37,1.562,0.727,0.05455,43.23,0
PX003275,4999,expired_card,wallet,media,5,0,0,32,13,225,3793.74,1.318,1.0,0.0,33.8,0
PX003276,1499,mandate_expired,netbanking,ecommerce,8,4,2,53,37,95,1435.51,1.044,0.667,0.07547,19.59,0
PX003277,1999,suspicious_reversal,card,saas,6,2,3,51,51,244,2327.12,0.859,0.75,0.03922,10.55,0
PX003278,9999,insufficient_funds,card,education,7,3,2,46,21,159,6119.11,1.634,0.7,0.06522,7.74,0
PX003279,499,expired_card,upi,subscription,10,5,1,39,54,58,444.32,1.123,0.667,0.12821,31.73,0
PX003280,9999,expired_card,netbanking,subscription,9,2,2,45,5,71,7609.27,1.314,0.818,0.04444,31.0,1
PX003281,9999,expired_card,wallet,education,12,3,2,32,41,718,13122.8,0.762,0.8,0.09375,44.75,1
PX003282,499,suspicious_reversal,netbanking,saas,8,1,2,11,38,87,604.27,0.826,0.889,0.09091,20.39,0
PX003283,2499,insufficient_funds,netbanking,education,10,4,1,43,39,211,3377.59,0.74,0.714,0.09302,27.32,0
PX003284,1499,bank_timeout,card,ecommerce,8,1,2,2,9,585,935.85,1.602,0.889,0.5,41.29,1
PX003285,9999,suspicious_reversal,card,subscription,8,3,3,22,10,392,12369.83,0.808,0.727,0.13636,9.63,0
PX003286,499,expired_card,upi,subscription,12,4,2,25,18,145,305.57,1.633,0.75,0.16,41.5,0
PX003287,9999,mandate_expired,card,saas,5,0,2,44,28,648,8036.62,1.244,1.0,0.0,21.75,0
PX003288,9999,bank_timeout,upi,ecommerce,7,1,3,29,6,239,13152.34,0.76,0.875,0.03448,8.97,1
PX003289,999,expired_card,card,media,7,0,3,32,5,245,1209.9,0.826,1.0,0.0,30.85,0
PX003290,1999,suspicious_reversal,netbanking,subscription,5,1,0,44,36,379,2795.41,0.715,0.833,0.02273,47.35,0
PX003291,4999,insufficient_funds,upi,subscription,5,2,0,56,27,444,4167.06,1.2,0.714,0.03571,40.15,1
PX003292,9999,mandate_expired,upi,education,3,4,2,56,20,84,7591.48,1.317,0.429,0.07143,22.68,1
PX003293,19999,bank_timeout,wallet,education,11,1,1,6,44,251,27176.98,0.736,0.917,0.16667,38.47,1
PX003294,4999,bank_timeout,netbanking,media,13,5,1,51,55,248,5914.77,0.845,0.722,0.09804,44.38,1
PX003295,499,mandate_expired,card,subscription,6,5,2,52,46,400,685.7,0.728,0.545,0.09615,47.3,1
PX003296,1999,insufficient_funds,upi,education,9,0,1,60,50,696,1550.34,1.289,1.0,0.0,9.89,1
PX003297,499,insufficient_funds,card,education,5,1,1,9,12,580,501.23,0.996,0.833,0.11111,28.66,1
PX003298,999,suspicious_reversal,netbanking,media,11,1,2,23,55,377,1222.22,0.817,0.917,0.04348,29.37,0
PX003299,499,insufficient_funds,wallet,education,5,1,3,20,42,68,491.51,1.015,0.833,0.05,23.56,0
PX003300,1499,suspicious_reversal,upi,media,9,1,2,51,6,6,1452.27,1.032,0.9,0.01961,38.15,0
PX003301,499,expired_card,card,saas,9,1,0,53,30,386,532.81,0.937,0.9,0.01887,40.04,0
PX003302,499,suspicious_reversal,upi,saas,11,1,3,23,31,441,419.33,1.19,0.917,0.04348,31.07,0
PX003303,499,expired_card,upi,ecommerce,8,1,1,28,25,673,522.4,0.955,0.889,0.03571,41.75,0
PX003304,1499,bank_timeout,netbanking,saas,5,2,3,47,53,23,990.4,1.514,0.714,0.04255,36.68,1
PX003305,4999,insufficient_funds,upi,ecommerce,8,1,2,52,23,715,3304.7,1.513,0.889,0.01923,23.63,1
PX003306,1499,insufficient_funds,upi,saas,10,3,1,36,54,308,1272.99,1.178,0.769,0.08333,2.04,1
PX003307,999,insufficient_funds,card,media,7,1,3,12,7,596,1373.31,0.727,0.875,0.08333,36.36,1
PX003308,1999,suspicious_reversal,wallet,saas,3,1,3,29,19,384,2788.57,0.717,0.75,0.03448,16.15,0
PX003309,9999,mandate_expired,wallet,saas,13,3,2,44,7,20,9892.09,1.011,0.812,0.06818,28.15,0
PX003310,19999,insufficient_funds,card,education,6,2,1,27,30,476,20910.41,0.956,0.75,0.07407,36.37,1
PX003311,999,insufficient_funds,card,saas,8,0,0,45,43,231,833.41,1.199,1.0,0.0,11.47,0
PX003312,1999,insufficient_funds,upi,subscription,10,2,2,37,60,387,2428.84,0.823,0.833,0.05405,9.02,1
PX003313,499,mandate_expired,upi,education,9,2,0,22,53,143,321.6,1.552,0.818,0.09091,42.73,1
PX003314,999,bank_timeout,upi,subscription,10,5,1,14,54,344,950.96,1.051,0.667,0.35714,28.96,1
PX003315,9999,insufficient_funds,netbanking,media,6,1,0,7,58,618,11507.86,0.869,0.857,0.14286,40.59,0
PX003316,1499,insufficient_funds,upi,media,12,0,0,37,59,602,1031.17,1.454,1.0,0.0,14.3,1
PX003317,1499,insufficient_funds,upi,saas,5,1,1,59,47,35,1433.8,1.045,0.833,0.01695,0.59,0
PX003318,2499,mandate_expired,netbanking,ecommerce,5,2,2,50,8,618,3454.95,0.723,0.714,0.04,3.41,0
PX003319,4999,suspicious_reversal,wallet,subscription,10,2,0,19,4,375,4689.27,1.066,0.833,0.10526,39.33,0
PX003320,999,bank_timeout,netbanking,subscription,6,2,2,23,18,38,1211.28,0.825,0.75,0.08696,3.28,0
PX003321,999,suspicious_reversal,upi,saas,10,1,3,34,28,104,1305.98,0.765,0.909,0.02941,46.47,0
PX003322,999,expired_card,upi,saas,10,2,0,53,51,715,1327.57,0.753,0.833,0.03774,47.46,1
PX003323,1499,insufficient_funds,wallet,education,10,4,3,7,43,583,1370.86,1.093,0.714,0.57143,47.31,0
PX003324,1499,insufficient_funds,upi,subscription,5,1,3,17,38,414,1196.78,1.253,0.833,0.05882,17.75,0
PX003325,9999,suspicious_reversal,card,saas,5,0,1,38,4,729,10811.3,0.925,1.0,0.0,12.61,0
PX003326,2499,insufficient_funds,card,saas,6,3,2,40,49,581,1815.53,1.376,0.667,0.075,3.63,1
PX003327,999,mandate_expired,netbanking,subscription,7,0,3,47,15,336,1247.75,0.801,1.0,0.0,24.71,0
PX003328,1499,insufficient_funds,netbanking,saas,5,0,2,34,9,524,1692.68,0.886,1.0,0.0,34.7,1
PX003329,1499,insufficient_funds,wallet,education,7,3,0,6,20,340,1313.57,1.141,0.7,0.5,26.61,0
PX003330,499,insufficient_funds,netbanking,subscription,15,0,1,2,22,250,498.14,1.002,1.0,0.0,26.74,1
PX003331,2499,bank_timeout,card,media,14,3,0,26,5,338,3455.21,0.723,0.824,0.11538,45.71,1
PX003332,9999,insufficient_funds,card,subscription,7,1,0,43,2,172,11474.9,0.871,0.875,0.02326,44.04,1
PX003333,4999,expired_card,wallet,media,13,1,3,51,13,615,4770.02,1.048,0.929,0.01961,38.91,0
PX003334,9999,mandate_expired,upi,media,14,1,1,32,6,350,13695.43,0.73,0.933,0.03125,6.43,0
PX003335,9999,insufficient_funds,upi,saas,9,0,2,10,27,17,9508.08,1.052,1.0,0.0,8.56,1
PX003336,499,mandate_expired,upi,subscription,7,2,3,53,43,307,358.62,1.391,0.778,0.03774,36.15,1
PX003337,1999,bank_timeout,wallet,ecommerce,10,3,2,8,55,362,1406.12,1.422,0.769,0.375,5.1,1
PX003338,19999,expired_card,card,saas,6,1,3,43,3,683,21650.51,0.924,0.857,0.02326,1.87,1
PX003339,1999,insufficient_funds,upi,subscription,3,4,1,28,54,527,1712.53,1.167,0.429,0.14286,25.72,1
PX003340,2499,expired_card,card,ecommerce,7,0,0,20,49,529,1930.6,1.294,1.0,0.0,33.61,0
PX003341,1499,suspicious_reversal,card,saas,10,0,3,31,57,191,1296.09,1.157,1.0,0.0,25.7,0
PX003342,999,bank_timeout,wallet,education,11,3,0,27,4,686,1370.74,0.729,0.786,0.11111,13.6,1
PX003343,2499,expired_card,card,ecommerce,10,2,1,38,59,486,1509.59,1.655,0.833,0.05263,40.26,1
PX003344,1999,insufficient_funds,netbanking,saas,12,1,1,30,39,149,1614.59,1.238,0.923,0.03333,40.29,1
PX003345,19999,insufficient_funds,card,subscription,7,1,0,5,31,22,25512.6,0.784,0.875,0.2,27.61,1
PX003346,9999,expired_card,wallet,subscription,4,4,1,34,8,274,7121.68,1.404,0.5,0.11765,40.47,0
PX003347,2499,expired_card,netbanking,ecommerce,6,1,3,13,51,467,2578.83,0.969,0.857,0.07692,18.33,0
PX003348,1999,bank_timeout,card,education,7,1,1,15,1,433,2325.01,0.86,0.875,0.06667,36.2,1
PX003349,19999,bank_timeout,wallet,ecommerce,8,1,1,44,24,701,19710.6,1.015,0.889,0.02273,17.69,1
PX003350,2499,insufficient_funds,card,ecommerce,7,3,3,38,34,633,3418.52,0.731,0.7,0.07895,35.84,1
PX003351,1499,expired_card,upi,saas,13,0,3,37,7,317,1594.08,0.94,1.0,0.0,2.74,0
PX003352,1499,suspicious_reversal,netbanking,education,8,0,2,27,17,401,1288.28,1.164,1.0,0.0,32.9,0
PX003353,9999,bank_timeout,card,saas,10,2,0,52,19,645,9502.31,1.052,0.833,0.03846,36.55,1
PX003354,4999,expired_card,wallet,education,11,3,3,8,4,504,3937.84,1.269,0.786,0.375,17.43,0
PX003355,2499,insufficient_funds,card,saas,9,0,0,5,11,666,1654.34,1.511,1.0,0.0,38.2,0
PX003356,999,suspicious_reversal,card,saas,7,7,3,40,24,516,845.99,1.181,0.5,0.175,43.18,0
PX003357,2499,suspicious_reversal,wallet,ecommerce,6,2,2,52,21,151,1842.01,1.357,0.75,0.03846,22.89,0
PX003358,2499,suspicious_reversal,wallet,media,6,1,3,4,39,376,3278.67,0.762,0.857,0.25,39.57,0
PX003359,1499,bank_timeout,card,education,6,1,2,20,47,223,1031.14,1.454,0.857,0.05,47.05,0
PX003360,19999,mandate_expired,netbanking,media,13,1,2,12,9,261,13470.87,1.485,0.929,0.08333,42.85,0
PX003361,9999,bank_timeout,card,subscription,5,2,0,55,10,376,12705.64,0.787,0.714,0.03636,37.69,1
PX003362,19999,suspicious_reversal,upi,media,8,2,1,37,16,270,16764.97,1.193,0.8,0.05405,2.2,1
PX003363,1999,expired_card,card,saas,4,0,0,38,17,561,1570.88,1.273,1.0,0.0,15.95,0
PX003364,999,suspicious_reversal,netbanking,saas,9,2,1,48,3,231,686.81,1.455,0.818,0.04167,30.59,0
PX003365,4999,suspicious_reversal,upi,ecommerce,6,2,3,17,22,249,5346.74,0.935,0.75,0.11765,31.27,0
PX003366,1999,suspicious_reversal,upi,ecommerce,6,5,3,32,32,449,2566.68,0.779,0.545,0.15625,39.04,0
PX003367,499,expired_card,upi,saas,6,1,0,42,38,245,508.58,0.981,0.857,0.02381,40.21,0
PX003368,4999,insufficient_funds,upi,saas,12,0,1,30,43,375,6607.71,0.757,1.0,0.0,21.52,1
PX003369,1499,mandate_expired,upi,education,6,3,0,52,20,78,1641.22,0.913,0.667,0.05769,7.71,0
PX003370,1999,suspicious_reversal,card,ecommerce,9,2,3,1,56,96,2138.06,0.935,0.818,2.0,47.01,0
PX003371,1999,suspicious_reversal,card,media,7,2,2,35,27,291,1902.1,1.051,0.778,0.05714,20.73,0
PX003372,999,insufficient_funds,netbanking,media,10,2,3,33,51,719,1352.14,0.739,0.833,0.06061,15.11,0
PX003373,999,mandate_expired,netbanking,ecommerce,3,2,2,1,56,324,816.59,1.223,0.6,2.0,29.65,1
PX003374,9999,mandate_expired,wallet,saas,13,2,2,30,45,465,10518.56,0.951,0.867,0.06667,29.84,1
PX003375,2499,bank_timeout,card,education,5,1,3,17,16,182,3358.88,0.744,0.833,0.05882,27.12,1
PX003376,1499,suspicious_reversal,netbanking,media,7,2,3,25,18,154,1842.65,0.814,0.778,0.08,29.42,0
PX003377,4999,mandate_expired,upi,education,6,2,0,20,33,572,5651.96,0.884,0.75,0.1,18.83,1
PX003378,1999,insufficient_funds,netbanking,subscription,12,2,1,32,6,370,1529.75,1.307,0.857,0.0625,1.04,0
PX003379,4999,mandate_expired,netbanking,education,7,1,3,43,50,84,3630.78,1.377,0.875,0.02326,35.3,0
PX003380,1499,insufficient_funds,upi,ecommerce,10,4,0,13,21,253,1037.46,1.445,0.714,0.30769,33.43,1
PX003381,9999,bank_timeout,wallet,ecommerce,10,0,0,15,39,230,8913.51,1.122,1.0,0.0,7.27,1
PX003382,2499,suspicious_reversal,upi,subscription,5,2,3,28,45,179,2742.84,0.911,0.714,0.07143,47.6,0
PX003383,999,bank_timeout,netbanking,media,8,2,3,44,17,563,861.83,1.159,0.8,0.04545,15.29,0
PX003384,4999,suspicious_reversal,card,saas,15,1,2,46,5,304,5471.89,0.914,0.938,0.02174,44.08,0
PX003385,9999,suspicious_reversal,upi,subscription,8,2,0,3,21,414,10694.76,0.935,0.8,0.66667,9.1,1
PX003386,9999,insufficient_funds,wallet,subscription,11,3,1,6,20,139,6101.13,1.639,0.786,0.5,42.96,1
PX003387,9999,suspicious_reversal,card,ecommerce,7,4,3,3,39,296,10633.95,0.94,0.636,1.33333,40.87,0
PX003388,4999,insufficient_funds,card,ecommerce,14,1,2,3,31,656,6973.13,0.717,0.933,0.33333,33.29,1
PX003389,499,expired_card,upi,media,6,0,3,41,57,603,617.54,0.808,1.0,0.0,4.53,1
PX003390,999,suspicious_reversal,wallet,media,9,4,0,27,28,97,1177.72,0.848,0.692,0.14815,35.77,0
PX003391,2499,expired_card,netbanking,saas,9,3,2,36,14,239,3299.2,0.757,0.75,0.08333,23.42,1
PX003392,1499,bank_timeout,netbanking,education,11,0,2,56,18,76,1992.85,0.752,1.0,0.0,17.5,1
PX003393,1999,expired_card,netbanking,media,9,2,2,26,7,285,1559.86,1.282,0.818,0.07692,16.09,1
PX003394,499,suspicious_reversal,card,education,8,1,0,55,6,725,582.76,0.856,0.889,0.01818,13.45,1
PX003395,2499,insufficient_funds,netbanking,education,8,3,2,45,37,459,2293.77,1.089,0.727,0.06667,8.72,0
PX003396,1999,suspicious_reversal,card,media,10,1,3,4,57,333,2760.62,0.724,0.909,0.25,44.34,0
PX003397,4999,insufficient_funds,card,education,7,2,0,59,56,507,5426.95,0.921,0.778,0.0339,6.99,0
PX003398,19999,suspicious_reversal,card,media,8,2,3,33,16,399,15036.64,1.33,0.8,0.06061,21.36,0
PX003399,1999,insufficient_funds,wallet,saas,12,0,3,1,36,93,2741.1,0.729,1.0,0.0,45.95,1
PX003400,1499,insufficient_funds,wallet,media,9,3,3,42,35,111,1364.6,1.098,0.75,0.07143,36.24,0
PX003401,2499,bank_timeout,upi,ecommerce,11,1,2,42,39,235,1761.1,1.419,0.917,0.02381,7.12,1
PX003402,2499,bank_timeout,wallet,media,7,2,3,47,40,19,1934.7,1.292,0.778,0.04255,31.67,1
PX003403,2499,bank_timeout,upi,education,7,0,2,34,7,87,3353.04,0.745,1.0,0.0,47.33,1
PX003404,1499,suspicious_reversal,card,ecommerce,5,4,0,53,37,417,1400.71,1.07,0.556,0.07547,13.64,0
PX003405,1499,mandate_expired,upi,ecommerce,20,1,1,36,30,474,980.13,1.529,0.952,0.02778,9.09,0
PX003406,499,mandate_expired,netbanking,media,16,1,2,11,30,496,667.48,0.748,0.941,0.09091,1.18,0
PX003407,499,mandate_expired,upi,media,9,1,1,53,8,657,371.16,1.344,0.9,0.01887,33.66,1
PX003408,2499,mandate_expired,wallet,saas,5,2,3,29,46,235,2871.18,0.87,0.714,0.06897,34.03,0
PX003409,9999,insufficient_funds,wallet,media,10,2,0,25,4,433,8497.81,1.177,0.833,0.08,40.74,1
PX003410,1999,bank_timeout,upi,saas,8,0,0,29,23,690,1324.62,1.509,1.0,0.0,41.0,1
PX003411,1499,suspicious_reversal,card,subscription,13,2,1,53,19,159,1462.51,1.025,0.867,0.03774,33.1,1
PX003412,9999,insufficient_funds,upi,ecommerce,5,2,3,27,40,481,13687.5,0.731,0.714,0.07407,3.37,1
PX003413,999,insufficient_funds,wallet,media,9,5,3,38,48,433,704.49,1.418,0.643,0.13158,29.75,0
PX003414,2499,expired_card,netbanking,media,8,1,0,58,5,149,2971.22,0.841,0.889,0.01724,34.28,1
PX003415,499,bank_timeout,upi,ecommerce,6,4,1,48,56,638,424.76,1.175,0.6,0.08333,43.28,1
PX003416,4999,insufficient_funds,wallet,media,4,4,1,2,49,267,4431.15,1.128,0.5,2.0,7.16,0
PX003417,4999,insufficient_funds,netbanking,ecommerce,7,4,3,40,9,509,5033.06,0.993,0.636,0.1,10.75,1
PX003418,1499,bank_timeout,upi,ecommerce,10,0,0,34,45,638,2025.73,0.74,1.0,0.0,44.75,1
PX003419,19999,insufficient_funds,netbanking,education,14,1,0,41,46,670,25100.06,0.797,0.933,0.02439,28.68,1
PX003420,4999,suspicious_reversal,card,media,11,5,2,27,24,195,5336.69,0.937,0.688,0.18519,14.22,0
PX003421,1499,mandate_expired,card,subscription,5,4,0,53,46,277,941.38,1.592,0.556,0.07547,20.46,0
PX003422,9999,bank_timeout,card,subscription,6,3,0,41,28,219,12819.46,0.78,0.667,0.07317,29.74,1
PX003423,19999,mandate_expired,upi,ecommerce,8,2,3,30,37,605,15850.77,1.262,0.8,0.06667,31.87,0
PX003424,499,suspicious_reversal,netbanking,ecommerce,10,3,3,21,22,578,603.44,0.827,0.769,0.14286,42.58,0
PX003425,999,insufficient_funds,wallet,saas,8,0,0,25,37,690,1260.27,0.793,1.0,0.0,23.94,1
PX003426,9999,bank_timeout,wallet,saas,1,4,0,34,17,645,7646.41,1.308,0.2,0.11765,3.76,1
PX003427,2499,mandate_expired,wallet,saas,10,1,0,58,6,609,2960.69,0.844,0.909,0.01724,26.31,1
PX003428,2499,suspicious_reversal,netbanking,subscription,9,3,1,21,50,123,2664.58,0.938,0.75,0.14286,37.07,0
PX003429,1999,suspicious_reversal,netbanking,media,6,3,1,48,26,523,2272.57,0.88,0.667,0.0625,2.03,0
PX003430,1499,expired_card,card,subscription,8,1,0,44,2,178,1086.6,1.38,0.889,0.02273,45.69,1
PX003431,2499,insufficient_funds,netbanking,media,7,4,3,41,56,54,2609.51,0.958,0.636,0.09756,32.51,0
PX003432,4999,expired_card,wallet,ecommerce,10,2,3,34,1,281,5478.67,0.912,0.833,0.05882,31.99,0
PX003433,9999,bank_timeout,card,media,8,1,2,8,37,258,12904.89,0.775,0.889,0.125,32.78,1
PX003434,1999,insufficient_funds,card,saas,7,0,2,53,2,720,1433.31,1.395,1.0,0.0,17.26,1
PX003435,19999,mandate_expired,upi,ecommerce,6,4,3,59,37,248,23837.35,0.839,0.6,0.0678,43.41,0
PX003436,9999,mandate_expired,netbanking,ecommerce,6,2,2,33,58,727,13990.47,0.715,0.75,0.06061,10.74,0
PX003437,1499,insufficient_funds,wallet,media,7,1,1,39,31,178,1168.53,1.283,0.875,0.02564,4.68,1
PX003438,999,insufficient_funds,wallet,education,10,5,1,45,47,679,1069.86,0.934,0.667,0.11111,45.02,1
PX003439,1499,suspicious_reversal,netbanking,education,4,1,2,11,7,387,1538.7,0.974,0.8,0.09091,21.79,0
PX003440,19999,bank_timeout,card,media,12,3,2,20,6,136,16229.59,1.232,0.8,0.15,37.96,1
PX003441,1999,insufficient_funds,card,ecommerce,13,3,1,12,28,535,2202.01,0.908,0.812,0.25,7.5,1
PX003442,1499,insufficient_funds,wallet,education,7,0,2,23,7,109,1653.22,0.907,1.0,0.0,41.43,1
PX003443,9999,suspicious_reversal,netbanking,saas,2,2,2,44,42,307,7574.76,1.32,0.5,0.04545,40.3,0
PX003444,19999,expired_card,wallet,education,13,2,0,55,9,416,23109.25,0.865,0.867,0.03636,8.19,0
PX003445,499,suspicious_reversal,upi,education,4,3,2,46,23,263,696.1,0.717,0.571,0.06522,28.09,0
PX003446,9999,expired_card,card,saas,9,4,2,30,16,583,9979.32,1.002,0.692,0.13333,35.66,0
PX003447,9999,mandate_expired,upi,media,5,2,3,30,30,658,6848.26,1.46,0.714,0.06667,17.48,1
PX003448,1999,mandate_expired,upi,saas,8,0,3,50,32,160,2779.75,0.719,1.0,0.0,25.33,0
PX003449,1999,mandate_expired,wallet,media,9,3,0,39,15,361,2412.92,0.828,0.75,0.07692,14.59,0
PX003450,9999,mandate_expired,upi,education,12,1,1,32,20,31,12705.21,0.787,0.923,0.03125,42.57,0
PX003451,999,mandate_expired,wallet,ecommerce,13,1,2,16,2,508,1166.92,0.856,0.929,0.0625,40.1,0
PX003452,19999,suspicious_reversal,wallet,saas,7,1,1,58,5,586,15406.51,1.298,0.875,0.01724,23.14,0
PX003453,999,suspicious_reversal,netbanking,education,5,2,3,26,27,202,952.62,1.049,0.714,0.07692,47.25,0
PX003454,499,suspicious_reversal,card,subscription,9,0,3,18,60,410,602.52,0.828,1.0,0.0,45.62,0
PX003455,1499,bank_timeout,upi,education,6,3,1,14,36,235,2007.4,0.747,0.667,0.21429,20.53,1
PX003456,1999,expired_card,card,ecommerce,4,2,1,36,36,604,1926.97,1.037,0.667,0.05556,36.28,0
PX003457,499,insufficient_funds,card,media,12,2,3,42,9,344,524.01,0.952,0.857,0.04762,16.36,0
PX003458,4999,mandate_expired,netbanking,saas,7,4,1,30,34,126,3925.25,1.274,0.636,0.13333,6.4,0
PX003459,9999,insufficient_funds,upi,subscription,7,3,1,26,37,248,9121.82,1.096,0.7,0.11538,30.9,1
PX003460,1499,suspicious_reversal,netbanking,media,6,1,1,14,46,536,1896.66,0.79,0.857,0.07143,43.73,0
PX003461,1499,bank_timeout,wallet,saas,11,4,2,12,27,541,1780.64,0.842,0.733,0.33333,41.54,1
PX003462,19999,bank_timeout,wallet,education,7,2,2,15,60,342,20090.99,0.995,0.778,0.13333,14.1,1
PX003463,2499,mandate_expired,wallet,subscription,5,1,2,55,23,227,2263.46,1.104,0.833,0.01818,37.89,1
PX003464,1999,insufficient_funds,card,media,6,1,2,1,20,421,2109.68,0.948,0.857,1.0,9.51,1
PX003465,499,expired_card,wallet,saas,7,2,0,12,43,98,326.03,1.531,0.778,0.16667,39.29,0
PX003466,4999,suspicious_reversal,netbanking,media,8,4,1,34,15,627,5205.06,0.96,0.667,0.11765,25.88,0
PX003467,2499,expired_card,wallet,ecommerce,9,1,3,9,12,57,2746.4,0.91,0.9,0.11111,31.4,0
PX003468,1499,suspicious_reversal,netbanking,media,9,1,0,48,5,528,1794.57,0.835,0.9,0.02083,33.02,0
PX003469,1999,bank_timeout,netbanking,saas,7,3,3,30,19,82,1412.46,1.415,0.7,0.1,23.28,0
PX003470,4999,bank_timeout,wallet,education,3,1,2,11,50,295,3011.95,1.66,0.75,0.09091,1.88,0
PX003471,1999,expired_card,upi,ecommerce,8,2,1,24,26,693,1468.67,1.361,0.8,0.08333,17.85,0
PX003472,1999,insufficient_funds,netbanking,saas,5,1,2,22,39,627,1530.24,1.306,0.833,0.04545,44.58,0
PX003473,1999,mandate_expired,upi,subscription,14,1,2,54,17,519,1649.74,1.212,0.933,0.01852,9.37,0
PX003474,499,insufficient_funds,upi,saas,5,2,2,3,42,161,478.53,1.043,0.714,0.66667,20.94,0
PX003475,2499,expired_card,netbanking,saas,3,1,0,21,4,6,3220.92,0.776,0.75,0.04762,10.53,0
PX003476,1499,suspicious_reversal,netbanking,media,8,3,3,57,18,480,1905.41,0.787,0.727,0.05263,39.65,0
PX003477,19999,suspicious_reversal,card,saas,7,5,2,13,2,237,15597.23,1.282,0.583,0.38462,18.99,1
PX003478,499,mandate_expired,card,media,5,4,2,22,5,174,338.36,1.475,0.556,0.18182,11.72,0
PX003479,1499,mandate_expired,card,media,6,1,0,14,43,463,2006.07,0.747,0.857,0.07143,7.49,1
PX003480,1999,insufficient_funds,wallet,subscription,7,3,0,44,16,331,1274.31,1.569,0.7,0.06818,6.75,1
PX003481,4999,bank_timeout,netbanking,saas,8,2,0,44,23,211,6965.22,0.718,0.8,0.04545,11.44,1
PX003482,1499,mandate_expired,netbanking,saas,10,2,1,8,26,307,1987.56,0.754,0.833,0.25,1.45,1
PX003483,9999,expired_card,card,education,8,1,3,3,13,276,12817.06,0.78,0.889,0.33333,4.36,0
PX003484,4999,bank_timeout,card,saas,7,1,1,46,41,590,3825.49,1.307,0.875,0.02174,30.96,1
PX003485,19999,mandate_expired,netbanking,media,5,1,2,53,29,259,13368.68,1.496,0.833,0.01887,1.02,0
PX003486,499,bank_timeout,upi,media,5,1,2,43,29,513,683.55,0.73,0.833,0.02326,37.16,1
PX003487,1999,insufficient_funds,netbanking,media,8,3,2,33,42,560,2582.84,0.774,0.727,0.09091,19.08,1
PX003488,1999,expired_card,wallet,subscription,7,1,0,42,44,290,2420.99,0.826,0.875,0.02381,2.94,0
PX003489,4999,insufficient_funds,upi,ecommerce,3,2,2,8,6,67,4955.39,1.009,0.6,0.25,11.02,1
PX003490,499,mandate_expired,netbanking,saas,12,2,2,3,27,602,576.75,0.865,0.857,0.66667,32.93,0
PX003491,9999,insufficient_funds,netbanking,subscription,13,3,1,23,29,168,12029.74,0.831,0.812,0.13043,15.1,1
PX003492,999,expired_card,upi,education,4,1,3,56,51,171,1154.66,0.865,0.8,0.01786,32.64,0
PX003493,19999,suspicious_reversal,netbanking,saas,14,3,1,47,41,687,15262.02,1.31,0.824,0.06383,12.37,1
PX003494,2499,bank_timeout,netbanking,subscription,12,2,1,18,24,410,2236.71,1.117,0.857,0.11111,47.01,1
PX003495,4999,suspicious_reversal,upi,subscription,4,5,3,28,23,548,3387.93,1.476,0.444,0.17857,4.51,0
PX003496,19999,suspicious_reversal,upi,education,6,2,2,11,14,73,22878.19,0.874,0.75,0.18182,45.9,0
PX003497,9999,bank_timeout,card,saas,10,1,0,41,7,371,11038.46,0.906,0.909,0.02439,47.87,1
PX003498,4999,suspicious_reversal,card,subscription,3,3,1,6,16,179,6853.22,0.729,0.5,0.5,44.94,0
PX003499,2499,mandate_expired,card,saas,10,2,1,19,35,132,3475.38,0.719,0.833,0.10526,24.47,1
PX003500,499,mandate_expired,card,subscription,8,0,0,40,21,165,302.09,1.652,1.0,0.0,9.8,1
PX003501,4999,bank_timeout,upi,ecommerce,8,2,0,25,15,136,6983.32,0.716,0.8,0.08,27.39,1
PX003502,4999,insufficient_funds,wallet,ecommerce,9,3,3,30,29,253,6698.08,0.746,0.75,0.1,34.21,1
PX003503,999,mandate_expired,netbanking,subscription,3,1,1,17,10,246,1077.28,0.927,0.75,0.05882,34.91,1
PX003504,19999,suspicious_reversal,card,saas,12,2,1,35,43,363,20159.39,0.992,0.857,0.05714,44.86,0
PX003505,1999,mandate_expired,wallet,ecommerce,5,0,3,48,37,694,1848.96,1.081,1.0,0.0,15.4,1
PX003506,1499,bank_timeout,wallet,education,15,2,0,29,9,683,2072.58,0.723,0.882,0.06897,46.85,1
PX003507,1499,suspicious_reversal,wallet,subscription,4,3,0,48,16,585,1836.94,0.816,0.571,0.0625,34.02,0
PX003508,1499,suspicious_reversal,netbanking,subscription,10,1,1,20,1,172,1482.77,1.011,0.909,0.05,28.76,0
PX003509,1999,insufficient_funds,upi,education,13,2,2,36,40,665,2266.81,0.882,0.867,0.05556,25.36,0
PX003510,999,expired_card,netbanking,education,10,1,0,8,55,502,1324.74,0.754,0.909,0.125,27.78,1
PX003511,1499,bank_timeout,netbanking,subscription,8,4,0,43,59,671,2037.71,0.736,0.667,0.09302,2.39,1
PX003512,1999,expired_card,card,subscription,6,3,3,37,25,243,1581.15,1.264,0.667,0.08108,19.24,0
PX003513,499,suspicious_reversal,upi,media,7,1,2,44,9,502,523.24,0.954,0.875,0.02273,9.39,0
PX003514,1499,expired_card,wallet,education,13,3,0,54,25,185,997.9,1.502,0.812,0.05556,4.22,0
PX003515,4999,insufficient_funds,card,ecommerce,10,2,1,53,26,326,5411.91,0.924,0.833,0.03774,15.45,0
PX003516,1499,bank_timeout,netbanking,education,2,3,1,56,54,126,1078.17,1.39,0.4,0.05357,10.53,1
PX003517,999,suspicious_reversal,upi,education,7,1,1,47,2,241,1119.68,0.892,0.875,0.02128,32.91,0
PX003518,4999,mandate_expired,netbanking,ecommerce,3,4,2,40,52,407,3600.09,1.389,0.429,0.1,22.45,0
PX003519,4999,bank_timeout,netbanking,saas,6,2,1,56,19,327,3619.61,1.381,0.75,0.03571,14.23,0
PX003520,19999,bank_timeout,upi,ecommerce,4,2,3,41,13,568,19214.16,1.041,0.667,0.04878,34.44,1
PX003521,499,bank_timeout,upi,ecommerce,8,2,1,17,47,605,505.61,0.987,0.8,0.11765,45.5,1
PX003522,1499,insufficient_funds,netbanking,saas,7,2,2,34,53,210,2006.06,0.747,0.778,0.05882,23.32,1
PX003523,1999,expired_card,upi,education,8,3,3,57,40,16,1833.47,1.09,0.727,0.05263,6.02,0
PX003524,999,bank_timeout,wallet,media,8,0,2,36,35,57,738.62,1.353,1.0,0.0,7.48,1
PX003525,19999,expired_card,card,subscription,10,2,1,36,56,369,26965.25,0.742,0.833,0.05556,43.52,0
PX003526,1499,suspicious_reversal,netbanking,media,9,3,0,34,12,705,1967.93,0.762,0.75,0.08824,43.38,0
PX003527,1499,insufficient_funds,card,education,9,1,1,11,25,319,1008.26,1.487,0.9,0.09091,7.17,0
PX003528,9999,mandate_expired,upi,media,7,0,2,54,17,578,7773.11,1.286,1.0,0.0,12.0,0
PX003529,999,insufficient_funds,netbanking,saas,10,3,0,4,17,205,900.86,1.109,0.769,0.75,19.8,1
PX003530,499,suspicious_reversal,wallet,subscription,12,0,0,5,56,41,352.78,1.414,1.0,0.0,16.33,1
PX003531,1499,bank_timeout,upi,saas,7,2,3,47,50,484,1413.1,1.061,0.778,0.04255,29.25,0
PX003532,2499,mandate_expired,netbanking,saas,11,3,3,5,17,193,2657.43,0.94,0.786,0.6,6.07,0
PX003533,499,suspicious_reversal,upi,media,8,4,3,37,58,382,417.73,1.195,0.667,0.10811,20.6,0
PX003534,1499,suspicious_reversal,wallet,subscription,11,1,0,3,7,460,1727.19,0.868,0.917,0.33333,10.28,0
PX003535,999,insufficient_funds,upi,ecommerce,8,1,3,27,58,719,1096.77,0.911,0.889,0.03704,15.6,0
PX003536,999,suspicious_reversal,upi,ecommerce,7,3,1,46,11,442,1202.79,0.831,0.7,0.06522,29.6,1
PX003537,499,insufficient_funds,netbanking,education,7,3,0,18,54,128,546.29,0.913,0.7,0.16667,6.29,1
PX003538,1999,suspicious_reversal,netbanking,media,8,2,3,35,28,676,1646.84,1.214,0.8,0.05714,16.22,1
PX003539,4999,insufficient_funds,card,saas,7,2,3,19,25,199,4884.64,1.023,0.778,0.10526,1.73,1
PX003540,2499,bank_timeout,netbanking,education,15,0,0,32,12,649,2602.11,0.96,1.0,0.0,7.41,1
PX003541,2499,insufficient_funds,card,saas,11,7,0,58,40,317,1587.52,1.574,0.611,0.12069,9.41,0
PX003542,19999,expired_card,wallet,saas,6,2,3,34,30,253,17698.67,1.13,0.75,0.05882,17.74,0
PX003543,1999,insufficient_funds,wallet,subscription,6,1,1,15,31,167,2733.73,0.731,0.857,0.06667,44.24,0
PX003544,1499,bank_timeout,netbanking,education,4,2,1,36,10,145,986.17,1.52,0.667,0.05556,30.14,1
PX003545,2499,expired_card,card,ecommerce,6,1,0,49,56,563,3497.89,0.714,0.857,0.02041,23.43,0
PX003546,4999,expired_card,upi,saas,7,3,2,48,13,651,3613.26,1.384,0.7,0.0625,2.99,1
PX003547,999,insufficient_funds,wallet,subscription,8,5,1,16,55,602,950.8,1.051,0.615,0.3125,7.1,0
PX003548,2499,insufficient_funds,wallet,subscription,7,1,3,19,47,501,2265.6,1.103,0.875,0.05263,4.9,1
PX003549,499,insufficient_funds,upi,media,5,2,2,60,41,561,433.5,1.151,0.714,0.03333,22.88,1
PX003550,4999,insufficient_funds,netbanking,ecommerce,6,0,0,40,29,67,6173.8,0.81,1.0,0.0,17.63,1
PX003551,19999,bank_timeout,upi,media,6,2,1,14,35,673,22541.65,0.887,0.75,0.14286,42.46,1
PX003552,499,suspicious_reversal,upi,education,8,3,1,60,34,395,457.52,1.091,0.727,0.05,23.99,0
PX003553,4999,suspicious_reversal,upi,ecommerce,9,2,0,7,32,357,3432.74,1.456,0.818,0.28571,19.47,0
PX003554,999,mandate_expired,netbanking,saas,8,1,3,55,26,219,909.25,1.099,0.889,0.01818,24.61,1
PX003555,4999,suspicious_reversal,netbanking,subscription,5,1,2,34,17,453,5781.05,0.865,0.833,0.02941,2.81,0
PX003556,499,bank_timeout,upi,education,7,3,2,39,11,524,328.18,1.521,0.7,0.07692,18.82,1
PX003557,9999,expired_card,netbanking,ecommerce,10,1,1,54,3,59,7368.97,1.357,0.909,0.01852,25.96,0
PX003558,4999,suspicious_reversal,netbanking,subscription,4,4,3,55,46,391,6753.29,0.74,0.5,0.07273,36.49,0
PX003559,1999,insufficient_funds,card,media,4,2,3,50,31,726,2039.65,0.98,0.667,0.04,37.91,0
PX003560,9999,mandate_expired,netbanking,ecommerce,7,4,0,23,29,526,13723.05,0.729,0.636,0.17391,8.87,0
PX003561,4999,bank_timeout,wallet,media,5,0,3,6,48,45,3389.63,1.475,1.0,0.0,17.91,1
PX003562,9999,bank_timeout,upi,education,9,3,3,10,48,82,11369.32,0.879,0.75,0.3,15.41,0
PX003563,9999,bank_timeout,card,ecommerce,7,0,0,10,55,685,13431.63,0.744,1.0,0.0,3.76,1
PX003564,999,expired_card,card,subscription,4,1,3,27,15,155,759.52,1.315,0.8,0.03704,7.13,0
PX003565,19999,suspicious_reversal,netbanking,saas,11,1,2,43,47,463,25961.31,0.77,0.917,0.02326,33.66,0
PX003566,999,bank_timeout,upi,subscription,10,2,3,36,56,181,919.15,1.087,0.833,0.05556,27.79,1
PX003567,499,bank_timeout,wallet,subscription,2,2,3,2,24,185,319.19,1.563,0.5,1.0,10.25,1
PX003568,9999,bank_timeout,upi,education,6,4,0,53,1,39,9600.76,1.041,0.6,0.07547,22.81,1
PX003569,1999,insufficient_funds,card,education,4,1,1,6,36,301,2242.27,0.892,0.8,0.16667,35.77,1
PX003570,1499,mandate_expired,wallet,education,6,3,1,60,26,272,902.78,1.66,0.667,0.05,29.28,1
PX003571,9999,suspicious_reversal,netbanking,education,6,1,2,15,43,27,13276.72,0.753,0.857,0.06667,22.36,0
PX003572,4999,expired_card,netbanking,subscription,5,3,0,19,40,209,3035.93,1.647,0.625,0.15789,11.45,0
PX003573,1999,suspicious_reversal,wallet,ecommerce,6,1,3,11,26,274,1452.76,1.376,0.857,0.09091,39.91,0
PX003574,9999,suspicious_reversal,wallet,saas,7,0,0,51,21,262,8017.48,1.247,1.0,0.0,0.9,1
PX003575,1999,bank_timeout,netbanking,education,7,2,2,26,21,508,1372.71,1.456,0.778,0.07692,21.61,0
PX003576,19999,expired_card,card,media,5,1,0,4,38,606,24876.14,0.804,0.833,0.25,35.99,0
PX003577,2499,mandate_expired,netbanking,saas,15,0,1,33,18,351,3355.8,0.745,1.0,0.0,32.69,0
PX003578,2499,expired_card,wallet,education,8,1,1,18,9,668,2810.5,0.889,0.889,0.05556,27.62,0
PX003579,1499,suspicious_reversal,card,media,5,0,3,26,2,691,1444.36,1.038,1.0,0.0,37.22,0
PX003580,9999,insufficient_funds,netbanking,media,3,2,0,48,10,48,11270.64,0.887,0.6,0.04167,32.52,1
PX003581,19999,mandate_expired,wallet,subscription,6,2,0,30,51,618,27324.02,0.732,0.75,0.06667,22.67,1
PX003582,4999,insufficient_funds,wallet,ecommerce,11,1,2,34,32,668,6388.2,0.783,0.917,0.02941,4.17,1
PX003583,9999,mandate_expired,card,saas,12,1,3,48,24,64,11510.09,0.869,0.923,0.02083,42.26,0
PX003584,19999,expired_card,card,media,9,3,0,10,50,70,22484.06,0.889,0.75,0.3,43.38,0
PX003585,4999,insufficient_funds,netbanking,ecommerce,6,3,2,29,47,38,6832.13,0.732,0.667,0.10345,22.68,0
PX003586,1999,insufficient_funds,netbanking,ecommerce,5,3,1,9,16,104,1696.18,1.179,0.625,0.33333,10.67,1
PX003587,1999,insufficient_funds,netbanking,saas,7,1,0,48,36,306,2769.23,0.722,0.875,0.02083,24.03,1
PX003588,4999,suspicious_reversal,upi,education,8,1,2,33,2,450,6874.54,0.727,0.889,0.0303,5.05,0
PX003589,9999,insufficient_funds,netbanking,media,8,4,2,15,35,645,9124.04,1.096,0.667,0.26667,23.41,0
PX003590,4999,expired_card,upi,education,8,2,1,48,54,37,4446.86,1.124,0.8,0.04167,33.11,1
PX003591,999,suspicious_reversal,netbanking,ecommerce,7,4,3,9,19,350,1098.28,0.91,0.636,0.44444,15.58,0
PX003592,499,expired_card,wallet,education,12,5,3,52,13,245,435.6,1.146,0.706,0.09615,29.49,0
PX003593,19999,bank_timeout,card,subscription,13,0,2,18,10,666,23184.02,0.863,1.0,0.0,7.9,1
PX003594,19999,expired_card,wallet,subscription,5,5,1,5,49,471,12351.79,1.619,0.5,1.0,31.76,1
PX003595,19999,bank_timeout,wallet,saas,13,2,2,23,13,535,14891.48,1.343,0.867,0.08696,40.98,1
PX003596,9999,mandate_expired,card,media,8,2,3,41,34,477,6073.2,1.646,0.8,0.04878,14.71,0
PX003597,19999,expired_card,netbanking,education,10,1,2,52,43,232,18667.65,1.071,0.909,0.01923,24.38,0
PX003598,999,insufficient_funds,upi,education,3,1,0,16,43,507,717.86,1.392,0.75,0.0625,19.26,1
PX003599,1999,insufficient_funds,upi,ecommerce,10,0,2,9,15,87,1362.81,1.467,1.0,0.0,19.66,0
PX003600,1999,mandate_expired,upi,saas,7,5,3,10,47,80,2621.36,0.763,0.583,0.5,13.51,0
PX003601,499,mandate_expired,upi,ecommerce,7,2,2,2,32,286,543.24,0.919,0.778,1.0,29.86,1
PX003602,19999,insufficient_funds,netbanking,education,10,1,0,51,12,322,18662.51,1.072,0.909,0.01961,5.77,1
PX003603,999,insufficient_funds,netbanking,subscription,11,0,1,5,57,327,799.48,1.25,1.0,0.0,31.17,0
PX003604,19999,mandate_expired,netbanking,subscription,8,3,0,51,2,175,22887.39,0.874,0.727,0.05882,13.46,0
PX003605,1499,bank_timeout,card,education,6,1,0,30,56,180,1048.18,1.43,0.857,0.03333,5.8,1
PX003606,1999,bank_timeout,upi,ecommerce,2,2,2,11,36,650,2659.58,0.752,0.5,0.18182,46.15,1
PX003607,1499,bank_timeout,upi,subscription,6,0,3,2,5,408,1165.6,1.286,1.0,0.0,23.31,1
PX003608,9999,suspicious_reversal,netbanking,subscription,9,2,0,7,49,638,13910.57,0.719,0.818,0.28571,24.14,1
PX003609,1499,mandate_expired,upi,saas,5,3,2,58,34,510,1022.05,1.467,0.625,0.05172,2.73,0
PX003610,4999,insufficient_funds,netbanking,subscription,6,4,2,21,15,334,5578.94,0.896,0.6,0.19048,14.74,0
PX003611,9999,expired_card,wallet,subscription,10,1,3,19,28,441,8352.56,1.197,0.909,0.05263,6.01,1
PX003612,999,suspicious_reversal,netbanking,ecommerce,5,3,3,16,52,215,1353.86,0.738,0.625,0.1875,38.48,0
PX003613,1999,mandate_expired,netbanking,education,5,4,1,46,7,565,2146.82,0.931,0.556,0.08696,19.34,1
PX003614,499,expired_card,netbanking,ecommerce,4,1,2,42,45,295,641.7,0.778,0.8,0.02381,12.93,0
PX003615,999,expired_card,card,education,8,1,3,43,25,496,1259.79,0.793,0.889,0.02326,30.8,0
PX003616,999,insufficient_funds,wallet,saas,7,2,0,5,44,251,645.21,1.548,0.778,0.4,28.34,1
PX003617,499,bank_timeout,upi,education,8,1,0,39,20,497,554.92,0.899,0.889,0.02564,3.43,1
PX003618,9999,expired_card,wallet,education,4,2,2,26,45,297,12117.44,0.825,0.667,0.07692,24.0,0
PX003619,4999,bank_timeout,wallet,education,4,2,1,51,22,156,3102.69,1.611,0.667,0.03922,36.27,0
PX003620,999,bank_timeout,wallet,ecommerce,6,3,3,13,58,479,1356.87,0.736,0.667,0.23077,16.29,1
PX003621,999,expired_card,upi,ecommerce,5,3,2,30,36,129,725.22,1.378,0.625,0.1,29.54,0
PX003622,499,bank_timeout,netbanking,ecommerce,6,1,0,44,3,83,602.15,0.829,0.857,0.02273,11.98,1
PX003623,19999,expired_card,wallet,education,7,2,1,38,22,266,25363.22,0.789,0.778,0.05263,18.98,0
PX003624,9999,insufficient_funds,wallet,subscription,8,3,0,6,11,139,6294.08,1.589,0.727,0.5,29.7,1
PX003625,499,insufficient_funds,card,media,10,0,0,4,35,21,420.5,1.187,1.0,0.0,38.79,0
PX003626,19999,suspicious_reversal,wallet,media,14,2,0,35,2,363,20653.64,0.968,0.875,0.05714,18.18,0
PX003627,4999,expired_card,card,subscription,14,1,2,27,30,243,4442.78,1.125,0.933,0.03704,30.88,0
PX003628,9999,expired_card,card,saas,16,3,0,15,9,445,12049.22,0.83,0.842,0.2,36.81,0
PX003629,999,bank_timeout,netbanking,education,6,4,1,43,8,666,1110.4,0.9,0.6,0.09302,45.05,1
PX003630,1999,bank_timeout,wallet,ecommerce,10,2,0,3,36,205,1456.99,1.372,0.833,0.66667,8.61,1
PX003631,19999,suspicious_reversal,upi,media,9,2,1,18,55,625,20808.48,0.961,0.818,0.11111,8.37,0
PX003632,499,expired_card,wallet,education,5,2,1,19,48,717,527.17,0.947,0.714,0.10526,22.52,1
PX003633,499,insufficient_funds,upi,education,9,2,0,7,41,209,502.28,0.993,0.818,0.28571,3.99,1
PX003634,9999,mandate_expired,card,saas,8,4,1,26,15,284,13539.48,0.739,0.667,0.15385,33.24,1
PX003635,1499,expired_card,upi,saas,12,1,1,18,50,414,1455.77,1.03,0.923,0.05556,5.69,1
PX003636,999,mandate_expired,netbanking,saas,6,3,3,41,10,441,1316.18,0.759,0.667,0.07317,9.19,0
PX003637,999,suspicious_reversal,wallet,ecommerce,9,2,0,52,8,637,616.67,1.62,0.818,0.03846,35.38,0
PX003638,1999,expired_card,upi,saas,3,2,2,36,55,464,2575.99,0.776,0.6,0.05556,17.62,0
PX003639,9999,insufficient_funds,netbanking,education,10,3,1,60,58,610,9541.58,1.048,0.769,0.05,32.99,1
PX003640,1999,suspicious_reversal,card,subscription,11,2,1,17,17,272,1954.94,1.023,0.846,0.11765,16.4,1
PX003641,1999,insufficient_funds,card,saas,12,2,2,7,21,34,2359.82,0.847,0.857,0.28571,29.08,1
PX003642,1999,expired_card,netbanking,saas,10,1,2,3,28,481,2147.29,0.931,0.909,0.33333,33.78,1
PX003643,2499,suspicious_reversal,netbanking,ecommerce,7,3,2,34,20,494,2751.65,0.908,0.7,0.08824,19.86,0
PX003644,9999,suspicious_reversal,netbanking,ecommerce,12,5,2,36,53,117,10202.1,0.98,0.706,0.13889,3.98,0
PX003645,2499,mandate_expired,upi,education,7,0,3,43,60,92,1618.73,1.544,1.0,0.0,21.79,1
PX003646,1499,suspicious_reversal,wallet,saas,9,3,3,31,10,589,1765.62,0.849,0.75,0.09677,31.64,0
PX003647,19999,suspicious_reversal,card,education,11,1,1,2,51,3,17483.5,1.144,0.917,0.5,34.11,0
PX003648,1999,bank_timeout,card,education,8,2,2,47,20,475,2618.9,0.763,0.8,0.04255,17.89,1
PX003649,1499,bank_timeout,netbanking,media,10,1,1,33,50,666,1501.05,0.999,0.909,0.0303,19.97,1
PX003650,999,suspicious_reversal,netbanking,media,8,1,2,44,43,450,1217.33,0.821,0.889,0.02273,38.94,1
PX003651,1499,suspicious_reversal,netbanking,subscription,9,5,1,50,18,184,1610.04,0.931,0.643,0.1,28.21,0
PX003652,999,mandate_expired,upi,education,11,2,3,23,58,173,1174.83,0.85,0.846,0.08696,15.65,0
PX003653,999,bank_timeout,netbanking,saas,7,1,0,46,15,210,1080.11,0.925,0.875,0.02174,24.24,1
PX003654,1999,insufficient_funds,card,saas,7,4,0,45,54,310,2534.18,0.789,0.636,0.08889,21.9,1
PX003655,19999,mandate_expired,netbanking,subscription,9,1,0,54,19,501,16329.07,1.225,0.9,0.01852,28.1,0
PX003656,9999,bank_timeout,netbanking,ecommerce,7,2,3,36,3,286,8457.54,1.182,0.778,0.05556,18.14,1
PX003657,9999,mandate_expired,netbanking,ecommerce,8,0,2,2,51,686,6775.88,1.476,1.0,0.0,38.99,1
PX003658,9999,mandate_expired,wallet,saas,12,2,0,30,54,335,12706.4,0.787,0.857,0.06667,23.53,1
PX003659,1499,bank_timeout,upi,saas,5,0,1,25,10,599,1285.88,1.166,1.0,0.0,30.37,1
PX003660,9999,mandate_expired,netbanking,media,7,2,2,52,48,704,8828.43,1.133,0.778,0.03846,22.29,0
PX003661,19999,expired_card,upi,ecommerce,3,0,0,15,48,263,13024.04,1.536,1.0,0.0,46.11,1
PX003662,999,suspicious_reversal,wallet,education,5,1,0,49,56,410,1339.99,0.746,0.833,0.02041,28.4,1
PX003663,1499,mandate_expired,upi,subscription,15,1,3,37,1,54,1525.6,0.983,0.938,0.02703,28.35,0
PX003664,9999,suspicious_reversal,wallet,saas,6,4,0,25,58,437,6554.5,1.526,0.6,0.16,1.54,0
PX003665,499,mandate_expired,upi,media,6,0,2,23,8,204,307.98,1.62,1.0,0.0,31.82,1
PX003666,1999,mandate_expired,netbanking,media,4,1,3,20,47,94,1293.45,1.545,0.8,0.05,18.49,0
PX003667,1999,bank_timeout,wallet,education,7,0,3,23,14,151,2020.58,0.989,1.0,0.0,3.55,1
PX003668,1499,bank_timeout,netbanking,subscription,6,2,1,42,48,389,1599.96,0.937,0.75,0.04762,14.57,1
PX003669,1499,suspicious_reversal,netbanking,education,12,2,0,35,37,724,1640.93,0.914,0.857,0.05714,27.43,0
PX003670,999,expired_card,wallet,subscription,6,4,2,36,60,179,771.8,1.294,0.6,0.11111,0.87,1
PX003671,19999,bank_timeout,card,education,8,5,0,52,6,569,23771.98,0.841,0.615,0.09615,6.32,0
PX003672,1999,suspicious_reversal,card,saas,13,4,3,42,35,115,2382.6,0.839,0.765,0.09524,5.02,0
PX003673,19999,bank_timeout,card,media,12,2,3,12,43,163,26189.93,0.764,0.857,0.16667,29.15,1
PX003674,4999,suspicious_reversal,card,education,8,2,2,60,46,38,6349.24,0.787,0.8,0.03333,36.32,1
PX003675,4999,insufficient_funds,upi,education,7,6,0,35,13,615,6267.16,0.798,0.538,0.17143,38.96,1
PX003676,2499,mandate_expired,netbanking,subscription,7,2,2,50,8,21,1725.48,1.448,0.778,0.04,20.03,0
PX003677,1499,mandate_expired,card,ecommerce,13,2,3,29,3,442,1056.98,1.418,0.867,0.06897,11.23,1
PX003678,499,mandate_expired,wallet,ecommerce,9,0,3,14,14,572,481.82,1.036,1.0,0.0,9.78,0
PX003679,499,expired_card,upi,ecommerce,10,1,3,4,22,636,429.18,1.163,0.909,0.25,38.33,0
PX003680,9999,expired_card,netbanking,ecommerce,5,2,3,30,31,541,11289.52,0.886,0.714,0.06667,45.69,0
PX003681,999,expired_card,upi,subscription,9,5,0,41,16,595,1087.83,0.918,0.643,0.12195,29.71,1
PX003682,9999,insufficient_funds,card,education,11,0,2,57,36,361,12539.18,0.797,1.0,0.0,18.82,1
PX003683,999,expired_card,netbanking,saas,12,3,3,29,19,384,888.79,1.124,0.8,0.10345,27.99,0
PX003684,2499,bank_timeout,wallet,subscription,7,1,2,17,13,321,3285.98,0.761,0.875,0.05882,5.94,1
PX003685,999,suspicious_reversal,upi,saas,9,1,2,19,13,600,972.71,1.027,0.9,0.05263,40.94,1
PX003686,1499,expired_card,netbanking,subscription,5,2,0,39,34,5,1749.72,0.857,0.714,0.05128,43.42,1
PX003687,4999,expired_card,wallet,ecommerce,8,1,3,14,49,95,3039.84,1.644,0.889,0.07143,35.54,1
PX003688,9999,insufficient_funds,upi,education,9,0,1,50,32,636,11044.06,0.905,1.0,0.0,16.21,1
PX003689,4999,bank_timeout,netbanking,saas,10,2,1,40,15,187,4298.58,1.163,0.833,0.05,8.38,1
PX003690,999,suspicious_reversal,upi,media,12,4,3,54,44,218,1186.12,0.842,0.75,0.07407,45.68,0
PX003691,19999,bank_timeout,netbanking,media,11,1,1,52,9,567,24103.62,0.83,0.917,0.01923,22.71,1
PX003692,1999,suspicious_reversal,netbanking,ecommerce,11,2,2,40,34,117,2601.21,0.768,0.846,0.05,1.5,0
PX003693,19999,insufficient_funds,card,media,10,3,0,18,25,628,14715.32,1.359,0.769,0.16667,0.75,1
PX003694,4999,mandate_expired,wallet,saas,8,1,3,55,16,151,6425.5,0.778,0.889,0.01818,3.16,1
PX003695,4999,mandate_expired,card,subscription,9,3,2,57,12,669,5496.78,0.909,0.75,0.05263,36.18,0
PX003696,1999,mandate_expired,wallet,ecommerce,2,1,3,3,22,426,1742.89,1.147,0.667,0.33333,47.97,0
PX003697,1499,suspicious_reversal,upi,subscription,10,0,3,18,57,621,1304.68,1.149,1.0,0.0,40.1,0
PX003698,1999,mandate_expired,upi,saas,8,2,3,24,50,399,1522.45,1.313,0.8,0.08333,2.06,1
PX003699,19999,insufficient_funds,wallet,ecommerce,8,1,0,46,18,247,26650.75,0.75,0.889,0.02174,19.37,1
PX003700,2499,bank_timeout,wallet,subscription,10,2,3,44,40,361,1778.79,1.405,0.833,0.04545,11.81,1
PX003701,499,insufficient_funds,upi,media,12,1,0,8,7,617,499.45,0.999,0.923,0.125,18.65,1
PX003702,1999,bank_timeout,netbanking,media,7,2,3,42,5,253,2101.9,0.951,0.778,0.04762,30.76,1
PX003703,499,expired_card,card,education,3,2,1,29,6,292,437.28,1.141,0.6,0.06897,12.81,1
PX003704,999,expired_card,card,education,7,2,2,35,52,280,954.32,1.047,0.778,0.05714,40.44,0
PX003705,1999,mandate_expired,upi,subscription,8,1,1,47,59,474,1388.21,1.44,0.889,0.02128,29.09,1
PX003706,9999,mandate_expired,wallet,subscription,7,1,0,51,49,33,11364.68,0.88,0.875,0.01961,38.77,1
PX003707,1499,expired_card,wallet,saas,14,3,2,46,35,9,1048.25,1.43,0.824,0.06522,4.24,1
PX003708,2499,bank_timeout,wallet,subscription,7,2,3,12,37,79,2000.98,1.249,0.778,0.16667,47.89,1
PX003709,1499,mandate_expired,upi,ecommerce,6,3,0,50,58,244,2049.24,0.731,0.667,0.06,34.73,0
PX003710,2499,suspicious_reversal,card,education,5,2,0,17,46,486,2835.24,0.881,0.714,0.11765,4.59,1
PX003711,9999,mandate_expired,netbanking,media,12,0,3,14,54,148,12880.06,0.776,1.0,0.0,7.01,0
PX003712,4999,expired_card,card,education,6,1,3,8,26,326,3171.35,1.576,0.857,0.125,29.69,1
PX003713,9999,mandate_expired,netbanking,ecommerce,9,2,2,60,45,571,8134.93,1.229,0.818,0.03333,2.1,1
PX003714,1499,bank_timeout,card,saas,10,2,0,59,59,434,1705.96,0.879,0.833,0.0339,31.45,1
PX003715,1999,mandate_expired,wallet,subscription,12,1,3,24,50,555,1310.14,1.526,0.923,0.04167,30.99,0
PX003716,19999,mandate_expired,wallet,ecommerce,11,1,1,56,13,646,22457.78,0.891,0.917,0.01786,36.77,1
PX003717,1499,mandate_expired,card,education,8,2,1,50,27,391,1940.89,0.772,0.8,0.04,26.84,1
PX003718,1999,insufficient_funds,card,media,9,3,3,18,5,284,1824.17,1.096,0.75,0.16667,33.9,0
PX003719,999,bank_timeout,wallet,media,9,1,1,36,13,380,651.67,1.533,0.9,0.02778,22.44,1
PX003720,9999,expired_card,wallet,media,9,3,3,34,25,447,7348.74,1.361,0.75,0.08824,23.89,0
PX003721,999,insufficient_funds,netbanking,saas,13,1,2,39,48,194,711.63,1.404,0.929,0.02564,5.12,0
PX003722,499,expired_card,netbanking,saas,3,3,2,27,30,565,537.51,0.928,0.5,0.11111,17.28,0
PX003723,19999,mandate_expired,upi,education,4,2,2,2,20,445,21415.0,0.934,0.667,1.0,22.87,1
PX003724,19999,suspicious_reversal,wallet,saas,12,2,2,19,9,493,13432.36,1.489,0.857,0.10526,26.17,0
PX003725,19999,bank_timeout,card,subscription,8,2,1,27,58,694,15008.01,1.333,0.8,0.07407,36.99,1
PX003726,499,expired_card,wallet,ecommerce,13,4,2,26,41,277,678.3,0.736,0.765,0.15385,28.91,1
PX003727,4999,expired_card,upi,education,10,4,1,40,26,516,4977.53,1.004,0.714,0.1,46.43,1
PX003728,1999,suspicious_reversal,card,media,7,0,3,45,17,221,2176.62,0.918,1.0,0.0,33.49,0
PX003729,19999,suspicious_reversal,upi,education,11,1,0,56,5,289,13551.28,1.476,0.917,0.01786,34.34,1
PX003730,499,mandate_expired,wallet,media,4,0,2,20,47,42,641.51,0.778,1.0,0.0,18.22,0
PX003731,4999,expired_card,upi,ecommerce,9,3,2,12,32,208,5387.28,0.928,0.75,0.25,44.76,0
PX003732,999,bank_timeout,wallet,education,9,3,0,27,50,497,698.36,1.43,0.75,0.11111,4.87,1
PX003733,4999,expired_card,card,saas,6,1,0,28,27,674,4201.46,1.19,0.857,0.03571,15.37,1
PX003734,1999,insufficient_funds,upi,saas,5,4,0,60,10,133,1540.23,1.298,0.556,0.06667,32.33,1
PX003735,999,suspicious_reversal,upi,ecommerce,5,1,2,22,17,649,852.96,1.171,0.833,0.04545,8.31,0
PX003736,499,bank_timeout,wallet,education,8,1,2,48,8,173,687.45,0.726,0.889,0.02083,34.3,1
PX003737,2499,expired_card,card,subscription,10,4,2,58,13,118,3363.92,0.743,0.714,0.06897,36.53,0
PX003738,1499,suspicious_reversal,card,subscription,11,2,0,55,60,322,1693.86,0.885,0.846,0.03636,11.07,1
PX003739,9999,insufficient_funds,wallet,saas,11,2,2,38,5,265,9141.51,1.094,0.846,0.05263,20.72,1
PX003740,1499,mandate_expired,upi,ecommerce,7,1,1,10,56,205,1775.81,0.844,0.875,0.1,36.24,1
PX003741,1499,bank_timeout,upi,subscription,9,1,0,38,58,587,2073.94,0.723,0.9,0.02632,33.06,1
PX003742,999,insufficient_funds,wallet,media,9,1,3,40,54,138,1190.69,0.839,0.9,0.025,43.67,1
PX003743,9999,expired_card,upi,saas,12,3,0,39,43,633,6228.91,1.605,0.8,0.07692,36.81,1
PX003744,1999,suspicious_reversal,wallet,subscription,7,6,1,5,45,186,2647.54,0.755,0.538,1.2,47.21,1
PX003745,1499,insufficient_funds,wallet,ecommerce,8,7,2,23,31,641,999.31,1.5,0.533,0.30435,42.63,0
PX003746,1999,suspicious_reversal,netbanking,saas,10,2,1,29,34,641,1294.84,1.544,0.833,0.06897,32.55,0
PX003747,1499,expired_card,card,media,12,1,1,56,59,121,1540.94,0.973,0.923,0.01786,4.91,0
PX003748,4999,mandate_expired,wallet,ecommerce,11,3,0,30,53,543,5363.15,0.932,0.786,0.1,41.23,0
PX003749,19999,expired_card,netbanking,education,10,4,0,1,33,624,27685.2,0.722,0.714,4.0,36.9,1
PX003750,19999,insufficient_funds,wallet,subscription,9,2,0,21,5,666,23146.05,0.864,0.818,0.09524,1.14,1
PX003751,9999,bank_timeout,card,ecommerce,7,8,3,11,25,415,12278.29,0.814,0.467,0.72727,32.38,0
PX003752,9999,bank_timeout,card,subscription,7,1,3,13,17,18,12458.25,0.803,0.875,0.07692,12.87,0
PX003753,1999,suspicious_reversal,upi,saas,10,2,1,2,50,371,1472.69,1.357,0.833,1.0,31.0,0
PX003754,999,mandate_expired,card,saas,7,2,0,26,30,186,664.21,1.504,0.778,0.07692,38.67,0
PX003755,1999,suspicious_reversal,card,subscription,10,1,2,28,4,648,2581.56,0.774,0.909,0.03571,39.2,1
PX003756,2499,mandate_expired,card,ecommerce,10,5,3,28,44,320,3110.42,0.803,0.667,0.17857,17.43,0
PX003757,2499,suspicious_reversal,wallet,media,11,5,1,48,6,163,1887.22,1.324,0.688,0.10417,44.37,0
PX003758,499,bank_timeout,netbanking,media,10,3,0,11,49,485,692.44,0.721,0.769,0.27273,24.23,1
PX003759,999,suspicious_reversal,wallet,ecommerce,6,2,0,55,7,262,993.33,1.006,0.75,0.03636,25.43,1
PX003760,2499,mandate_expired,upi,ecommerce,9,3,2,6,9,710,2001.5,1.249,0.75,0.5,40.77,0
PX003761,1499,suspicious_reversal,card,education,10,0,0,55,3,502,1751.6,0.856,1.0,0.0,3.08,0
PX003762,9999,bank_timeout,wallet,education,6,3,3,16,49,370,9852.67,1.015,0.667,0.1875,21.8,1
PX003763,2499,insufficient_funds,wallet,saas,8,1,2,8,9,14,2672.08,0.935,0.889,0.125,18.85,1
PX003764,1499,insufficient_funds,upi,education,10,1,2,5,13,310,1017.76,1.473,0.909,0.2,0.52,0
PX003765,19999,suspicious_reversal,netbanking,subscription,5,2,2,33,53,56,20817.16,0.961,0.714,0.06061,2.27,0
PX003766,2499,mandate_expired,netbanking,media,3,5,3,57,4,725,1811.58,1.379,0.375,0.08772,12.32,0
PX003767,4999,suspicious_reversal,netbanking,saas,9,2,2,33,24,216,3370.05,1.483,0.818,0.06061,41.59,0
PX003768,2499,mandate_expired,upi,saas,5,3,2,33,31,151,2170.71,1.151,0.625,0.09091,45.05,0
PX003769,1999,expired_card,netbanking,media,3,2,1,39,57,361,1502.21,1.331,0.6,0.05128,38.78,1
PX003770,19999,insufficient_funds,upi,education,8,1,0,43,4,15,26059.08,0.767,0.889,0.02326,43.74,1
PX003771,19999,bank_timeout,upi,subscription,13,4,0,32,41,562,13531.78,1.478,0.765,0.125,34.1,1
PX003772,999,mandate_expired,card,education,3,2,1,45,10,620,676.63,1.476,0.6,0.04444,8.49,0
PX003773,2499,expired_card,upi,subscription,11,2,0,47,52,253,3341.96,0.748,0.846,0.04255,21.54,0
PX003774,4999,expired_card,card,media,6,2,3,36,2,110,4060.04,1.231,0.75,0.05556,2.5,0
PX003775,2499,insufficient_funds,wallet,saas,8,1,0,50,10,629,2600.79,0.961,0.889,0.02,44.47,1
PX003776,499,expired_card,netbanking,media,7,3,1,13,13,664,404.3,1.234,0.7,0.23077,34.07,0
PX003777,4999,suspicious_reversal,card,ecommerce,8,2,3,3,20,105,6900.71,0.724,0.8,0.66667,10.45,0
PX003778,1499,suspicious_reversal,card,education,12,3,1,58,19,164,1525.34,0.983,0.8,0.05172,9.8,0
PX003779,9999,expired_card,card,subscription,7,1,1,45,6,266,9809.42,1.019,0.875,0.02222,25.2,1
PX003780,499,expired_card,wallet,ecommerce,6,2,1,47,12,132,544.63,0.916,0.75,0.04255,2.62,0
PX003781,1999,mandate_expired,card,saas,7,1,0,9,4,648,1493.94,1.338,0.875,0.11111,1.54,0
PX003782,1499,mandate_expired,wallet,ecommerce,9,2,1,31,24,449,1632.92,0.918,0.818,0.06452,38.61,1
PX003783,1499,bank_timeout,netbanking,saas,8,1,2,38,52,453,1181.7,1.269,0.889,0.02632,9.78,1
PX003784,1499,expired_card,card,ecommerce,4,3,3,11,28,641,1042.51,1.438,0.571,0.27273,34.22,0
PX003785,9999,insufficient_funds,card,subscription,5,1,1,50,49,236,9550.6,1.047,0.833,0.02,31.5,1
PX003786,9999,mandate_expired,netbanking,saas,8,2,0,1,2,110,12542.44,0.797,0.8,2.0,30.39,1
PX003787,4999,expired_card,wallet,subscription,5,2,1,20,46,120,4904.7,1.019,0.714,0.1,13.42,1
PX003788,2499,mandate_expired,wallet,saas,13,4,2,32,55,310,2743.79,0.911,0.765,0.125,39.62,0
PX003789,9999,expired_card,card,media,19,2,0,23,56,376,13972.15,0.716,0.905,0.08696,29.0,1
PX003790,1499,bank_timeout,upi,saas,8,4,3,41,16,225,1026.46,1.46,0.667,0.09756,29.81,1
PX003791,2499,mandate_expired,netbanking,education,15,5,1,8,15,568,2215.53,1.128,0.75,0.625,7.06,1
PX003792,499,insufficient_funds,card,education,5,3,2,20,13,669,469.29,1.063,0.625,0.15,24.17,1
PX003793,499,insufficient_funds,wallet,media,14,1,3,51,57,74,414.21,1.205,0.933,0.01961,15.45,0
PX003794,19999,suspicious_reversal,netbanking,saas,7,3,2,25,57,63,14320.38,1.397,0.7,0.12,47.93,0
PX003795,19999,expired_card,wallet,education,7,1,3,10,59,669,12369.95,1.617,0.875,0.1,27.13,0
PX003796,499,mandate_expired,wallet,subscription,16,0,3,6,33,477,632.88,0.788,1.0,0.0,12.01,0
PX003797,999,mandate_expired,netbanking,education,5,0,1,15,7,250,1388.03,0.72,1.0,0.0,22.18,1
PX003798,2499,expired_card,card,ecommerce,5,3,1,42,12,124,2119.39,1.179,0.625,0.07143,14.16,1
PX003799,1499,mandate_expired,upi,saas,15,1,0,27,8,440,1825.74,0.821,0.938,0.03704,0.9,1
PX003800,499,insufficient_funds,card,education,4,2,3,30,52,643,639.72,0.78,0.667,0.06667,37.64,1
PX003801,19999,mandate_expired,card,media,6,1,1,48,8,597,12098.26,1.653,0.857,0.02083,2.64,0
PX003802,999,insufficient_funds,upi,saas,6,1,0,26,20,622,692.63,1.442,0.857,0.03846,9.62,1
PX003803,2499,insufficient_funds,netbanking,ecommerce,13,2,0,53,11,517,3224.16,0.775,0.867,0.03774,40.93,1
PX003804,19999,insufficient_funds,upi,ecommerce,10,1,0,37,14,522,15632.22,1.279,0.909,0.02703,1.12,1
PX003805,499,suspicious_reversal,card,ecommerce,8,2,2,24,22,66,348.32,1.433,0.8,0.08333,6.22,0
PX003806,9999,mandate_expired,card,ecommerce,8,0,3,54,19,329,6987.93,1.431,1.0,0.0,22.68,0
PX003807,2499,suspicious_reversal,wallet,subscription,17,0,1,25,25,577,1626.71,1.536,1.0,0.0,1.15,1
PX003808,1999,suspicious_reversal,netbanking,media,3,1,1,21,5,194,1321.4,1.513,0.75,0.04762,47.34,0
PX003809,1999,bank_timeout,wallet,ecommerce,3,3,1,15,52,100,1756.09,1.138,0.5,0.2,8.88,1
PX003810,4999,suspicious_reversal,wallet,education,12,5,0,8,29,392,3613.65,1.383,0.706,0.625,29.81,1
PX003811,2499,insufficient_funds,card,subscription,7,1,2,25,8,629,2988.61,0.836,0.875,0.04,12.07,1
PX003812,19999,mandate_expired,netbanking,subscription,7,1,1,1,19,413,15185.05,1.317,0.875,1.0,31.23,1
PX003813,999,insufficient_funds,netbanking,saas,10,1,0,18,43,718,1210.75,0.825,0.909,0.05556,38.31,0
PX003814,19999,expired_card,upi,education,8,2,2,34,36,497,12698.45,1.575,0.8,0.05882,20.44,0
PX003815,2499,mandate_expired,card,subscription,13,2,1,34,25,587,2898.97,0.862,0.867,0.05882,23.33,1
PX003816,1499,expired_card,upi,ecommerce,9,0,2,16,25,389,1662.57,0.902,1.0,0.0,38.57,0
PX003817,1499,bank_timeout,upi,education,5,2,0,53,8,474,1988.37,0.754,0.714,0.03774,2.68,1
PX003818,19999,mandate_expired,wallet,ecommerce,5,1,1,22,13,639,24575.27,0.814,0.833,0.04545,22.58,1
PX003819,1499,mandate_expired,netbanking,education,7,0,1,7,28,288,1243.47,1.206,1.0,0.0,19.53,1
PX003820,499,insufficient_funds,card,saas,7,2,1,50,17,334,557.11,0.896,0.778,0.04,7.33,0
PX003821,19999,bank_timeout,wallet,saas,6,1,1,54,8,199,20179.45,0.991,0.857,0.01852,0.65,1
PX003822,999,bank_timeout,card,media,13,3,1,7,19,213,917.21,1.089,0.812,0.42857,28.96,1
PX003823,9999,bank_timeout,netbanking,media,8,3,1,41,57,73,9898.16,1.01,0.727,0.07317,34.9,1
PX003824,1499,suspicious_reversal,netbanking,saas,14,3,0,41,32,319,1463.64,1.024,0.824,0.07317,8.02,0
PX003825,9999,bank_timeout,card,saas,9,1,2,47,26,217,6698.09,1.493,0.9,0.02128,28.31,1
PX003826,499,insufficient_funds,upi,subscription,10,1,3,52,34,528,411.31,1.213,0.909,0.01923,26.33,1
PX003827,1999,bank_timeout,upi,saas,5,1,1,40,20,295,2194.09,0.911,0.833,0.025,2.98,1
PX003828,1499,suspicious_reversal,wallet,education,8,2,3,51,39,118,1558.8,0.962,0.8,0.03922,24.49,0
PX003829,499,expired_card,upi,saas,5,2,2,27,32,610,636.52,0.784,0.714,0.07407,10.95,0
PX003830,9999,insufficient_funds,card,media,2,4,1,49,53,534,10653.64,0.939,0.333,0.08163,4.54,0
PX003831,19999,suspicious_reversal,netbanking,media,6,2,1,2,49,549,26900.94,0.743,0.75,1.0,45.23,1
PX003832,4999,expired_card,card,saas,14,3,1,38,55,390,3943.23,1.268,0.824,0.07895,15.4,1
PX003833,9999,expired_card,wallet,education,10,5,3,38,16,369,7771.33,1.287,0.667,0.13158,28.68,0
PX003834,1999,mandate_expired,upi,subscription,6,1,1,2,43,660,1657.29,1.206,0.857,0.5,38.67,1
PX003835,1999,bank_timeout,card,subscription,6,1,1,41,30,525,2776.31,0.72,0.857,0.02439,11.01,1
PX003836,2499,insufficient_funds,upi,ecommerce,10,3,0,5,36,260,1957.46,1.277,0.769,0.6,2.13,1
PX003837,19999,expired_card,netbanking,ecommerce,11,3,2,13,22,484,21601.83,0.926,0.786,0.23077,2.16,1
PX003838,4999,bank_timeout,upi,media,12,0,3,54,20,183,6046.63,0.827,1.0,0.0,45.25,1
PX003839,4999,suspicious_reversal,netbanking,education,11,3,1,6,25,367,6048.9,0.826,0.786,0.5,16.05,0
PX003840,999,mandate_expired,netbanking,media,11,1,2,54,4,396,1134.06,0.881,0.917,0.01852,45.97,0
PX003841,999,suspicious_reversal,wallet,education,11,3,3,47,33,663,801.2,1.247,0.786,0.06383,28.3,0
PX003842,1999,mandate_expired,upi,saas,13,6,2,12,47,159,2353.94,0.849,0.684,0.5,13.81,0
PX003843,1499,mandate_expired,card,subscription,13,0,3,31,33,317,973.59,1.54,1.0,0.0,17.34,1
PX003844,2499,suspicious_reversal,upi,saas,13,1,3,17,11,580,3257.16,0.767,0.929,0.05882,22.22,0
PX003845,19999,insufficient_funds,netbanking,saas,3,1,0,44,7,268,16814.29,1.189,0.75,0.02273,0.89,0
PX003846,999,bank_timeout,wallet,ecommerce,8,1,0,14,14,672,1167.4,0.856,0.889,0.07143,5.0,1
PX003847,19999,suspicious_reversal,card,education,10,2,0,4,39,323,19995.38,1.0,0.833,0.5,39.18,1
PX003848,9999,insufficient_funds,card,saas,5,2,0,54,21,245,7842.82,1.275,0.714,0.03704,27.75,0
PX003849,2499,mandate_expired,card,media,11,1,0,23,59,25,2317.16,1.078,0.917,0.04348,12.88,1
PX003850,1499,mandate_expired,wallet,ecommerce,7,3,3,6,33,385,950.05,1.578,0.7,0.5,30.11,0
PX003851,2499,suspicious_reversal,card,saas,6,3,3,3,44,363,3064.8,0.815,0.667,1.0,2.92,1
PX003852,1499,bank_timeout,netbanking,ecommerce,7,1,1,32,20,256,1569.48,0.955,0.875,0.03125,42.37,1
PX003853,4999,suspicious_reversal,upi,subscription,10,2,2,18,5,534,3107.83,1.609,0.833,0.11111,33.88,0
PX003854,1999,expired_card,wallet,subscription,8,1,3,59,30,463,2309.13,0.866,0.889,0.01695,30.54,1
PX003855,9999,suspicious_reversal,upi,saas,14,4,0,51,24,626,10502.52,0.952,0.778,0.07843,22.73,1
PX003856,1999,insufficient_funds,wallet,subscription,7,2,3,37,55,393,1535.7,1.302,0.778,0.05405,46.42,0
PX003857,9999,expired_card,netbanking,media,6,1,0,34,26,319,8910.35,1.122,0.857,0.02941,20.9,1
PX003858,4999,suspicious_reversal,netbanking,saas,6,2,3,18,11,545,3492.92,1.431,0.75,0.11111,34.83,0
PX003859,2499,suspicious_reversal,card,education,9,1,2,53,10,418,2096.13,1.192,0.9,0.01887,8.48,0
PX003860,1999,bank_timeout,card,subscription,6,3,3,22,34,435,1908.0,1.048,0.667,0.13636,6.04,1
PX003861,19999,mandate_expired,card,education,9,1,0,30,12,176,22784.49,0.878,0.9,0.03333,29.81,0
PX003862,19999,bank_timeout,upi,media,13,2,3,40,38,404,26868.53,0.744,0.867,0.05,6.21,1
PX003863,9999,mandate_expired,netbanking,media,8,0,2,54,15,423,13722.85,0.729,1.0,0.0,13.58,1
PX003864,9999,suspicious_reversal,netbanking,education,5,1,3,37,58,226,9384.79,1.065,0.833,0.02703,3.7,0
PX003865,4999,mandate_expired,netbanking,ecommerce,6,2,1,16,28,118,5822.9,0.859,0.75,0.125,32.25,1
PX003866,1999,bank_timeout,netbanking,subscription,8,3,2,4,13,98,2406.26,0.831,0.727,0.75,47.9,1
PX003867,499,insufficient_funds,wallet,ecommerce,11,5,3,50,20,423,337.79,1.477,0.688,0.1,3.29,0
PX003868,1499,expired_card,netbanking,ecommerce,7,6,2,31,14,636,1888.95,0.794,0.538,0.19355,43.99,1
PX003869,19999,mandate_expired,upi,subscription,9,2,1,8,57,619,16856.92,1.186,0.818,0.25,23.32,0
PX003870,9999,mandate_expired,netbanking,education,10,3,1,46,7,199,7965.33,1.255,0.769,0.06522,34.7,1
PX003871,1499,bank_timeout,netbanking,saas,5,1,1,55,33,581,1089.66,1.376,0.833,0.01818,26.75,1
PX003872,999,insufficient_funds,upi,media,8,4,1,55,39,317,1328.55,0.752,0.667,0.07273,22.64,0
PX003873,4999,suspicious_reversal,card,media,10,3,0,18,60,473,4790.84,1.043,0.769,0.16667,2.74,1
PX003874,999,expired_card,card,ecommerce,15,1,0,6,26,166,1103.36,0.905,0.938,0.16667,42.93,1
PX003875,1999,expired_card,card,saas,9,2,2,50,2,450,1660.04,1.204,0.818,0.04,37.54,0
PX003876,1999,mandate_expired,card,saas,9,3,3,7,5,333,1589.45,1.258,0.75,0.42857,38.92,1
PX003877,19999,expired_card,card,saas,9,3,1,48,20,303,13191.91,1.516,0.75,0.0625,13.6,1
PX003878,999,expired_card,upi,saas,6,0,0,55,29,426,802.72,1.245,1.0,0.0,5.03,0
PX003879,9999,bank_timeout,card,saas,6,2,0,57,28,166,11320.7,0.883,0.75,0.03509,46.74,1
PX003880,9999,bank_timeout,card,education,10,1,3,36,12,429,7425.71,1.347,0.909,0.02778,19.03,1
PX003881,4999,expired_card,upi,media,8,4,0,23,1,367,4707.29,1.062,0.667,0.17391,28.28,1
PX003882,499,expired_card,wallet,saas,9,0,0,51,44,123,580.5,0.86,1.0,0.0,43.93,1
PX003883,499,suspicious_reversal,upi,media,8,0,0,1,54,596,443.83,1.124,1.0,0.0,6.03,0
PX003884,499,bank_timeout,upi,saas,7,3,1,41,35,334,579.03,0.862,0.7,0.07317,35.48,1
PX003885,2499,mandate_expired,upi,media,11,0,1,16,21,648,2065.98,1.21,1.0,0.0,11.58,1
PX003886,19999,mandate_expired,upi,saas,8,3,1,15,16,6,23304.6,0.858,0.727,0.2,38.29,1
PX003887,1499,insufficient_funds,netbanking,saas,5,1,0,13,35,698,1940.86,0.772,0.833,0.07692,6.57,1
PX003888,2499,suspicious_reversal,wallet,ecommerce,9,5,1,28,57,30,1531.48,1.632,0.643,0.17857,8.01,0
PX003889,1999,suspicious_reversal,netbanking,ecommerce,14,2,3,16,6,325,1855.16,1.078,0.875,0.125,39.29,0
PX003890,999,suspicious_reversal,wallet,subscription,10,5,0,9,20,295,1076.57,0.928,0.667,0.55556,28.76,0
PX003891,9999,expired_card,card,ecommerce,14,0,2,50,44,679,7430.5,1.346,1.0,0.0,44.05,0
PX003892,4999,bank_timeout,card,subscription,10,3,0,26,44,56,3855.44,1.297,0.769,0.11538,1.34,1
PX003893,499,suspicious_reversal,wallet,subscription,5,2,3,13,12,429,508.0,0.982,0.714,0.15385,38.67,0
PX003894,19999,mandate_expired,upi,media,11,6,2,37,53,172,17680.53,1.131,0.647,0.16216,33.05,0
PX003895,999,expired_card,wallet,ecommerce,10,1,0,36,29,189,896.96,1.114,0.909,0.02778,15.75,1
PX003896,999,expired_card,card,subscription,8,1,2,12,28,669,926.7,1.078,0.889,0.08333,8.16,0
PX003897,19999,expired_card,upi,media,7,1,1,59,60,249,13994.25,1.429,0.875,0.01695,39.04,1
PX003898,1499,expired_card,netbanking,media,9,1,0,24,6,298,1458.2,1.028,0.9,0.04167,19.9,0
PX003899,19999,insufficient_funds,wallet,saas,9,1,1,19,60,37,20624.09,0.97,0.9,0.05263,6.1,1
PX003900,999,insufficient_funds,card,education,10,4,1,12,36,661,1049.63,0.952,0.714,0.33333,37.41,0
PX003901,9999,bank_timeout,netbanking,subscription,7,3,0,32,1,175,6602.68,1.514,0.7,0.09375,1.49,1
PX003902,9999,insufficient_funds,upi,saas,10,3,2,7,48,27,12333.42,0.811,0.769,0.42857,13.85,1
PX003903,19999,suspicious_reversal,upi,media,6,3,2,57,6,590,23310.43,0.858,0.667,0.05263,8.81,0
PX003904,499,mandate_expired,netbanking,education,7,3,1,30,13,225,386.29,1.292,0.7,0.1,24.31,1
PX003905,1999,expired_card,wallet,education,12,6,0,33,36,139,1932.88,1.034,0.667,0.18182,6.9,1
PX003906,2499,bank_timeout,upi,saas,13,1,1,21,49,423,2919.61,0.856,0.929,0.04762,24.16,1
PX003907,1999,mandate_expired,card,subscription,13,1,2,16,56,565,1747.48,1.144,0.929,0.0625,33.41,0
PX003908,1999,mandate_expired,upi,saas,8,3,2,43,22,202,1516.95,1.318,0.727,0.06977,19.45,1
PX003909,19999,mandate_expired,netbanking,saas,10,1,2,24,46,534,23328.81,0.857,0.909,0.04167,5.65,1
PX003910,19999,bank_timeout,wallet,saas,16,5,3,54,32,489,17052.63,1.173,0.762,0.09259,22.53,0
PX003911,19999,expired_card,wallet,education,10,5,3,21,35,475,12708.62,1.574,0.667,0.2381,14.23,0
PX003912,999,suspicious_reversal,wallet,media,7,1,1,23,25,128,1392.14,0.718,0.875,0.04348,25.91,0
PX003913,9999,insufficient_funds,card,ecommerce,8,2,0,27,57,525,9877.97,1.012,0.8,0.07407,7.58,1
PX003914,999,mandate_expired,wallet,education,6,4,1,22,22,7,936.39,1.067,0.6,0.18182,2.93,1
PX003915,1999,bank_timeout,wallet,saas,6,3,2,36,57,583,1486.12,1.345,0.667,0.08333,45.89,0
PX003916,2499,mandate_expired,upi,saas,8,1,3,29,20,165,1502.1,1.664,0.889,0.03448,10.27,1
PX003917,1999,bank_timeout,wallet,saas,13,2,3,13,58,554,2661.37,0.751,0.867,0.15385,3.57,1
PX003918,499,bank_timeout,netbanking,media,13,3,2,37,46,321,372.05,1.341,0.812,0.08108,2.66,1
PX003919,1999,suspicious_reversal,card,media,5,3,3,30,41,485,1569.47,1.274,0.625,0.1,2.0,0
PX003920,1999,expired_card,netbanking,subscription,10,1,3,41,26,541,1976.51,1.011,0.909,0.02439,21.9,0
PX003921,19999,suspicious_reversal,card,ecommerce,13,0,1,12,30,338,12120.03,1.65,1.0,0.0,32.22,0
PX003922,19999,mandate_expired,netbanking,saas,10,1,1,28,14,114,17094.9,1.17,0.909,0.03571,29.85,0
PX003923,9999,suspicious_reversal,card,ecommerce,9,1,0,15,38,682,7235.21,1.382,0.9,0.06667,27.06,0
PX003924,19999,mandate_expired,card,subscription,10,4,3,5,46,612,21006.27,0.952,0.714,0.8,3.05,0
PX003925,1999,expired_card,card,saas,14,3,0,23,31,393,1317.02,1.518,0.824,0.13043,26.06,0
PX003926,9999,mandate_expired,card,media,8,2,3,30,35,150,6377.37,1.568,0.8,0.06667,32.28,1
PX003927,9999,bank_timeout,card,education,5,2,2,37,15,614,8761.17,1.141,0.714,0.05405,21.8,1
PX003928,19999,suspicious_reversal,upi,media,5,3,0,4,17,694,24855.3,0.805,0.625,0.75,2.37,0
PX003929,2499,mandate_expired,card,education,7,0,2,18,35,75,2830.19,0.883,1.0,0.0,22.75,1
PX003930,2499,mandate_expired,wallet,subscription,6,2,2,19,12,723,2091.76,1.195,0.75,0.10526,43.8,0
PX003931,1999,suspicious_reversal,card,subscription,7,3,3,18,20,154,2188.08,0.914,0.7,0.16667,34.95,0
PX003932,19999,suspicious_reversal,card,education,11,2,2,27,13,50,25779.59,0.776,0.846,0.07407,40.67,1
PX003933,4999,mandate_expired,netbanking,saas,7,2,1,42,24,202,3110.15,1.607,0.778,0.04762,39.4,0
PX003934,2499,expired_card,wallet,ecommerce,6,1,0,20,31,526,1654.13,1.511,0.857,0.05,31.66,1
PX003935,999,bank_timeout,card,ecommerce,5,0,3,23,33,624,1072.3,0.932,1.0,0.0,32.78,1
PX003936,4999,insufficient_funds,upi,education,7,3,2,23,3,2,4941.95,1.012,0.7,0.13043,13.93,0
PX003937,1999,suspicious_reversal,netbanking,subscription,5,0,0,21,9,646,1341.21,1.49,1.0,0.0,9.79,0
PX003938,499,mandate_expired,netbanking,media,8,1,2,57,14,183,474.98,1.051,0.889,0.01754,35.0,0
PX003939,499,insufficient_funds,netbanking,education,12,1,2,2,2,561,422.22,1.182,0.923,0.5,1.99,1
PX003940,999,expired_card,netbanking,subscription,3,3,0,58,24,314,1198.24,0.834,0.5,0.05172,46.37,1
PX003941,999,bank_timeout,upi,saas,6,1,1,15,44,89,1016.45,0.983,0.857,0.06667,34.29,1
PX003942,2499,insufficient_funds,wallet,education,9,6,1,9,49,334,1708.63,1.463,0.6,0.66667,33.35,1
PX003943,1499,suspicious_reversal,wallet,media,6,5,2,2,17,301,1414.79,1.06,0.545,2.5,41.17,0
PX003944,4999,mandate_expired,netbanking,subscription,12,3,1,31,36,428,5200.39,0.961,0.8,0.09677,27.38,1
PX003945,1499,insufficient_funds,wallet,subscription,9,2,2,22,22,121,1360.64,1.102,0.818,0.09091,21.46,1
PX003946,2499,mandate_expired,upi,subscription,8,2,2,29,26,98,2613.97,0.956,0.8,0.06897,18.11,1
PX003947,1999,expired_card,netbanking,ecommerce,7,1,2,39,14,146,1473.26,1.357,0.875,0.02564,3.85,1
PX003948,1499,mandate_expired,upi,subscription,8,3,0,16,42,665,1414.9,1.059,0.727,0.1875,24.76,0
PX003949,9999,mandate_expired,card,education,8,3,3,59,21,555,13817.16,0.724,0.727,0.05085,28.22,1
PX003950,19999,suspicious_reversal,wallet,media,4,4,1,32,27,506,15131.47,1.322,0.5,0.125,16.55,0
PX003951,19999,insufficient_funds,card,saas,8,1,1,38,21,63,22605.98,0.885,0.889,0.02632,24.4,1
PX003952,9999,bank_timeout,netbanking,education,7,1,1,47,2,666,9595.89,1.042,0.875,0.02128,47.9,1
PX003953,9999,suspicious_reversal,wallet,ecommerce,8,3,0,46,1,476,11969.38,0.835,0.727,0.06522,7.69,0
PX003954,19999,bank_timeout,upi,ecommerce,7,0,0,16,7,114,14616.63,1.368,1.0,0.0,6.5,1
PX003955,1999,bank_timeout,netbanking,ecommerce,6,1,2,7,12,450,2468.24,0.81,0.857,0.14286,26.89,1
PX003956,4999,mandate_expired,wallet,ecommerce,14,3,0,45,54,388,5904.71,0.847,0.824,0.06667,25.55,1
PX003957,19999,bank_timeout,upi,ecommerce,4,2,0,5,7,386,16573.71,1.207,0.667,0.4,40.49,1
PX003958,499,insufficient_funds,wallet,saas,10,2,3,44,25,59,311.5,1.602,0.833,0.04545,3.0,0
PX003959,9999,bank_timeout,wallet,education,8,1,0,35,44,484,8283.61,1.207,0.889,0.02857,34.78,1
PX003960,4999,expired_card,upi,subscription,6,2,2,31,53,311,3861.43,1.295,0.75,0.06452,12.41,0
PX003961,9999,expired_card,upi,education,9,1,0,22,43,568,11592.7,0.863,0.9,0.04545,44.68,1
PX003962,9999,expired_card,netbanking,education,15,0,0,48,8,424,9806.85,1.02,1.0,0.0,19.42,1
PX003963,1499,mandate_expired,card,subscription,9,2,1,45,59,392,2037.97,0.736,0.818,0.04444,25.11,0
PX003964,999,bank_timeout,card,subscription,4,2,0,31,47,140,1330.19,0.751,0.667,0.06452,20.38,1
PX003965,19999,mandate_expired,card,media,7,0,2,15,39,198,21969.34,0.91,1.0,0.0,8.39,0
PX003966,2499,insufficient_funds,card,media,10,1,3,39,58,561,2180.63,1.146,0.909,0.02564,24.33,1
PX003967,9999,expired_card,netbanking,ecommerce,4,1,2,36,50,223,12804.25,0.781,0.8,0.02778,28.86,0
PX003968,1499,suspicious_reversal,card,education,6,3,0,51,31,719,1394.58,1.075,0.667,0.05882,42.31,0
PX003969,999,insufficient_funds,netbanking,subscription,8,1,2,12,34,490,989.45,1.01,0.889,0.08333,17.32,1
PX003970,4999,expired_card,netbanking,media,5,2,0,40,40,138,4286.62,1.166,0.714,0.05,33.64,1
PX003971,19999,bank_timeout,card,subscription,9,0,0,58,23,322,25369.21,0.788,1.0,0.0,6.32,1
PX003972,1499,bank_timeout,wallet,education,11,0,1,9,9,274,1038.76,1.443,1.0,0.0,42.35,1
PX003973,999,expired_card,upi,media,5,4,0,47,42,16,707.2,1.413,0.556,0.08511,45.12,1
PX003974,19999,mandate_expired,card,saas,15,2,3,42,50,261,16469.46,1.214,0.882,0.04762,7.54,1
PX003975,499,suspicious_reversal,card,saas,7,0,2,46,17,58,426.59,1.17,1.0,0.0,16.62,0
PX003976,999,bank_timeout,wallet,saas,9,1,2,10,41,609,728.86,1.371,0.9,0.1,18.1,1
PX003977,19999,suspicious_reversal,card,subscription,4,2,1,33,30,246,13725.74,1.457,0.667,0.06061,22.32,1
PX003978,9999,mandate_expired,upi,subscription,8,3,1,16,39,390,7941.0,1.259,0.727,0.1875,7.56,0
PX003979,2499,suspicious_reversal,netbanking,media,11,2,2,9,59,115,2897.21,0.863,0.846,0.22222,41.83,0
PX003980,4999,mandate_expired,upi,saas,7,6,0,27,11,481,5214.71,0.959,0.538,0.22222,33.66,1
PX003981,1999,suspicious_reversal,card,media,7,3,1,3,51,690,2368.32,0.844,0.7,1.0,12.94,1
PX003982,4999,expired_card,upi,media,9,6,2,9,14,654,6805.34,0.735,0.6,0.66667,1.63,0
PX003983,9999,bank_timeout,netbanking,education,8,3,1,41,15,330,12160.8,0.822,0.727,0.07317,10.58,1
PX003984,1499,insufficient_funds,wallet,ecommerce,8,1,3,34,55,248,1453.36,1.031,0.889,0.02941,24.03,1
PX003985,9999,bank_timeout,wallet,subscription,11,1,3,21,12,568,6862.65,1.457,0.917,0.04762,25.36,1
PX003986,2499,suspicious_reversal,upi,ecommerce,5,2,0,34,39,345,2358.77,1.059,0.714,0.05882,29.58,0
PX003987,999,mandate_expired,card,media,8,2,1,44,31,651,1079.31,0.926,0.8,0.04545,31.99,0
PX003988,2499,expired_card,upi,ecommerce,8,5,2,10,42,661,2326.08,1.074,0.615,0.5,12.32,0
PX003989,999,suspicious_reversal,wallet,media,8,1,2,40,26,306,808.34,1.236,0.889,0.025,9.79,0
PX003990,499,suspicious_reversal,wallet,ecommerce,6,2,0,45,50,569,379.77,1.314,0.75,0.04444,22.04,0
PX003991,2499,insufficient_funds,netbanking,media,8,1,3,12,52,230,3174.27,0.787,0.889,0.08333,9.81,1
PX003992,2499,expired_card,wallet,subscription,3,1,0,50,49,489,3458.22,0.723,0.75,0.02,44.97,0
PX003993,499,bank_timeout,wallet,saas,9,5,1,19,22,68,569.51,0.876,0.643,0.26316,47.81,0
PX003994,1499,suspicious_reversal,wallet,ecommerce,5,2,1,48,18,653,1616.4,0.927,0.714,0.04167,1.39,0
PX003995,9999,suspicious_reversal,wallet,education,12,0,2,34,56,628,6414.37,1.559,1.0,0.0,24.68,0
PX003996,4999,expired_card,wallet,ecommerce,3,4,0,34,1,149,5580.83,0.896,0.429,0.11765,38.87,0
PX003997,2499,insufficient_funds,netbanking,ecommerce,7,3,3,35,20,446,1537.22,1.626,0.7,0.08571,24.81,0
PX003998,1999,insufficient_funds,card,education,12,0,1,60,30,559,2762.04,0.724,1.0,0.0,16.47,1
PX003999,2499,expired_card,wallet,education,4,3,3,29,14,331,1630.02,1.533,0.571,0.10345,31.14,0
PX004000,999,bank_timeout,wallet,subscription,11,0,0,50,25,202,831.51,1.201,1.0,0.0,40.19,1
PX004001,499,suspicious_reversal,wallet,ecommerce,7,4,3,59,43,555,619.57,0.805,0.636,0.0678,20.72,0
PX004002,2499,mandate_expired,upi,subscription,10,0,0,57,35,285,2639.95,0.947,1.0,0.0,3.95,1
PX004003,1999,suspicious_reversal,netbanking,saas,11,2,1,24,38,678,2141.47,0.933,0.846,0.08333,33.55,0
PX004004,2499,insufficient_funds,upi,education,4,1,1,36,11,179,2899.05,0.862,0.8,0.02778,46.09,1
PX004005,499,insufficient_funds,card,subscription,10,1,2,33,28,689,307.37,1.623,0.909,0.0303,15.04,1
PX004006,4999,insufficient_funds,card,subscription,7,2,2,54,45,526,3807.89,1.313,0.778,0.03704,43.49,0
PX004007,1999,suspicious_reversal,card,media,2,1,3,31,28,618,1431.74,1.396,0.667,0.03226,22.67,0
PX004008,4999,mandate_expired,card,ecommerce,5,0,3,54,50,36,6565.87,0.761,1.0,0.0,46.1,0
PX004009,999,suspicious_reversal,wallet,saas,7,2,3,54,23,595,937.28,1.066,0.778,0.03704,19.02,0
PX004010,9999,mandate_expired,card,ecommerce,3,6,0,6,34,485,11139.38,0.898,0.333,1.0,23.74,0
PX004011,4999,suspicious_reversal,netbanking,saas,13,3,2,31,38,295,4059.02,1.232,0.812,0.09677,15.66,0
PX004012,1499,bank_timeout,card,education,12,2,3,28,33,168,1278.07,1.173,0.857,0.07143,27.39,0
PX004013,1499,insufficient_funds,card,ecommerce,7,1,1,41,13,106,1742.22,0.86,0.875,0.02439,4.36,1
PX004014,1999,expired_card,wallet,education,4,3,3,43,57,73,1914.31,1.044,0.571,0.06977,8.74,0
PX004015,1999,suspicious_reversal,card,ecommerce,7,0,0,52,35,606,1421.85,1.406,1.0,0.0,42.29,0
PX004016,2499,expired_card,upi,saas,14,1,0,28,46,620,1537.02,1.626,0.933,0.03571,20.19,0
PX004017,1999,mandate_expired,card,ecommerce,8,0,1,21,49,60,2724.33,0.734,1.0,0.0,41.32,0
PX004018,1499,suspicious_reversal,wallet,ecommerce,8,0,3,17,58,607,1594.85,0.94,1.0,0.0,31.49,1
PX004019,4999,mandate_expired,card,saas,9,4,2,25,33,670,6838.58,0.731,0.692,0.16,5.67,0
PX004020,999,bank_timeout,upi,saas,7,2,2,47,13,274,624.34,1.6,0.778,0.04255,40.04,0
PX004021,4999,suspicious_reversal,card,education,9,2,1,23,15,720,6485.83,0.771,0.818,0.08696,20.02,0
PX004022,999,mandate_expired,upi,ecommerce,8,3,0,49,22,132,1328.03,0.752,0.727,0.06122,13.44,0
PX004023,999,mandate_expired,wallet,subscription,7,2,1,48,1,478,1038.37,0.962,0.778,0.04167,34.84,0
PX004024,9999,bank_timeout,upi,saas,12,3,1,30,20,137,10718.94,0.933,0.8,0.1,4.69,1
PX004025,4999,bank_timeout,upi,media,4,0,1,32,6,385,4018.09,1.244,1.0,0.0,44.83,1
PX004026,999,suspicious_reversal,netbanking,saas,8,3,1,51,56,673,1302.78,0.767,0.727,0.05882,32.31,0
PX004027,1499,mandate_expired,upi,education,13,2,1,38,59,437,957.9,1.565,0.867,0.05263,17.25,1
PX004028,499,suspicious_reversal,upi,media,11,2,3,39,58,113,460.68,1.083,0.846,0.05128,15.29,0
PX004029,4999,insufficient_funds,wallet,ecommerce,4,2,1,19,47,498,6569.46,0.761,0.667,0.10526,24.02,1
PX004030,2499,insufficient_funds,card,ecommerce,6,2,3,58,22,583,3298.35,0.758,0.75,0.03448,28.87,0
PX004031,1499,bank_timeout,netbanking,media,6,1,1,40,49,87,2064.8,0.726,0.857,0.025,15.73,1
PX004032,9999,suspicious_reversal,netbanking,education,10,2,1,17,3,446,13613.22,0.735,0.833,0.11765,9.06,0
PX004033,4999,expired_card,netbanking,media,8,2,1,28,20,211,4188.45,1.194,0.8,0.07143,43.0,0
PX004034,2499,mandate_expired,netbanking,media,5,0,0,20,55,347,1928.4,1.296,1.0,0.0,15.59,1
PX004035,4999,bank_timeout,card,saas,5,0,1,46,37,127,5445.39,0.918,1.0,0.0,14.97,1
PX004036,1499,bank_timeout,card,ecommerce,6,2,3,17,38,345,1990.87,0.753,0.75,0.11765,8.59,1
PX004037,999,mandate_expired,upi,saas,8,2,2,29,56,497,1097.39,0.91,0.8,0.06897,5.55,1
PX004038,19999,insufficient_funds,netbanking,ecommerce,5,3,0,45,23,620,17999.47,1.111,0.625,0.06667,42.67,0
PX004039,1999,expired_card,netbanking,saas,10,1,3,30,2,259,2349.58,0.851,0.909,0.03333,43.23,0
PX004040,1499,mandate_expired,netbanking,education,8,3,2,14,8,723,1585.41,0.945,0.727,0.21429,4.37,1
PX004041,999,mandate_expired,wallet,saas,8,6,3,50,22,160,1342.09,0.744,0.571,0.12,9.56,0
PX004042,2499,bank_timeout,upi,ecommerce,10,1,1,58,1,552,3291.94,0.759,0.909,0.01724,14.69,1
PX004043,9999,expired_card,wallet,subscription,11,4,1,39,36,293,7071.4,1.414,0.733,0.10256,15.6,0
PX004044,1999,suspicious_reversal,wallet,saas,5,1,1,12,58,141,1597.41,1.251,0.833,0.08333,26.15,1
PX004045,2499,expired_card,wallet,education,9,1,2,56,25,240,3295.01,0.758,0.9,0.01786,45.39,0
PX004046,1499,mandate_expired,netbanking,ecommerce,6,0,1,48,19,307,1782.08,0.841,1.0,0.0,6.69,0
PX004047,1499,bank_timeout,card,saas,12,2,2,17,29,200,1284.28,1.167,0.857,0.11765,26.38,1
PX004048,4999,insufficient_funds,netbanking,ecommerce,6,3,0,11,51,413,6891.78,0.725,0.667,0.27273,5.63,0
PX004049,9999,expired_card,upi,media,7,3,2,28,1,141,10351.33,0.966,0.7,0.10714,17.88,0
PX004050,999,bank_timeout,upi,saas,10,2,3,15,42,193,889.04,1.124,0.833,0.13333,12.38,0
PX004051,19999,bank_timeout,netbanking,media,8,1,3,21,5,233,16462.55,1.215,0.889,0.04762,4.37,1
PX004052,499,expired_card,wallet,education,8,1,0,41,23,719,589.61,0.846,0.889,0.02439,32.7,1
PX004053,2499,expired_card,netbanking,ecommerce,8,2,3,27,30,206,2593.23,0.964,0.8,0.07407,27.5,0
PX004054,2499,suspicious_reversal,wallet,subscription,7,2,0,23,26,359,1607.83,1.554,0.778,0.08696,17.65,0
PX004055,999,mandate_expired,wallet,saas,12,2,2,41,16,233,1194.97,0.836,0.857,0.04878,17.96,1
PX004056,9999,expired_card,card,education,6,1,3,29,38,439,9623.56,1.039,0.857,0.03448,40.08,0
PX004057,19999,expired_card,card,saas,6,3,0,20,14,45,24334.17,0.822,0.667,0.15,8.68,1
PX004058,499,bank_timeout,wallet,education,5,1,3,3,14,536,383.95,1.3,0.833,0.33333,11.52,1
PX004059,19999,mandate_expired,netbanking,ecommerce,5,2,1,32,40,175,21911.12,0.913,0.714,0.0625,21.72,1
PX004060,19999,suspicious_reversal,wallet,ecommerce,5,3,3,37,37,562,14024.5,1.426,0.625,0.08108,7.51,0
PX004061,4999,mandate_expired,upi,saas,9,1,1,18,4,299,4997.04,1.0,0.9,0.05556,25.82,0
PX004062,999,suspicious_reversal,netbanking,saas,9,3,0,43,35,218,956.73,1.044,0.75,0.06977,7.59,0
PX004063,4999,bank_timeout,wallet,saas,9,3,3,24,22,693,5212.35,0.959,0.75,0.125,47.06,1
PX004064,9999,insufficient_funds,wallet,saas,9,5,1,30,20,12,10491.41,0.953,0.643,0.16667,45.96,1
PX004065,1499,insufficient_funds,netbanking,ecommerce,10,3,1,7,16,189,1185.72,1.264,0.769,0.42857,7.49,0
PX004066,1999,suspicious_reversal,upi,education,8,2,1,53,20,396,1860.54,1.074,0.8,0.03774,38.21,0
PX004067,9999,expired_card,card,ecommerce,7,2,2,27,20,389,11712.39,0.854,0.778,0.07407,30.79,1
PX004068,4999,mandate_expired,wallet,media,9,0,0,5,48,288,6426.38,0.778,1.0,0.0,1.11,1
PX004069,9999,expired_card,upi,ecommerce,3,3,1,45,25,124,13011.28,0.768,0.5,0.06667,33.27,0
PX004070,499,insufficient_funds,upi,saas,2,0,1,11,21,495,392.57,1.271,1.0,0.0,43.26,1
PX004071,2499,mandate_expired,wallet,saas,4,1,2,37,15,574,1881.14,1.328,0.8,0.02703,22.4,0
PX004072,1499,suspicious_reversal,card,ecommerce,8,0,1,28,57,188,1327.16,1.129,1.0,0.0,46.83,1
PX004073,4999,insufficient_funds,wallet,education,10,2,0,26,25,428,4577.73,1.092,0.833,0.07692,2.57,0
PX004074,9999,suspicious_reversal,netbanking,media,10,5,2,44,27,88,12195.29,0.82,0.667,0.11364,13.32,0
PX004075,999,suspicious_reversal,card,subscription,3,4,3,58,7,3,729.3,1.37,0.429,0.06897,37.93,0
PX004076,1499,expired_card,card,ecommerce,12,2,2,31,60,643,2070.5,0.724,0.857,0.06452,43.15,0
PX004077,4999,bank_timeout,upi,education,6,0,3,19,58,545,5297.86,0.944,1.0,0.0,23.59,1
PX004078,2499,insufficient_funds,netbanking,media,7,1,0,53,19,247,2222.93,1.124,0.875,0.01887,31.12,0
PX004079,4999,mandate_expired,card,subscription,8,3,0,3,37,521,3762.5,1.329,0.727,1.0,26.82,1
PX004080,499,mandate_expired,card,subscription,16,1,0,16,36,342,674.39,0.74,0.941,0.0625,46.7,1
PX004081,999,mandate_expired,upi,saas,7,3,2,41,5,207,1338.71,0.746,0.7,0.07317,42.21,1
PX004082,999,expired_card,wallet,saas,4,2,2,60,25,503,1146.3,0.872,0.667,0.03333,21.95,1
PX004083,9999,suspicious_reversal,upi,subscription,9,3,0,37,1,336,12807.27,0.781,0.75,0.08108,32.96,0
PX004084,1499,bank_timeout,netbanking,ecommerce,14,1,3,4,25,55,1710.54,0.876,0.933,0.25,9.55,1
PX004085,1999,suspicious_reversal,card,education,11,4,3,17,31,138,2338.23,0.855,0.733,0.23529,4.18,0
PX004086,9999,mandate_expired,wallet,ecommerce,6,1,1,43,28,413,6381.28,1.567,0.857,0.02326,23.42,0
PX004087,499,mandate_expired,card,media,9,3,1,43,53,504,470.12,1.061,0.75,0.06977,11.75,0
PX004088,4999,insufficient_funds,card,media,4,1,2,47,47,121,6806.9,0.734,0.8,0.02128,29.28,0
PX004089,1499,bank_timeout,netbanking,subscription,10,0,1,33,3,552,1638.72,0.915,1.0,0.0,39.04,1
PX004090,499,suspicious_reversal,netbanking,education,8,2,3,58,33,213,463.69,1.076,0.8,0.03448,7.3,0
PX004091,2499,bank_timeout,card,subscription,9,2,1,11,60,201,2848.42,0.877,0.818,0.18182,20.4,1
PX004092,499,suspicious_reversal,card,subscription,12,1,0,45,58,649,653.77,0.763,0.923,0.02222,15.88,0
PX004093,999,expired_card,upi,education,6,2,3,52,17,61,1369.24,0.73,0.75,0.03846,46.34,0
PX004094,2499,insufficient_funds,netbanking,media,4,3,3,7,21,148,2723.4,0.918,0.571,0.42857,29.86,1
PX004095,2499,mandate_expired,card,ecommerce,8,1,0,56,3,716,1946.22,1.284,0.889,0.01786,26.38,1
PX004096,2499,insufficient_funds,card,subscription,6,4,0,26,6,206,2006.92,1.245,0.6,0.15385,12.79,0
PX004097,499,expired_card,wallet,saas,8,0,1,47,24,690,634.33,0.787,1.0,0.0,15.86,0
PX004098,2499,insufficient_funds,wallet,ecommerce,6,2,0,55,29,199,1593.87,1.568,0.75,0.03636,16.31,1
PX004099,1999,bank_timeout,card,subscription,9,1,2,45,12,618,1744.28,1.146,0.9,0.02222,8.83,1
PX004100,9999,mandate_expired,upi,saas,13,5,3,33,55,131,9890.57,1.011,0.722,0.15152,35.58,0
PX004101,4999,suspicious_reversal,wallet,saas,6,3,1,31,5,657,6637.02,0.753,0.667,0.09677,13.7,0
PX004102,1499,insufficient_funds,card,media,8,3,2,17,7,373,994.02,1.508,0.727,0.17647,35.77,1
PX004103,9999,mandate_expired,upi,subscription,11,0,2,43,28,405,12395.54,0.807,1.0,0.0,18.44,1
PX004104,1499,expired_card,wallet,saas,7,2,1,9,58,487,1216.23,1.232,0.778,0.22222,46.07,1
PX004105,9999,bank_timeout,netbanking,media,12,0,1,47,7,159,6740.98,1.483,1.0,0.0,33.04,1
PX004106,999,expired_card,upi,ecommerce,9,4,2,34,17,29,1140.88,0.876,0.692,0.11765,34.36,0
PX004107,499,insufficient_funds,netbanking,education,9,2,1,53,13,437,617.56,0.808,0.818,0.03774,36.56,0
PX004108,499,bank_timeout,upi,education,15,5,2,23,7,132,529.12,0.943,0.75,0.21739,0.68,0
PX004109,999,insufficient_funds,netbanking,education,11,4,1,59,30,115,897.74,1.113,0.733,0.0678,2.89,1
PX004110,19999,mandate_expired,wallet,subscription,9,2,3,12,2,465,21523.86,0.929,0.818,0.16667,42.7,0
PX004111,499,insufficient_funds,upi,education,8,0,0,25,29,700,525.73,0.949,1.0,0.0,5.29,1
PX004112,9999,suspicious_reversal,card,saas,14,1,2,30,36,349,12028.55,0.831,0.933,0.03333,45.16,1
PX004113,2499,suspicious_reversal,upi,education,6,0,0,46,22,403,2821.03,0.886,1.0,0.0,4.55,0
PX004114,999,suspicious_reversal,card,media,7,1,1,48,59,295,903.33,1.106,0.875,0.02083,20.1,0
PX004115,9999,bank_timeout,wallet,education,8,0,1,33,33,477,10682.15,0.936,1.0,0.0,13.53,1
PX004116,9999,insufficient_funds,netbanking,saas,7,3,0,45,11,586,12929.23,0.773,0.7,0.06667,5.14,1
PX004117,999,mandate_expired,wallet,ecommerce,10,3,2,13,5,292,853.85,1.17,0.769,0.23077,24.69,1
PX004118,19999,expired_card,wallet,education,9,3,2,8,43,218,16279.7,1.228,0.75,0.375,37.66,0
PX004119,4999,mandate_expired,card,saas,4,3,3,35,14,192,5651.7,0.885,0.571,0.08571,14.14,1
PX004120,999,suspicious_reversal,card,media,8,2,1,52,22,69,1210.28,0.825,0.8,0.03846,23.1,1
PX004121,999,expired_card,wallet,ecommerce,9,2,3,59,42,466,940.35,1.062,0.818,0.0339,28.72,0
PX004122,999,mandate_expired,wallet,ecommerce,7,1,3,38,43,201,1077.73,0.927,0.875,0.02632,35.15,0
PX004123,1999,insufficient_funds,card,education,8,1,1,2,27,605,1548.17,1.291,0.889,0.5,42.14,1
PX004124,1499,expired_card,wallet,subscription,7,3,0,4,2,576,1432.94,1.046,0.7,0.75,45.2,1
PX004125,499,bank_timeout,upi,subscription,9,2,2,59,27,135,678.55,0.735,0.818,0.0339,44.97,1
PX004126,1499,bank_timeout,netbanking,ecommerce,8,3,0,38,41,328,1548.96,0.968,0.727,0.07895,13.54,1
PX004127,19999,bank_timeout,netbanking,saas,10,4,2,39,17,389,20963.44,0.954,0.714,0.10256,3.71,0
PX004128,4999,insufficient_funds,netbanking,subscription,3,4,3,28,28,35,6407.48,0.78,0.429,0.14286,29.83,1
PX004129,499,insufficient_funds,upi,education,9,1,2,29,56,139,462.68,1.078,0.9,0.03448,11.36,1
PX004130,2499,insufficient_funds,card,ecommerce,10,0,3,55,38,601,3355.16,0.745,1.0,0.0,23.07,1
PX004131,9999,bank_timeout,upi,education,8,2,0,37,16,95,10569.41,0.946,0.8,0.05405,36.06,1
PX004132,499,bank_timeout,upi,media,6,3,0,47,31,284,415.62,1.201,0.667,0.06383,9.61,1
PX004133,999,insufficient_funds,netbanking,media,6,1,3,42,2,606,1160.22,0.861,0.857,0.02381,39.49,1
PX004134,1499,bank_timeout,card,media,5,2,2,21,49,196,1535.39,0.976,0.714,0.09524,21.72,0
PX004135,1999,bank_timeout,upi,media,10,1,2,49,54,580,2577.11,0.776,0.909,0.02041,9.04,0
PX004136,4999,insufficient_funds,netbanking,subscription,8,2,1,17,35,547,5217.62,0.958,0.8,0.11765,34.84,1
PX004137,1499,mandate_expired,card,ecommerce,5,2,3,7,43,88,1325.59,1.131,0.714,0.28571,30.3,1
PX004138,4999,bank_timeout,wallet,subscription,10,4,0,23,23,152,4540.29,1.101,0.714,0.17391,8.16,1
PX004139,4999,bank_timeout,card,education,9,0,2,27,30,24,4925.18,1.015,1.0,0.0,18.15,1
PX004140,4999,mandate_expired,upi,education,10,3,0,56,4,728,3184.97,1.57,0.769,0.05357,12.59,0
PX004141,1999,bank_timeout,card,subscription,9,2,1,19,12,346,1368.01,1.461,0.818,0.10526,5.12,0
PX004142,4999,mandate_expired,netbanking,saas,10,3,3,1,4,143,6236.97,0.802,0.769,3.0,44.02,0
PX004143,999,bank_timeout,upi,saas,7,3,1,30,13,575,1347.05,0.742,0.7,0.1,4.82,1
PX004144,4999,bank_timeout,upi,education,10,3,2,54,4,721,3252.4,1.537,0.769,0.05556,31.68,0
PX004145,1999,mandate_expired,upi,ecommerce,7,0,2,27,37,502,2674.06,0.748,1.0,0.0,40.36,1
PX004146,9999,mandate_expired,netbanking,saas,4,1,1,3,28,249,12637.3,0.791,0.8,0.33333,18.08,0
PX004147,2499,suspicious_reversal,upi,education,5,2,0,6,5,14,2282.05,1.095,0.714,0.33333,47.27,0
PX004148,19999,mandate_expired,card,ecommerce,4,4,1,12,60,248,15859.97,1.261,0.5,0.33333,39.93,0
PX004149,1999,suspicious_reversal,upi,saas,10,0,2,53,57,509,2642.23,0.757,1.0,0.0,8.23,1
PX004150,499,mandate_expired,netbanking,subscription,11,2,2,57,56,486,535.75,0.931,0.846,0.03509,33.32,1
PX004151,4999,suspicious_reversal,card,saas,8,0,0,6,53,209,6330.98,0.79,1.0,0.0,47.6,1
PX004152,9999,expired_card,card,media,8,2,0,49,52,671,13079.44,0.764,0.8,0.04082,27.77,0
PX004153,1499,suspicious_reversal,netbanking,subscription,9,2,0,42,37,702,1202.02,1.247,0.818,0.04762,43.99,1
PX004154,999,expired_card,card,subscription,14,1,1,60,52,154,1277.81,0.782,0.933,0.01667,38.08,0
PX004155,1499,mandate_expired,wallet,saas,12,1,1,40,60,541,1270.79,1.18,0.923,0.025,47.85,1
PX004156,19999,expired_card,card,media,10,2,1,38,32,479,27660.94,0.723,0.833,0.05263,20.78,0
PX004157,1499,expired_card,card,education,14,1,2,30,32,697,1347.85,1.112,0.933,0.03333,25.61,0
PX004158,999,bank_timeout,upi,subscription,10,3,0,46,14,169,754.1,1.325,0.769,0.06522,32.87,1
PX004159,1499,bank_timeout,wallet,subscription,4,3,1,24,46,350,1225.3,1.223,0.571,0.125,45.16,1
PX004160,9999,expired_card,netbanking,ecommerce,9,1,0,35,23,253,11472.95,0.872,0.9,0.02857,2.37,0
PX004161,9999,bank_timeout,upi,saas,12,7,3,44,32,367,10205.26,0.98,0.632,0.15909,31.55,0
PX004162,999,insufficient_funds,netbanking,ecommerce,10,2,2,21,46,226,1397.77,0.715,0.833,0.09524,15.7,0
PX004163,2499,suspicious_reversal,wallet,ecommerce,7,4,0,12,59,712,3217.08,0.777,0.636,0.33333,9.78,0
PX004164,2499,expired_card,wallet,education,9,2,2,5,12,372,2710.48,0.922,0.818,0.4,25.27,1
PX004165,999,suspicious_reversal,wallet,subscription,9,3,2,22,19,268,1153.72,0.866,0.75,0.13636,33.76,0
PX004166,999,expired_card,card,saas,8,2,1,60,27,459,1102.16,0.906,0.8,0.03333,25.84,0
PX004167,19999,expired_card,card,media,5,3,1,21,41,538,14474.69,1.382,0.625,0.14286,14.69,1
PX004168,4999,bank_timeout,netbanking,media,12,1,0,23,22,307,5483.48,0.912,0.923,0.04348,14.36,1
PX004169,1499,insufficient_funds,card,ecommerce,5,1,3,46,20,665,1536.41,0.976,0.833,0.02174,1.65,1
PX004170,4999,bank_timeout,upi,subscription,7,1,2,29,51,693,6945.42,0.72,0.875,0.03448,15.92,1
PX004171,19999,suspicious_reversal,wallet,ecommerce,14,3,1,14,1,128,27642.93,0.723,0.824,0.21429,19.16,0
PX004172,19999,bank_timeout,wallet,ecommerce,13,5,0,10,21,267,26002.33,0.769,0.722,0.5,24.07,1
PX004173,2499,mandate_expired,wallet,saas,10,3,1,45,50,157,1580.28,1.581,0.769,0.06667,8.36,0
PX004174,4999,bank_timeout,upi,education,8,1,1,11,31,402,3425.9,1.459,0.889,0.09091,30.01,1
PX004175,2499,insufficient_funds,upi,saas,7,3,1,13,17,615,1998.98,1.25,0.7,0.23077,25.87,0
PX004176,9999,bank_timeout,card,subscription,12,4,2,49,8,4,9134.82,1.095,0.75,0.08163,9.69,1
PX004177,1999,mandate_expired,netbanking,ecommerce,5,2,3,5,46,90,1311.68,1.524,0.714,0.4,2.54,1
PX004178,999,insufficient_funds,wallet,saas,13,4,0,31,57,207,851.27,1.174,0.765,0.12903,33.04,1
PX004179,4999,suspicious_reversal,upi,ecommerce,6,2,2,38,53,482,5200.87,0.961,0.75,0.05263,36.32,0
PX004180,2499,expired_card,card,saas,6,2,3,16,31,488,2942.89,0.849,0.75,0.125,23.97,0
PX004181,499,suspicious_reversal,card,saas,9,0,0,3,47,533,411.34,1.213,1.0,0.0,19.92,1
PX004182,1999,suspicious_reversal,upi,media,11,1,1,12,50,519,1572.27,1.271,0.917,0.08333,30.27,0
PX004183,999,insufficient_funds,card,media,9,5,1,16,19,707,753.16,1.326,0.643,0.3125,24.32,1
PX004184,19999,insufficient_funds,wallet,saas,11,3,0,3,44,699,23868.04,0.838,0.786,1.0,46.41,1
PX004185,4999,expired_card,wallet,ecommerce,11,0,0,41,42,318,4367.53,1.145,1.0,0.0,36.42,0
PX004186,1499,suspicious_reversal,netbanking,subscription,13,0,3,48,15,674,985.34,1.521,1.0,0.0,15.96,0
PX004187,999,expired_card,netbanking,education,9,5,0,30,24,440,1329.93,0.751,0.643,0.16667,4.61,0
PX004188,9999,mandate_expired,wallet,subscription,10,2,3,38,60,394,12948.93,0.772,0.833,0.05263,18.61,1
PX004189,1499,expired_card,card,saas,5,3,2,3,53,214,1362.17,1.1,0.625,1.0,23.02,0
PX004190,4999,suspicious_reversal,card,media,6,2,2,7,26,92,5650.66,0.885,0.75,0.28571,46.43,0
PX004191,4999,mandate_expired,upi,education,7,1,1,4,55,254,4091.35,1.222,0.875,0.25,37.63,1
PX004192,4999,bank_timeout,wallet,media,9,1,0,42,57,557,6435.84,0.777,0.9,0.02381,12.29,1
PX004193,4999,mandate_expired,card,saas,12,2,1,23,3,551,4868.89,1.027,0.857,0.08696,16.95,1
PX004194,2499,suspicious_reversal,card,ecommerce,8,0,0,54,60,618,2151.13,1.162,1.0,0.0,31.33,1
PX004195,19999,expired_card,upi,media,7,3,0,55,46,596,13243.63,1.51,0.7,0.05455,38.62,0
PX004196,2499,insufficient_funds,card,saas,5,0,1,36,34,169,2802.28,0.892,1.0,0.0,5.05,0
PX004197,999,bank_timeout,wallet,ecommerce,8,1,1,37,6,593,1127.98,0.886,0.889,0.02703,5.94,1
PX004198,2499,suspicious_reversal,wallet,media,6,1,1,6,29,316,2952.94,0.846,0.857,0.16667,9.24,0
PX004199,1499,bank_timeout,wallet,ecommerce,5,1,0,60,45,172,1561.1,0.96,0.833,0.01667,18.51,1
PX004200,1999,suspicious_reversal,upi,saas,11,3,3,13,48,44,1998.69,1.0,0.786,0.23077,8.72,0
PX004201,1999,suspicious_reversal,card,saas,9,0,3,8,57,172,2175.44,0.919,1.0,0.0,1.96,1
PX004202,2499,suspicious_reversal,wallet,subscription,16,3,1,2,6,425,3049.91,0.819,0.842,1.5,40.07,0
PX004203,2499,mandate_expired,netbanking,saas,8,1,1,42,5,441,2151.47,1.162,0.889,0.02381,21.21,0
PX004204,19999,expired_card,card,ecommerce,5,3,0,10,49,279,16402.76,1.219,0.625,0.3,41.98,0
PX004205,2499,suspicious_reversal,card,ecommerce,6,4,0,16,44,622,2218.07,1.127,0.6,0.25,19.99,1
PX004206,499,bank_timeout,upi,subscription,4,3,1,34,46,442,311.66,1.601,0.571,0.08824,47.57,0
PX004207,1499,insufficient_funds,upi,saas,9,2,2,45,6,457,1942.99,0.771,0.818,0.04444,38.37,0
PX004208,499,expired_card,upi,education,12,3,3,46,20,381,655.15,0.762,0.8,0.06522,2.39,0
PX004209,2499,bank_timeout,upi,subscription,14,1,2,4,52,84,2626.9,0.951,0.933,0.25,30.74,1
PX004210,9999,mandate_expired,wallet,education,10,2,1,36,55,389,6172.38,1.62,0.833,0.05556,32.18,1
PX004211,499,suspicious_reversal,upi,education,11,4,3,24,44,303,333.34,1.497,0.733,0.16667,46.33,0
PX004212,9999,mandate_expired,netbanking,ecommerce,10,3,2,7,23,580,13022.3,0.768,0.769,0.42857,26.83,0
PX004213,2499,insufficient_funds,upi,ecommerce,13,4,1,49,39,460,3198.36,0.781,0.765,0.08163,20.72,1
PX004214,1499,insufficient_funds,netbanking,education,7,1,2,14,4,695,1158.96,1.293,0.875,0.07143,38.47,0
PX004215,1499,bank_timeout,upi,ecommerce,5,0,0,46,56,209,1132.72,1.323,1.0,0.0,22.32,1
PX004216,19999,bank_timeout,wallet,saas,4,2,1,12,45,544,18222.24,1.098,0.667,0.16667,22.09,1
PX004217,9999,insufficient_funds,card,ecommerce,8,0,1,10,21,404,9895.87,1.01,1.0,0.0,33.68,1
PX004218,499,suspicious_reversal,wallet,education,10,2,3,31,3,192,445.16,1.121,0.833,0.06452,37.67,0
PX004219,2499,mandate_expired,card,saas,7,2,3,24,15,505,2088.37,1.197,0.778,0.08333,25.71,0
PX004220,2499,bank_timeout,netbanking,subscription,5,0,2,5,24,299,2166.26,1.154,1.0,0.0,20.6,1
PX004221,4999,bank_timeout,card,education,12,0,3,55,48,694,5904.06,0.847,1.0,0.0,16.52,1
PX004222,1999,bank_timeout,upi,subscription,6,4,3,45,37,88,2339.28,0.855,0.6,0.08889,44.36,1
PX004223,1499,bank_timeout,upi,media,10,2,2,29,48,578,1548.08,0.968,0.833,0.06897,11.16,1
PX004224,19999,insufficient_funds,netbanking,subscription,13,4,1,1,44,571,19226.29,1.04,0.765,4.0,46.29,1
PX004225,1999,suspicious_reversal,netbanking,subscription,10,1,2,60,11,697,2332.92,0.857,0.909,0.01667,1.63,0
PX004226,2499,suspicious_reversal,card,subscription,8,3,0,2,59,388,2633.83,0.949,0.727,1.5,5.81,1
PX004227,1999,insufficient_funds,upi,media,10,2,1,13,5,65,1976.33,1.011,0.833,0.15385,9.18,1
PX004228,499,insufficient_funds,card,education,8,2,3,30,56,99,503.49,0.991,0.8,0.06667,23.69,1
PX004229,1999,insufficient_funds,netbanking,ecommerce,9,1,1,2,46,92,1416.84,1.411,0.9,0.5,41.74,1
PX004230,4999,suspicious_reversal,netbanking,ecommerce,11,2,2,5,33,157,5161.83,0.968,0.846,0.4,46.43,0
PX004231,2499,expired_card,wallet,ecommerce,7,3,3,4,59,116,2001.55,1.249,0.7,0.75,32.33,0
PX004232,1499,suspicious_reversal,netbanking,subscription,5,3,1,15,42,250,1605.29,0.934,0.625,0.2,18.92,0
PX004233,4999,bank_timeout,upi,education,9,2,1,24,1,614,6496.43,0.769,0.818,0.08333,33.18,1
PX004234,1999,bank_timeout,card,education,7,3,2,37,11,237,1636.29,1.222,0.7,0.08108,41.84,1
PX004235,4999,suspicious_reversal,card,media,8,1,2,11,13,268,4713.4,1.061,0.889,0.09091,18.66,1
PX004236,4999,insufficient_funds,netbanking,saas,4,0,1,12,25,611,6694.79,0.747,1.0,0.0,20.08,1
PX004237,2499,expired_card,wallet,ecommerce,11,0,0,30,44,428,2363.89,1.057,1.0,0.0,36.82,0
PX004238,499,mandate_expired,wallet,media,6,2,0,16,14,730,302.58,1.649,0.75,0.125,44.21,0
PX004239,499,expired_card,wallet,saas,5,1,2,38,45,557,635.12,0.786,0.833,0.02632,11.74,0
PX004240,499,mandate_expired,wallet,media,7,1,3,22,11,119,387.38,1.288,0.875,0.04545,11.46,1
PX004241,2499,mandate_expired,upi,education,9,2,0,17,59,669,1603.57,1.558,0.818,0.11765,32.66,0
PX004242,1999,insufficient_funds,upi,ecommerce,6,2,0,50,7,546,2736.76,0.73,0.75,0.04,12.2,1
PX004243,999,mandate_expired,wallet,media,11,0,2,9,50,291,1014.14,0.985,1.0,0.0,20.85,1
PX004244,4999,suspicious_reversal,wallet,ecommerce,6,0,1,40,57,364,6527.84,0.766,1.0,0.0,22.02,0
PX004245,1999,bank_timeout,upi,media,8,0,2,40,2,438,2004.92,0.997,1.0,0.0,21.96,1
PX004246,19999,bank_timeout,card,education,8,0,1,2,38,701,27837.92,0.718,1.0,0.0,2.38,1
PX004247,1999,mandate_expired,netbanking,education,7,3,2,51,46,312,1919.2,1.042,0.7,0.05882,27.94,0
PX004248,1499,insufficient_funds,wallet,media,8,1,0,30,59,363,1716.15,0.873,0.889,0.03333,6.27,1
PX004249,9999,bank_timeout,card,media,10,1,2,31,13,466,10082.34,0.992,0.909,0.03226,16.56,1
PX004250,2499,suspicious_reversal,netbanking,media,10,2,1,44,3,479,2226.9,1.122,0.833,0.04545,38.01,0
PX004251,999,suspicious_reversal,netbanking,subscription,6,3,0,22,52,335,1350.69,0.74,0.667,0.13636,5.49,0
PX004252,1999,bank_timeout,card,ecommerce,6,3,2,6,52,153,1994.34,1.002,0.667,0.5,14.46,1
PX004253,999,insufficient_funds,card,ecommerce,10,4,1,10,6,578,1047.15,0.954,0.714,0.4,3.74,1
PX004254,1999,insufficient_funds,card,subscription,8,2,1,36,49,269,1985.54,1.007,0.8,0.05556,31.8,1
PX004255,9999,insufficient_funds,netbanking,ecommerce,6,0,3,41,52,30,8655.05,1.155,1.0,0.0,21.86,0
PX004256,1499,expired_card,upi,saas,9,1,1,20,9,335,1864.35,0.804,0.9,0.05,36.03,0
PX004257,1499,expired_card,wallet,ecommerce,3,3,1,38,43,201,1953.47,0.767,0.5,0.07895,35.21,0
PX004258,2499,mandate_expired,wallet,education,7,1,2,16,23,264,2611.75,0.957,0.875,0.0625,21.22,1
PX004259,2499,bank_timeout,card,saas,8,3,2,22,41,502,2600.84,0.961,0.727,0.13636,44.88,0
PX004260,4999,expired_card,wallet,education,7,2,2,11,5,167,3562.24,1.403,0.778,0.18182,27.24,1
PX004261,1499,suspicious_reversal,card,subscription,7,3,0,12,30,269,1289.8,1.162,0.7,0.25,17.46,1
PX004262,1999,mandate_expired,upi,education,6,2,0,56,16,630,1805.04,1.107,0.75,0.03571,10.1,1
PX004263,4999,expired_card,netbanking,ecommerce,12,4,2,29,54,492,3557.04,1.405,0.75,0.13793,17.86,0
PX004264,9999,bank_timeout,wallet,media,5,0,0,18,58,16,9728.46,1.028,1.0,0.0,28.2,1
PX004265,4999,suspicious_reversal,wallet,subscription,8,2,0,45,40,340,6888.75,0.726,0.8,0.04444,17.64,0
PX004266,1999,bank_timeout,upi,subscription,5,2,3,59,18,272,1563.34,1.279,0.714,0.0339,46.44,0
PX004267,499,bank_timeout,card,saas,7,5,0,59,58,568,472.84,1.055,0.583,0.08475,4.1,1
PX004268,9999,mandate_expired,netbanking,education,8,1,0,50,19,660,13224.61,0.756,0.889,0.02,2.53,1
PX004269,499,suspicious_reversal,upi,education,9,3,1,13,36,601,669.35,0.746,0.75,0.23077,30.15,0
PX004270,19999,bank_timeout,wallet,saas,6,5,1,54,35,304,14271.24,1.401,0.545,0.09259,32.88,1
PX004271,1499,suspicious_reversal,upi,education,4,1,0,3,21,346,1613.59,0.929,0.8,0.33333,12.21,0
PX004272,19999,mandate_expired,wallet,education,3,1,1,21,58,89,26180.11,0.764,0.75,0.04762,14.96,0
PX004273,4999,suspicious_reversal,upi,media,9,2,2,24,50,28,4925.46,1.015,0.818,0.08333,14.79,0
PX004274,2499,mandate_expired,netbanking,saas,11,2,2,16,54,241,3420.4,0.731,0.846,0.125,23.7,0
PX004275,9999,suspicious_reversal,wallet,media,11,2,2,18,51,582,12622.13,0.792,0.846,0.11111,7.97,0
PX004276,999,insufficient_funds,card,ecommerce,7,0,0,36,29,606,1089.68,0.917,1.0,0.0,40.65,1
PX004277,9999,insufficient_funds,card,education,9,1,2,29,33,112,11735.09,0.852,0.9,0.03448,43.38,0
PX004278,999,insufficient_funds,netbanking,saas,5,1,3,3,25,345,1111.92,0.898,0.833,0.33333,43.49,1
PX004279,1999,bank_timeout,wallet,education,8,1,1,1,28,409,1632.55,1.224,0.889,1.0,25.68,1
PX004280,1999,expired_card,netbanking,education,10,0,0,53,12,618,2730.65,0.732,1.0,0.0,21.73,1
PX004281,1499,suspicious_reversal,upi,education,11,3,3,37,57,323,1686.32,0.889,0.786,0.08108,21.1,0
PX004282,1999,expired_card,wallet,media,5,2,3,4,17,619,1625.96,1.229,0.714,0.5,47.44,0
PX004283,999,expired_card,card,media,9,1,1,52,16,313,832.54,1.2,0.9,0.01923,32.37,1
PX004284,9999,mandate_expired,upi,ecommerce,5,3,0,4,25,244,9655.32,1.036,0.625,0.75,39.34,1
PX004285,4999,expired_card,netbanking,ecommerce,10,3,1,10,45,472,4516.03,1.107,0.769,0.3,22.88,0
PX004286,19999,expired_card,upi,education,7,0,2,17,60,313,15927.7,1.256,1.0,0.0,47.53,1
PX004287,4999,suspicious_reversal,netbanking,saas,10,3,3,51,3,1,6536.8,0.765,0.769,0.05882,23.43,0
PX004288,999,bank_timeout,wallet,media,5,2,3,42,23,617,962.36,1.038,0.714,0.04762,46.32,1
PX004289,1999,expired_card,wallet,education,5,2,3,56,12,417,2230.86,0.896,0.714,0.03571,8.44,0
PX004290,2499,expired_card,card,subscription,11,0,1,13,42,320,2374.82,1.052,1.0,0.0,40.85,0
PX004291,1999,expired_card,card,subscription,11,3,2,33,60,730,1651.9,1.21,0.786,0.09091,20.64,1
PX004292,1499,insufficient_funds,netbanking,media,13,0,2,15,39,713,1037.99,1.444,1.0,0.0,47.88,1
PX004293,9999,mandate_expired,netbanking,media,7,4,0,17,44,729,6326.73,1.58,0.636,0.23529,15.61,1
PX004294,19999,suspicious_reversal,upi,saas,4,1,1,60,54,203,25350.5,0.789,0.8,0.01667,41.01,1
PX004295,1999,insufficient_funds,netbanking,education,6,2,2,49,49,67,2297.48,0.87,0.75,0.04082,41.75,0
PX004296,9999,bank_timeout,wallet,saas,10,1,1,37,37,719,10708.4,0.934,0.909,0.02703,5.96,1
PX004297,19999,mandate_expired,card,education,11,5,2,20,54,622,13881.4,1.441,0.688,0.25,20.73,0
PX004298,499,mandate_expired,netbanking,subscription,9,1,2,55,39,539,592.69,0.842,0.9,0.01818,35.66,1
PX004299,1999,bank_timeout,card,saas,9,3,3,1,58,533,2738.35,0.73,0.75,3.0,11.82,0
PX004300,1499,suspicious_reversal,card,education,9,0,0,33,16,349,2070.71,0.724,1.0,0.0,4.23,0
PX004301,1999,mandate_expired,wallet,ecommerce,5,1,1,8,47,116,2345.24,0.852,0.833,0.125,28.17,1
PX004302,9999,insufficient_funds,wallet,education,6,5,3,11,28,130,7893.35,1.267,0.545,0.45455,28.35,0
PX004303,1999,expired_card,upi,subscription,9,2,1,58,45,340,2583.79,0.774,0.818,0.03448,2.15,0
PX004304,19999,suspicious_reversal,upi,media,3,0,0,9,46,392,23944.84,0.835,1.0,0.0,8.24,1
PX004305,1499,mandate_expired,upi,saas,7,2,2,40,18,38,1704.26,0.88,0.778,0.05,24.25,0
PX004306,9999,bank_timeout,wallet,media,6,0,1,56,19,255,6908.7,1.447,1.0,0.0,34.33,1
PX004307,999,insufficient_funds,card,media,9,0,2,13,4,334,1321.21,0.756,1.0,0.0,45.12,1
PX004308,999,mandate_expired,wallet,saas,7,2,3,3,6,198,1086.96,0.919,0.778,0.66667,45.83,0
PX004309,499,expired_card,upi,education,20,0,2,47,20,34,571.93,0.872,1.0,0.0,42.82,0
PX004310,9999,insufficient_funds,upi,media,7,1,2,59,15,20,8100.33,1.234,0.875,0.01695,2.17,1
PX004311,2499,insufficient_funds,wallet,saas,5,1,3,5,34,701,1654.13,1.511,0.833,0.2,35.53,1
PX004312,2499,mandate_expired,card,subscription,6,3,3,52,54,620,3102.34,0.806,0.667,0.05769,4.88,0
PX004313,1499,mandate_expired,card,media,6,2,3,58,32,371,1541.43,0.972,0.75,0.03448,32.98,1
PX004314,999,mandate_expired,upi,ecommerce,9,0,2,11,52,301,1048.25,0.953,1.0,0.0,25.67,1
PX004315,4999,suspicious_reversal,netbanking,media,8,6,2,42,19,723,5618.67,0.89,0.571,0.14286,38.77,0
PX004316,499,bank_timeout,netbanking,subscription,7,2,1,15,32,89,536.16,0.931,0.778,0.13333,26.39,1
PX004317,999,expired_card,card,ecommerce,9,1,0,30,40,244,1325.14,0.754,0.9,0.03333,1.16,0
PX004318,499,suspicious_reversal,netbanking,subscription,6,1,3,44,50,571,364.87,1.368,0.857,0.02273,5.91,0
PX004319,9999,mandate_expired,wallet,education,6,2,3,22,8,359,9082.25,1.101,0.75,0.09091,43.66,0
PX004320,4999,suspicious_reversal,netbanking,saas,8,3,3,37,17,617,4202.41,1.19,0.727,0.08108,6.86,0
PX004321,999,mandate_expired,card,saas,13,3,3,58,20,396,1223.37,0.817,0.812,0.05172,5.88,0
PX004322,1999,bank_timeout,netbanking,education,7,0,2,26,59,420,2372.69,0.843,1.0,0.0,9.93,1
PX004323,19999,mandate_expired,upi,media,10,3,3,7,25,618,16588.55,1.206,0.769,0.42857,32.83,0
PX004324,2499,bank_timeout,wallet,saas,7,2,1,18,28,342,2963.66,0.843,0.778,0.11111,35.59,1
PX004325,19999,expired_card,card,subscription,5,2,3,58,33,189,18581.38,1.076,0.714,0.03448,17.87,0
PX004326,9999,suspicious_reversal,wallet,media,10,3,1,43,40,23,9694.17,1.031,0.769,0.06977,0.83,1
PX004327,1999,expired_card,upi,media,14,2,0,54,52,477,2056.97,0.972,0.875,0.03704,41.61,0
PX004328,4999,insufficient_funds,upi,media,6,3,1,45,43,513,4220.34,1.185,0.667,0.06667,38.18,1
PX004329,1499,suspicious_reversal,netbanking,media,8,0,2,55,46,706,1541.73,0.972,1.0,0.0,34.28,1
PX004330,1499,suspicious_reversal,card,media,10,0,3,33,36,140,1839.23,0.815,1.0,0.0,41.65,0
PX004331,19999,suspicious_reversal,wallet,subscription,8,4,3,11,56,542,19127.01,1.046,0.667,0.36364,33.44,0
PX004332,4999,insufficient_funds,wallet,saas,7,2,3,2,40,443,5152.15,0.97,0.778,1.0,45.48,0
PX004333,1499,insufficient_funds,upi,education,5,1,0,17,15,334,2032.63,0.737,0.833,0.05882,3.99,1
PX004334,2499,insufficient_funds,netbanking,education,11,2,1,43,39,532,3477.2,0.719,0.846,0.04651,37.49,0
PX004335,9999,bank_timeout,upi,media,6,2,0,12,56,695,7194.43,1.39,0.75,0.16667,25.44,1
PX004336,1999,mandate_expired,card,subscription,11,3,0,22,8,534,2245.36,0.89,0.786,0.13636,47.25,0
PX004337,2499,suspicious_reversal,upi,media,4,2,0,55,14,235,2596.92,0.962,0.667,0.03636,41.8,0
PX004338,1999,bank_timeout,netbanking,subscription,5,1,3,16,50,340,2089.58,0.957,0.833,0.0625,30.63,1
PX004339,499,mandate_expired,netbanking,media,8,1,2,37,20,655,511.88,0.975,0.889,0.02703,13.24,0
PX004340,499,insufficient_funds,wallet,education,11,1,3,38,5,275,347.18,1.437,0.917,0.02632,29.94,0
PX004341,2499,bank_timeout,netbanking,saas,8,2,0,8,9,538,1559.62,1.602,0.8,0.25,10.33,1
PX004342,9999,suspicious_reversal,upi,saas,8,4,0,8,52,700,8821.88,1.133,0.667,0.5,12.48,0
PX004343,1999,insufficient_funds,card,saas,3,2,3,40,2,676,1849.33,1.081,0.6,0.05,47.0,0
PX004344,2499,suspicious_reversal,upi,ecommerce,7,1,3,3,43,274,1913.78,1.306,0.875,0.33333,32.39,1
PX004345,9999,expired_card,upi,saas,8,3,3,47,5,239,9967.59,1.003,0.727,0.06383,15.98,1
PX004346,1499,suspicious_reversal,wallet,media,5,1,0,3,4,16,2037.09,0.736,0.833,0.33333,3.69,1
PX004347,4999,expired_card,card,education,7,5,2,52,7,670,5784.03,0.864,0.583,0.09615,19.82,0
PX004348,4999,bank_timeout,netbanking,ecommerce,6,0,3,3,40,592,3332.67,1.5,1.0,0.0,16.28,1
PX004349,1499,mandate_expired,card,education,13,3,3,28,46,418,1247.18,1.202,0.812,0.10714,24.95,1
PX004350,2499,insufficient_funds,upi,subscription,5,3,0,1,12,493,3416.45,0.731,0.625,3.0,47.45,1
PX004351,4999,bank_timeout,upi,education,9,2,2,4,60,633,5247.57,0.953,0.818,0.5,1.91,1
PX004352,499,insufficient_funds,netbanking,ecommerce,6,2,0,19,46,559,625.31,0.798,0.75,0.10526,13.0,1
PX004353,499,mandate_expired,upi,subscription,7,0,1,56,36,640,329.99,1.512,1.0,0.0,26.83,0
PX004354,1999,insufficient_funds,card,subscription,10,1,2,2,20,482,1589.28,1.258,0.909,0.5,25.72,1
PX004355,999,insufficient_funds,netbanking,subscription,5,3,0,60,5,176,1357.74,0.736,0.625,0.05,44.33,1
PX004356,19999,suspicious_reversal,upi,ecommerce,6,0,2,40,57,183,19571.59,1.022,1.0,0.0,24.55,0
PX004357,999,expired_card,upi,media,8,0,3,14,2,455,993.6,1.005,1.0,0.0,21.07,0
PX004358,2499,bank_timeout,netbanking,education,6,1,3,43,30,271,2230.07,1.121,0.857,0.02326,21.37,0
PX004359,499,suspicious_reversal,wallet,media,13,2,3,11,44,211,302.51,1.65,0.867,0.18182,31.2,0
PX004360,9999,suspicious_reversal,wallet,ecommerce,7,3,3,11,26,307,11400.25,0.877,0.7,0.27273,26.62,0
PX004361,999,bank_timeout,card,ecommerce,6,0,1,2,15,631,1370.24,0.729,1.0,0.0,7.62,0
PX004362,9999,insufficient_funds,card,education,10,3,0,4,37,634,11839.1,0.845,0.769,0.75,17.79,1
PX004363,1499,mandate_expired,upi,subscription,11,3,0,45,35,353,1235.0,1.214,0.786,0.06667,46.58,1
PX004364,499,suspicious_reversal,netbanking,subscription,7,1,3,30,40,155,576.85,0.865,0.875,0.03333,38.04,0
PX004365,999,mandate_expired,wallet,saas,13,2,2,51,28,421,1088.62,0.918,0.867,0.03922,27.96,0
PX004366,19999,mandate_expired,wallet,education,20,1,1,41,26,119,26290.09,0.761,0.952,0.02439,8.52,0
PX004367,4999,suspicious_reversal,netbanking,media,6,4,0,42,34,338,3428.24,1.458,0.6,0.09524,24.51,0
PX004368,4999,bank_timeout,netbanking,media,6,3,0,35,55,260,3503.09,1.427,0.667,0.08571,1.55,1
PX004369,499,suspicious_reversal,netbanking,subscription,8,3,0,4,22,657,597.4,0.835,0.727,0.75,28.9,0
PX004370,2499,bank_timeout,wallet,saas,9,0,1,10,28,469,3100.11,0.806,1.0,0.0,1.26,1
PX004371,19999,insufficient_funds,netbanking,media,10,2,1,7,51,383,21675.51,0.923,0.833,0.28571,24.4,0
PX004372,4999,insufficient_funds,wallet,saas,6,1,2,16,60,294,3112.39,1.606,0.857,0.0625,12.46,0
PX004373,1999,suspicious_reversal,card,saas,11,1,3,32,11,232,2151.27,0.929,0.917,0.03125,1.0,0
PX004374,4999,bank_timeout,upi,saas,8,3,1,18,47,166,6091.09,0.821,0.727,0.16667,24.55,1
PX004375,999,expired_card,upi,ecommerce,3,3,3,19,21,467,1043.37,0.957,0.5,0.15789,26.37,1
PX004376,2499,bank_timeout,wallet,education,8,2,2,52,42,606,2769.85,0.902,0.8,0.03846,24.2,1
PX004377,2499,expired_card,netbanking,subscription,7,1,1,5,36,706,3411.18,0.733,0.875,0.2,8.59,0
PX004378,4999,suspicious_reversal,card,subscription,6,3,3,12,22,230,6148.83,0.813,0.667,0.25,14.65,0
PX004379,19999,insufficient_funds,upi,ecommerce,8,5,0,31,37,171,18886.0,1.059,0.615,0.16129,20.73,0
PX004380,1499,expired_card,wallet,education,10,1,2,29,16,560,1675.5,0.895,0.909,0.03448,4.72,1
PX004381,9999,insufficient_funds,wallet,education,11,2,1,27,25,391,9740.35,1.027,0.846,0.07407,36.98,1
PX004382,4999,suspicious_reversal,upi,saas,7,1,0,27,52,50,5137.94,0.973,0.875,0.03704,10.94,1
PX004383,9999,insufficient_funds,card,education,13,3,3,27,51,710,11938.99,0.838,0.812,0.11111,26.48,1
PX004384,4999,expired_card,netbanking,ecommerce,14,1,0,33,35,726,4305.46,1.161,0.933,0.0303,38.65,1
PX004385,19999,bank_timeout,netbanking,ecommerce,7,3,1,28,1,402,20025.69,0.999,0.7,0.10714,26.42,0
PX004386,4999,bank_timeout,wallet,ecommerce,7,2,3,10,32,288,6030.91,0.829,0.778,0.2,29.02,1
PX004387,9999,expired_card,upi,subscription,7,1,0,2,26,197,8691.21,1.15,0.875,0.5,35.43,0
PX004388,499,insufficient_funds,wallet,ecommerce,6,3,1,18,59,48,368.11,1.356,0.667,0.16667,25.24,0
PX004389,4999,insufficient_funds,card,saas,9,1,1,37,10,578,5739.6,0.871,0.9,0.02703,43.42,0
PX004390,19999,suspicious_reversal,wallet,education,6,3,2,51,6,430,16630.85,1.203,0.667,0.05882,14.46,0
PX004391,19999,bank_timeout,upi,education,11,2,0,31,16,572,13969.87,1.432,0.846,0.06452,22.97,1
PX004392,2499,mandate_expired,netbanking,ecommerce,8,3,0,32,19,658,1729.12,1.445,0.727,0.09375,21.49,1
PX004393,9999,bank_timeout,card,subscription,12,4,0,1,31,698,7705.8,1.298,0.75,4.0,5.52,0
PX004394,499,insufficient_funds,card,media,4,3,1,22,29,298,632.23,0.789,0.571,0.13636,7.38,1
PX004395,4999,insufficient_funds,upi,saas,5,3,3,22,56,101,6562.53,0.762,0.625,0.13636,6.17,0
PX004396,1999,suspicious_reversal,card,ecommerce,5,2,0,47,48,312,2085.32,0.959,0.714,0.04255,15.33,0
PX004397,1999,expired_card,upi,subscription,9,1,3,21,14,678,1880.88,1.063,0.9,0.04762,38.35,0
PX004398,499,insufficient_funds,wallet,education,5,2,3,52,8,558,305.26,1.635,0.714,0.03846,33.92,1
PX004399,19999,insufficient_funds,card,ecommerce,8,0,0,22,34,321,18588.16,1.076,1.0,0.0,28.37,1
PX004400,1999,expired_card,netbanking,education,10,3,2,53,60,497,1358.35,1.472,0.769,0.0566,20.81,1
PX004401,499,mandate_expired,card,saas,7,1,3,50,42,277,482.45,1.034,0.875,0.02,38.27,0
PX004402,499,expired_card,wallet,saas,9,0,0,28,12,66,539.95,0.924,1.0,0.0,27.28,0
PX004403,4999,suspicious_reversal,netbanking,ecommerce,9,0,1,42,13,136,3848.16,1.299,1.0,0.0,10.0,0
PX004404,4999,insufficient_funds,netbanking,education,11,2,2,39,48,117,6840.82,0.731,0.846,0.05128,35.86,1
PX004405,1499,bank_timeout,wallet,ecommerce,9,3,1,12,48,360,1624.0,0.923,0.75,0.25,8.22,0
PX004406,19999,suspicious_reversal,upi,subscription,14,3,2,25,30,259,26011.91,0.769,0.824,0.12,16.24,0
PX004407,1499,suspicious_reversal,upi,media,12,2,1,49,59,726,1146.08,1.308,0.857,0.04082,37.97,0
PX004408,4999,expired_card,upi,saas,9,1,1,27,24,487,4636.52,1.078,0.9,0.03704,3.59,0
PX004409,2499,insufficient_funds,wallet,media,11,4,3,41,6,103,2054.21,1.217,0.733,0.09756,29.33,0
PX004410,1499,bank_timeout,upi,saas,7,1,1,54,37,121,986.63,1.519,0.875,0.01852,38.31,0
PX004411,19999,insufficient_funds,card,media,5,3,3,12,47,450,21867.68,0.915,0.625,0.25,7.41,0
PX004412,19999,insufficient_funds,card,subscription,7,2,3,59,12,85,12090.79,1.654,0.778,0.0339,26.3,1
PX004413,19999,expired_card,wallet,education,6,3,3,59,24,407,15393.0,1.299,0.667,0.05085,10.16,0
PX004414,9999,bank_timeout,upi,subscription,9,2,1,44,34,672,8756.08,1.142,0.818,0.04545,32.76,1
PX004415,1999,expired_card,upi,saas,3,4,1,8,60,131,2717.0,0.736,0.429,0.5,30.46,0
PX004416,4999,suspicious_reversal,card,saas,4,0,3,58,11,433,6575.72,0.76,1.0,0.0,8.55,0
PX004417,2499,expired_card,wallet,ecommerce,7,1,0,16,42,135,1992.01,1.255,0.875,0.0625,33.93,0
PX004418,499,expired_card,upi,saas,8,1,0,20,26,202,533.44,0.935,0.889,0.05,40.93,0
PX004419,999,bank_timeout,wallet,subscription,4,2,1,56,33,23,869.86,1.148,0.667,0.03571,16.91,1
PX004420,499,suspicious_reversal,upi,media,8,4,0,14,7,184,433.4,1.151,0.667,0.28571,24.75,0
PX004421,1999,insufficient_funds,netbanking,ecommerce,6,2,1,23,11,361,2037.3,0.981,0.75,0.08696,13.92,1
PX004422,499,bank_timeout,netbanking,ecommerce,5,1,0,12,41,511,354.41,1.408,0.833,0.08333,36.38,1
PX004423,1999,mandate_expired,netbanking,media,7,2,3,8,34,367,2399.01,0.833,0.778,0.25,15.48,0
PX004424,499,insufficient_funds,wallet,education,5,0,1,16,52,431,401.38,1.243,1.0,0.0,46.51,1
PX004425,499,expired_card,netbanking,ecommerce,6,5,3,6,14,5,308.55,1.617,0.545,0.83333,35.1,0
PX004426,1499,expired_card,upi,subscription,11,1,2,28,27,4,1642.03,0.913,0.917,0.03571,7.7,1
PX004427,9999,bank_timeout,card,saas,4,1,0,16,59,161,8823.35,1.133,0.8,0.0625,36.97,1
PX004428,1499,insufficient_funds,card,education,9,3,1,29,60,266,1007.83,1.487,0.75,0.10345,40.33,1
PX004429,2499,mandate_expired,wallet,media,6,2,0,18,15,256,2746.25,0.91,0.75,0.11111,30.83,0
PX004430,19999,expired_card,upi,education,8,3,3,5,23,386,26070.71,0.767,0.727,0.6,10.94,1
PX004431,999,mandate_expired,card,media,14,1,0,15,28,81,1062.72,0.94,0.933,0.06667,12.19,0
PX004432,9999,expired_card,upi,saas,1,1,2,29,40,421,9730.08,1.028,0.5,0.03448,26.04,0
PX004433,19999,expired_card,upi,subscription,9,5,1,3,7,639,21987.31,0.91,0.643,1.66667,26.38,0
PX004434,19999,insufficient_funds,netbanking,subscription,15,1,3,46,47,389,19263.48,1.038,0.938,0.02174,0.56,1
PX004435,999,bank_timeout,card,education,11,0,2,48,35,482,962.32,1.038,1.0,0.0,30.6,0
PX004436,2499,insufficient_funds,card,saas,6,0,2,2,51,717,3015.12,0.829,1.0,0.0,26.05,1
PX004437,999,expired_card,wallet,media,9,2,0,31,58,210,988.1,1.011,0.818,0.06452,46.09,0
PX004438,19999,bank_timeout,card,media,11,1,1,8,49,384,19247.93,1.039,0.917,0.125,22.08,1
PX004439,9999,insufficient_funds,wallet,subscription,7,2,1,3,16,9,13832.28,0.723,0.778,0.66667,37.6,1
PX004440,4999,insufficient_funds,wallet,education,10,5,0,41,52,592,4746.0,1.053,0.667,0.12195,15.2,1
PX004441,2499,expired_card,netbanking,media,8,6,1,12,42,260,1840.64,1.358,0.571,0.5,20.17,0
PX004442,2499,suspicious_reversal,upi,education,12,2,2,7,60,388,2757.09,0.906,0.857,0.28571,0.58,1
PX004443,999,bank_timeout,wallet,education,9,3,1,22,3,571,829.14,1.205,0.75,0.13636,41.29,1
PX004444,2499,mandate_expired,card,education,4,3,1,14,40,267,1508.18,1.657,0.571,0.21429,25.41,0
PX004445,4999,expired_card,wallet,saas,15,4,2,41,37,494,5200.1,0.961,0.789,0.09756,43.57,0
PX004446,1499,bank_timeout,wallet,education,7,1,2,28,40,579,927.69,1.616,0.875,0.03571,13.0,0
PX004447,19999,insufficient_funds,wallet,ecommerce,10,1,1,11,16,381,26953.71,0.742,0.909,0.09091,0.69,1
PX004448,1999,expired_card,card,saas,5,0,1,42,11,107,1694.89,1.179,1.0,0.0,21.65,0
PX004449,999,bank_timeout,netbanking,saas,11,0,1,24,7,585,605.65,1.649,1.0,0.0,0.51,1
PX004450,2499,bank_timeout,upi,education,6,5,3,4,14,380,1703.13,1.467,0.545,1.25,37.5,1
PX004451,1999,bank_timeout,wallet,education,6,3,2,50,8,34,1530.36,1.306,0.667,0.06,42.68,1
PX004452,4999,insufficient_funds,wallet,subscription,6,2,3,52,8,181,6646.36,0.752,0.75,0.03846,11.33,1
PX004453,999,mandate_expired,card,ecommerce,3,2,3,38,41,641,960.12,1.04,0.6,0.05263,20.73,0
PX004454,9999,bank_timeout,wallet,ecommerce,11,3,1,44,17,172,8550.78,1.169,0.786,0.06818,17.24,0
PX004455,499,expired_card,card,saas,13,1,2,7,30,326,628.28,0.794,0.929,0.14286,32.26,0
PX004456,1999,bank_timeout,upi,media,6,2,1,42,31,503,1588.36,1.259,0.75,0.04762,7.39,1
PX004457,999,insufficient_funds,card,education,10,0,1,41,12,114,724.93,1.378,1.0,0.0,5.46,0
PX004458,2499,mandate_expired,card,media,5,2,2,51,49,409,2484.23,1.006,0.714,0.03922,40.45,0
PX004459,19999,expired_card,netbanking,media,20,4,3,29,55,353,15123.09,1.322,0.833,0.13793,30.81,0
PX004460,499,suspicious_reversal,upi,education,11,2,2,5,28,196,457.85,1.09,0.846,0.4,3.14,0
PX004461,999,mandate_expired,netbanking,media,9,2,0,8,48,626,909.87,1.098,0.818,0.25,9.15,0
PX004462,9999,suspicious_reversal,card,education,11,1,3,37,13,172,6105.59,1.638,0.917,0.02703,36.69,0
PX004463,1999,expired_card,wallet,education,3,3,3,47,53,136,2442.13,0.819,0.5,0.06383,12.1,0
PX004464,1999,insufficient_funds,upi,ecommerce,8,2,1,53,56,517,1362.35,1.467,0.8,0.03774,10.12,1
PX004465,19999,suspicious_reversal,card,ecommerce,12,4,2,46,47,583,14239.29,1.404,0.75,0.08696,15.0,0
PX004466,499,expired_card,card,subscription,7,1,1,2,28,508,365.53,1.365,0.875,0.5,28.16,0
PX004467,999,suspicious_reversal,netbanking,saas,7,3,1,2,60,569,1187.1,0.842,0.7,1.5,7.67,1
PX004468,1999,expired_card,card,subscription,8,1,0,31,21,162,2450.61,0.816,0.889,0.03226,41.02,0
PX004469,19999,insufficient_funds,wallet,media,9,3,0,34,11,24,23870.86,0.838,0.75,0.08824,32.06,1
PX004470,19999,insufficient_funds,netbanking,education,8,0,0,32,27,444,25083.34,0.797,1.0,0.0,36.98,1
PX004471,1999,expired_card,upi,saas,9,1,0,3,31,322,2049.46,0.975,0.9,0.33333,3.81,1
PX004472,999,suspicious_reversal,upi,saas,10,4,0,43,16,564,1054.8,0.947,0.714,0.09302,29.68,1
PX004473,1999,mandate_expired,upi,media,6,2,1,9,19,228,2502.88,0.799,0.75,0.22222,8.36,1
PX004474,499,bank_timeout,upi,media,7,1,3,44,6,195,517.22,0.965,0.875,0.02273,0.86,1
PX004475,1999,bank_timeout,upi,media,5,1,3,34,14,604,1862.62,1.073,0.833,0.02941,2.88,1
PX004476,9999,suspicious_reversal,card,media,7,2,1,11,34,326,13724.39,0.729,0.778,0.18182,45.99,0
PX004477,2499,expired_card,upi,education,12,0,1,53,1,379,3271.07,0.764,1.0,0.0,2.19,0
PX004478,499,bank_timeout,card,subscription,7,1,3,11,29,588,663.75,0.752,0.875,0.09091,2.3,0
PX004479,499,mandate_expired,card,education,9,1,3,11,43,727,674.77,0.74,0.9,0.09091,29.09,0
PX004480,1499,mandate_expired,netbanking,saas,6,4,2,54,35,159,1040.26,1.441,0.6,0.07407,13.13,0
PX004481,2499,bank_timeout,wallet,subscription,9,2,2,50,57,533,2593.39,0.964,0.818,0.04,34.18,1
PX004482,4999,expired_card,netbanking,subscription,10,2,1,44,44,277,3131.34,1.596,0.833,0.04545,32.63,1
PX004483,499,mandate_expired,wallet,media,4,0,3,18,43,620,316.57,1.576,1.0,0.0,30.58,0
PX004484,2499,insufficient_funds,upi,saas,7,1,1,27,48,51,2349.74,1.064,0.875,0.03704,9.58,0
PX004485,2499,insufficient_funds,card,education,10,1,3,11,53,39,1945.1,1.285,0.909,0.09091,43.58,1
PX004486,4999,insufficient_funds,wallet,media,8,1,3,59,49,540,6754.8,0.74,0.889,0.01695,35.29,0
PX004487,1499,bank_timeout,wallet,media,8,3,3,60,3,523,1678.65,0.893,0.727,0.05,23.96,1
PX004488,499,bank_timeout,netbanking,education,11,0,2,39,41,577,549.97,0.907,1.0,0.0,9.17,1
PX004489,4999,mandate_expired,netbanking,media,7,2,1,47,15,335,3276.35,1.526,0.778,0.04255,45.16,1
PX004490,1999,bank_timeout,upi,saas,7,4,0,8,19,495,1518.77,1.316,0.636,0.5,47.04,1
PX004491,4999,expired_card,card,education,7,1,1,1,49,51,6858.51,0.729,0.875,1.0,34.67,1
PX004492,1499,bank_timeout,card,saas,8,3,1,42,34,333,934.75,1.604,0.727,0.07143,2.95,1
PX004493,19999,expired_card,netbanking,media,7,2,2,38,25,411,23854.44,0.838,0.778,0.05263,40.98,1
PX004494,1999,expired_card,card,ecommerce,9,5,0,37,33,440,1566.42,1.276,0.643,0.13514,46.2,0
PX004495,19999,insufficient_funds,card,media,3,0,3,57,20,626,22891.75,0.874,1.0,0.0,18.89,0
PX004496,2499,mandate_expired,wallet,media,1,3,1,6,1,412,2621.75,0.953,0.25,0.5,1.99,0
PX004497,499,expired_card,upi,saas,7,2,3,41,32,408,459.79,1.085,0.778,0.04878,4.82,0
PX004498,4999,suspicious_reversal,upi,media,11,2,1,17,26,89,3734.69,1.339,0.846,0.11765,16.3,1
PX004499,499,suspicious_reversal,wallet,saas,8,0,1,16,1,79,505.84,0.986,1.0,0.0,16.57,0
PX004500,1999,mandate_expired,upi,ecommerce,12,2,0,41,7,320,2766.39,0.723,0.857,0.04878,20.19,0
PX004501,999,bank_timeout,netbanking,saas,10,4,0,29,56,490,606.07,1.648,0.714,0.13793,14.77,1
PX004502,1999,insufficient_funds,card,education,8,1,1,15,12,603,2029.49,0.985,0.889,0.06667,39.19,1
PX004503,1999,suspicious_reversal,netbanking,saas,11,2,0,49,47,709,2019.58,0.99,0.846,0.04082,46.38,1
PX004504,19999,mandate_expired,card,media,7,3,2,47,42,446,14082.11,1.42,0.7,0.06383,21.5,1
PX004505,1999,expired_card,upi,saas,9,4,1,53,38,555,1798.78,1.111,0.692,0.07547,21.76,0
PX004506,2499,suspicious_reversal,wallet,media,8,2,2,30,56,64,3015.12,0.829,0.8,0.06667,38.97,0
PX004507,1999,expired_card,wallet,media,9,2,2,53,49,291,2579.07,0.775,0.818,0.03774,4.49,0
PX004508,4999,suspicious_reversal,wallet,ecommerce,4,0,1,40,22,596,3134.98,1.595,1.0,0.0,12.57,0
PX004509,4999,insufficient_funds,upi,education,5,2,2,17,47,539,4059.44,1.231,0.714,0.11765,27.45,1
PX004510,499,suspicious_reversal,netbanking,media,8,1,3,51,7,322,627.48,0.795,0.889,0.01961,16.38,0
PX004511,1999,insufficient_funds,card,subscription,4,1,0,47,23,504,2427.09,0.824,0.8,0.02128,37.4,1
PX004512,4999,insufficient_funds,upi,media,7,4,1,22,30,38,5286.57,0.946,0.636,0.18182,4.68,1
PX004513,9999,expired_card,netbanking,subscription,12,3,2,18,13,188,13154.23,0.76,0.8,0.16667,6.37,0
PX004514,19999,bank_timeout,netbanking,media,6,5,0,60,56,291,27547.27,0.726,0.545,0.08333,11.58,1
PX004515,499,mandate_expired,upi,ecommerce,8,0,0,1,47,584,404.92,1.232,1.0,0.0,43.2,1
PX004516,9999,expired_card,card,ecommerce,7,2,1,22,47,45,8354.23,1.197,0.778,0.09091,12.93,0
PX004517,999,mandate_expired,card,media,5,3,0,22,24,376,1039.96,0.961,0.625,0.13636,39.39,0
PX004518,1499,insufficient_funds,upi,media,12,4,3,45,51,288,1519.69,0.986,0.75,0.08889,35.65,0
PX004519,9999,suspicious_reversal,netbanking,ecommerce,6,2,1,36,58,725,6882.1,1.453,0.75,0.05556,11.75,0
PX004520,1499,bank_timeout,card,media,9,2,0,2,15,600,1104.6,1.357,0.818,1.0,23.24,1
PX004521,9999,mandate_expired,wallet,media,6,2,1,12,22,600,12939.03,0.773,0.75,0.16667,1.95,0
PX004522,1499,expired_card,wallet,ecommerce,5,4,3,56,41,408,1231.48,1.217,0.556,0.07143,34.83,0
PX004523,2499,suspicious_reversal,card,saas,4,3,2,25,51,283,2841.13,0.88,0.571,0.12,22.92,0
PX004524,19999,expired_card,card,education,8,2,3,24,56,127,20965.01,0.954,0.8,0.08333,18.55,1
PX004525,2499,suspicious_reversal,card,saas,13,3,2,34,13,710,2938.06,0.851,0.812,0.08824,16.26,1
PX004526,1999,suspicious_reversal,wallet,education,7,0,3,21,56,416,2638.56,0.758,1.0,0.0,47.3,1
PX004527,19999,insufficient_funds,netbanking,subscription,10,1,0,41,37,410,14895.01,1.343,0.909,0.02439,25.48,0
PX004528,19999,suspicious_reversal,netbanking,education,10,7,1,30,25,94,15297.24,1.307,0.588,0.23333,28.38,0
PX004529,9999,bank_timeout,upi,ecommerce,7,4,3,11,32,480,11465.53,0.872,0.636,0.36364,20.02,0
PX004530,999,suspicious_reversal,card,subscription,11,0,3,25,40,110,1099.2,0.909,1.0,0.0,43.51,0
PX004531,9999,mandate_expired,card,saas,7,1,3,42,32,108,12484.33,0.801,0.875,0.02381,14.84,0
PX004532,19999,bank_timeout,upi,subscription,8,5,3,57,47,684,18905.66,1.058,0.615,0.08772,28.84,0
PX004533,499,expired_card,wallet,media,13,3,3,29,30,209,698.32,0.715,0.812,0.10345,33.36,1
PX004534,1499,bank_timeout,wallet,saas,4,3,3,32,60,73,1859.66,0.806,0.571,0.09375,25.53,1
PX004535,499,mandate_expired,wallet,subscription,8,3,2,40,15,316,593.28,0.841,0.727,0.075,26.9,0
PX004536,4999,suspicious_reversal,upi,saas,6,4,3,27,56,1,5736.91,0.871,0.6,0.14815,18.51,0
PX004537,9999,insufficient_funds,upi,subscription,6,0,0,45,20,371,9335.91,1.071,1.0,0.0,34.07,0
PX004538,1499,insufficient_funds,netbanking,education,12,1,3,53,51,684,1824.74,0.821,0.923,0.01887,7.71,1
PX004539,2499,bank_timeout,upi,media,7,3,1,23,18,206,2482.64,1.007,0.7,0.13043,12.53,1
PX004540,499,suspicious_reversal,upi,saas,13,2,0,19,49,291,655.9,0.761,0.867,0.10526,43.59,0
PX004541,4999,bank_timeout,netbanking,subscription,4,1,0,33,46,28,6316.2,0.791,0.8,0.0303,29.82,1
PX004542,2499,suspicious_reversal,card,education,8,3,3,25,46,636,2915.84,0.857,0.727,0.12,13.96,0
PX004543,19999,bank_timeout,netbanking,education,7,0,3,7,1,30,21106.97,0.948,1.0,0.0,12.56,0
PX004544,999,expired_card,netbanking,education,9,2,1,37,15,60,737.37,1.355,0.818,0.05405,1.18,0
PX004545,4999,expired_card,wallet,education,8,0,1,41,40,190,4447.74,1.124,1.0,0.0,4.49,0
PX004546,4999,bank_timeout,wallet,saas,9,2,3,41,56,271,3217.6,1.554,0.818,0.04878,45.93,1
PX004547,999,bank_timeout,upi,ecommerce,8,0,0,18,30,33,771.58,1.295,1.0,0.0,40.41,1
PX004548,4999,bank_timeout,card,media,5,4,2,32,41,473,4885.8,1.023,0.556,0.125,9.71,1
PX004549,1499,bank_timeout,upi,ecommerce,12,1,3,5,41,8,1394.63,1.075,0.923,0.2,22.37,0
PX004550,2499,suspicious_reversal,upi,ecommerce,6,2,0,55,1,648,2311.91,1.081,0.75,0.03636,18.39,0
PX004551,1999,expired_card,upi,subscription,8,1,1,25,24,447,1313.49,1.522,0.889,0.04,15.12,1
PX004552,1499,mandate_expired,upi,subscription,7,1,2,12,17,597,968.91,1.547,0.875,0.08333,23.03,0
PX004553,4999,bank_timeout,card,saas,10,1,0,31,21,418,5504.34,0.908,0.909,0.03226,6.42,1
PX004554,999,bank_timeout,netbanking,media,15,3,2,43,59,112,814.95,1.226,0.833,0.06977,21.19,0
PX004555,999,bank_timeout,card,subscription,6,3,3,47,46,110,758.67,1.317,0.667,0.06383,35.81,0
PX004556,499,insufficient_funds,netbanking,saas,10,1,1,32,5,705,340.49,1.466,0.909,0.03125,10.73,1
PX004557,499,insufficient_funds,card,saas,4,3,1,12,55,481,655.35,0.761,0.571,0.25,26.0,1
PX004558,2499,expired_card,wallet,education,5,3,2,32,40,559,2370.33,1.054,0.625,0.09375,11.23,0
PX004559,1499,bank_timeout,netbanking,subscription,12,1,0,8,37,476,1395.77,1.074,0.923,0.125,12.05,1
PX004560,999,mandate_expired,card,ecommerce,17,3,2,51,11,640,816.55,1.223,0.85,0.05882,46.51,0
PX004561,1499,expired_card,wallet,subscription,5,2,2,13,31,242,1280.04,1.171,0.714,0.15385,44.43,0
PX004562,2499,insufficient_funds,wallet,media,12,2,3,4,11,111,2091.42,1.195,0.857,0.5,5.18,1
PX004563,9999,insufficient_funds,wallet,media,3,2,2,7,58,79,12033.25,0.831,0.6,0.28571,4.6,0
PX004564,2499,insufficient_funds,upi,saas,8,4,2,22,42,277,2181.95,1.145,0.667,0.18182,36.51,1
PX004565,499,insufficient_funds,netbanking,media,12,0,2,53,42,194,338.67,1.473,1.0,0.0,43.61,1
PX004566,1999,suspicious_reversal,card,media,11,3,1,52,13,658,1421.09,1.407,0.786,0.05769,23.32,0
PX004567,999,suspicious_reversal,upi,media,14,2,2,19,31,528,1346.17,0.742,0.875,0.10526,9.81,0
PX004568,19999,mandate_expired,netbanking,ecommerce,7,0,1,48,2,333,18289.45,1.093,1.0,0.0,26.8,0
PX004569,1499,suspicious_reversal,netbanking,subscription,4,2,1,37,30,609,1311.88,1.143,0.667,0.05405,29.41,1
PX004570,19999,suspicious_reversal,upi,education,3,1,0,27,29,115,19100.94,1.047,0.75,0.03704,25.01,1
PX004571,9999,bank_timeout,upi,education,5,2,3,28,8,263,9062.35,1.103,0.714,0.07143,0.61,1
PX004572,9999,bank_timeout,upi,saas,7,1,0,33,50,31,9719.83,1.029,0.875,0.0303,43.3,1
PX004573,999,mandate_expired,netbanking,subscription,7,0,2,40,18,375,1025.64,0.974,1.0,0.0,8.82,1
PX004574,9999,suspicious_reversal,wallet,education,10,3,1,60,21,511,7786.49,1.284,0.769,0.05,4.64,0
PX004575,499,insufficient_funds,netbanking,ecommerce,12,2,1,23,29,592,472.19,1.057,0.857,0.08696,25.23,1
PX004576,499,suspicious_reversal,netbanking,subscription,6,2,3,50,34,4,325.17,1.535,0.75,0.04,40.44,0
PX004577,19999,mandate_expired,wallet,media,5,1,1,15,46,246,21366.64,0.936,0.833,0.06667,42.56,0
PX004578,9999,mandate_expired,netbanking,subscription,9,1,2,5,27,3,8537.95,1.171,0.9,0.2,1.91,0
PX004579,19999,mandate_expired,wallet,education,6,4,2,22,52,104,23931.85,0.836,0.6,0.18182,36.16,0
PX004580,4999,bank_timeout,wallet,subscription,8,2,3,24,56,368,6219.06,0.804,0.8,0.08333,23.63,1
PX004581,9999,mandate_expired,netbanking,saas,8,4,2,23,1,254,13366.83,0.748,0.667,0.17391,15.96,1
PX004582,499,suspicious_reversal,card,media,9,3,0,58,8,323,496.65,1.005,0.75,0.05172,24.02,1
PX004583,19999,mandate_expired,card,saas,8,0,3,44,23,601,24589.44,0.813,1.0,0.0,0.73,0
PX004584,999,suspicious_reversal,card,media,11,2,2,50,24,448,632.59,1.579,0.846,0.04,20.66,0
PX004585,999,expired_card,card,media,13,5,1,57,24,28,1115.81,0.895,0.722,0.08772,46.95,1
PX004586,9999,expired_card,wallet,saas,8,1,3,7,10,619,9557.73,1.046,0.889,0.14286,38.22,0
PX004587,19999,insufficient_funds,card,ecommerce,8,3,2,31,38,586,16294.11,1.227,0.727,0.09677,11.74,1
PX004588,19999,mandate_expired,wallet,media,5,2,1,3,36,7,18153.77,1.102,0.714,0.66667,2.5,1
PX004589,2499,insufficient_funds,card,saas,9,0,3,21,33,714,2487.51,1.005,1.0,0.0,15.43,0
PX004590,1999,bank_timeout,wallet,media,8,4,2,59,58,339,2572.32,0.777,0.667,0.0678,1.98,1
PX004591,499,bank_timeout,card,ecommerce,10,2,3,39,45,588,564.74,0.884,0.833,0.05128,23.03,1
PX004592,499,mandate_expired,netbanking,education,7,1,0,11,28,189,684.65,0.729,0.875,0.09091,11.03,1
PX004593,1499,suspicious_reversal,upi,subscription,7,0,3,9,49,594,1801.92,0.832,1.0,0.0,10.04,0
PX004594,19999,suspicious_reversal,card,saas,11,1,3,22,12,415,14006.01,1.428,0.917,0.04545,24.45,0
PX004595,4999,bank_timeout,netbanking,saas,9,0,2,43,34,483,3914.95,1.277,1.0,0.0,36.49,1
PX004596,1499,mandate_expired,upi,ecommerce,7,2,3,25,7,240,1690.45,0.887,0.778,0.08,44.99,0
PX004597,4999,suspicious_reversal,card,ecommerce,7,3,3,29,10,304,6123.61,0.816,0.7,0.10345,4.93,0
PX004598,19999,suspicious_reversal,upi,ecommerce,9,1,3,51,24,651,22403.41,0.893,0.9,0.01961,12.01,0
PX004599,4999,insufficient_funds,upi,ecommerce,8,2,1,6,48,302,3610.23,1.385,0.8,0.33333,4.21,1
PX004600,4999,expired_card,wallet,subscription,9,2,2,36,40,157,4049.85,1.234,0.818,0.05556,1.82,1
PX004601,9999,expired_card,card,ecommerce,9,2,0,30,28,43,11517.12,0.868,0.818,0.06667,3.89,1
PX004602,1499,bank_timeout,card,media,6,3,3,19,41,405,1607.46,0.933,0.667,0.15789,38.61,1
PX004603,2499,expired_card,card,saas,7,2,3,4,53,3,1616.56,1.546,0.778,0.5,11.24,0
PX004604,499,mandate_expired,wallet,subscription,4,0,0,4,15,602,306.39,1.629,1.0,0.0,13.9,1
PX004605,4999,suspicious_reversal,netbanking,education,7,3,1,54,27,236,5855.94,0.854,0.7,0.05556,16.52,0
PX004606,2499,mandate_expired,upi,saas,10,3,1,48,5,669,2899.62,0.862,0.769,0.0625,18.47,0
PX004607,999,suspicious_reversal,netbanking,subscription,7,3,2,6,49,399,1100.2,0.908,0.7,0.5,44.86,0
PX004608,9999,expired_card,card,education,7,0,3,42,21,389,12997.32,0.769,1.0,0.0,5.87,0
PX004609,1499,mandate_expired,wallet,education,7,0,1,24,30,231,2015.09,0.744,1.0,0.0,29.09,0
PX004610,1499,mandate_expired,card,education,8,1,1,25,27,29,1698.91,0.882,0.889,0.04,32.99,1
PX004611,999,bank_timeout,netbanking,ecommerce,5,2,1,48,50,44,877.98,1.138,0.714,0.04167,36.94,1
PX004612,499,expired_card,netbanking,ecommerce,6,3,0,33,2,657,683.74,0.73,0.667,0.09091,29.01,1
PX004613,1499,suspicious_reversal,netbanking,ecommerce,5,3,3,17,47,427,965.35,1.553,0.625,0.17647,17.32,0
PX004614,1999,mandate_expired,wallet,media,4,2,3,26,42,322,1672.63,1.195,0.667,0.07692,20.48,0
PX004615,2499,suspicious_reversal,upi,saas,6,2,2,36,24,552,2935.77,0.851,0.75,0.05556,13.21,0
PX004616,4999,expired_card,wallet,media,4,2,1,1,8,183,6342.59,0.788,0.667,2.0,34.67,1
PX004617,999,suspicious_reversal,card,education,6,0,2,12,31,312,1253.01,0.797,1.0,0.0,32.39,0
PX004618,1499,bank_timeout,card,subscription,4,0,1,11,60,460,1071.82,1.399,1.0,0.0,2.48,1
PX004619,4999,bank_timeout,wallet,ecommerce,7,0,3,20,31,94,3999.45,1.25,1.0,0.0,3.71,1
PX004620,2499,insufficient_funds,wallet,media,14,3,0,4,47,652,2328.92,1.073,0.824,0.75,11.43,1
PX004621,499,bank_timeout,upi,subscription,8,6,1,23,9,62,630.94,0.791,0.571,0.26087,22.61,1
PX004622,999,mandate_expired,netbanking,saas,7,5,1,8,13,35,773.37,1.292,0.583,0.625,31.15,0
PX004623,499,expired_card,wallet,media,4,2,0,56,60,702,627.36,0.795,0.667,0.03571,22.88,0
PX004624,9999,bank_timeout,upi,media,4,1,1,15,31,708,6967.76,1.435,0.8,0.06667,22.14,1
PX004625,4999,expired_card,wallet,education,13,2,1,36,18,394,3262.68,1.532,0.867,0.05556,27.1,0
PX004626,19999,mandate_expired,upi,saas,10,2,1,11,34,469,15398.68,1.299,0.833,0.18182,8.74,0
PX004627,1499,mandate_expired,wallet,ecommerce,6,3,2,34,54,536,1936.76,0.774,0.667,0.08824,4.66,0
PX004628,1999,bank_timeout,upi,media,8,0,0,11,42,701,2224.65,0.899,1.0,0.0,29.69,1
PX004629,999,mandate_expired,netbanking,ecommerce,3,5,1,45,49,293,1172.78,0.852,0.375,0.11111,41.69,0
PX004630,19999,expired_card,netbanking,media,6,1,3,3,43,109,15667.4,1.276,0.857,0.33333,41.51,0
PX004631,9999,bank_timeout,card,media,7,2,1,11,57,687,8113.08,1.232,0.778,0.18182,39.43,1
PX004632,1499,mandate_expired,netbanking,education,8,2,1,55,23,81,1434.85,1.045,0.8,0.03636,34.39,0
PX004633,999,expired_card,netbanking,media,8,2,0,29,54,633,819.47,1.219,0.8,0.06897,23.62,1
PX004634,4999,expired_card,wallet,saas,4,0,2,6,57,104,4496.49,1.112,1.0,0.0,7.29,0
PX004635,1999,insufficient_funds,wallet,media,6,1,2,23,10,718,1784.8,1.12,0.857,0.04348,27.83,1
PX004636,9999,insufficient_funds,card,subscription,11,3,1,51,59,20,12278.29,0.814,0.786,0.05882,29.21,1
PX004637,999,mandate_expired,netbanking,education,5,2,1,9,7,586,794.07,1.258,0.714,0.22222,22.24,0
PX004638,499,suspicious_reversal,wallet,education,11,5,1,48,11,713,487.99,1.023,0.688,0.10417,19.79,0
PX004639,4999,insufficient_funds,card,subscription,4,2,1,13,43,539,6930.9,0.721,0.667,0.15385,32.06,1
PX004640,1499,insufficient_funds,netbanking,education,7,0,0,33,19,506,1228.17,1.221,1.0,0.0,28.38,1
PX004641,1999,suspicious_reversal,netbanking,saas,12,1,3,31,51,633,1367.0,1.462,0.923,0.03226,39.99,0
PX004642,2499,mandate_expired,netbanking,ecommerce,4,3,2,19,23,444,1796.75,1.391,0.571,0.15789,24.27,1
PX004643,4999,expired_card,wallet,ecommerce,9,2,0,3,16,181,6054.9,0.826,0.818,0.66667,47.96,1
PX004644,4999,insufficient_funds,wallet,media,8,3,3,12,50,176,5923.0,0.844,0.727,0.25,9.28,1
PX004645,9999,suspicious_reversal,card,education,8,1,0,59,52,369,7294.47,1.371,0.889,0.01695,11.6,1
PX004646,19999,mandate_expired,upi,saas,7,1,2,20,41,158,22635.05,0.884,0.875,0.05,22.56,1
PX004647,1499,mandate_expired,card,education,7,4,2,22,13,548,1460.16,1.027,0.636,0.18182,22.87,1
PX004648,1499,suspicious_reversal,card,ecommerce,13,2,3,36,12,493,1195.84,1.254,0.867,0.05556,32.15,0
PX004649,9999,mandate_expired,wallet,ecommerce,4,3,0,35,14,712,8327.27,1.201,0.571,0.08571,46.07,0
PX004650,19999,mandate_expired,wallet,media,7,2,2,17,15,546,17812.44,1.123,0.778,0.11765,29.14,0
PX004651,1999,insufficient_funds,netbanking,subscription,6,5,1,41,14,81,2378.84,0.84,0.545,0.12195,13.74,0
PX004652,1999,mandate_expired,wallet,ecommerce,12,2,3,19,41,721,1432.06,1.396,0.857,0.10526,36.71,0
PX004653,499,suspicious_reversal,upi,media,7,0,3,23,30,305,402.83,1.239,1.0,0.0,39.46,0
PX004654,9999,insufficient_funds,netbanking,saas,5,1,3,22,9,70,8782.68,1.138,0.833,0.04545,5.64,1
PX004655,2499,expired_card,netbanking,saas,14,1,0,11,9,268,2396.17,1.043,0.933,0.09091,32.38,1
PX004656,19999,bank_timeout,netbanking,subscription,10,1,2,56,26,680,16574.8,1.207,0.909,0.01786,3.18,1
PX004657,999,insufficient_funds,netbanking,education,7,5,2,18,44,511,1186.12,0.842,0.583,0.27778,12.45,0
PX004658,19999,bank_timeout,netbanking,ecommerce,8,3,2,20,14,4,24932.26,0.802,0.727,0.15,47.95,1
PX004659,999,expired_card,card,media,8,1,3,28,21,233,1111.47,0.899,0.889,0.03571,22.58,1
PX004660,4999,expired_card,wallet,ecommerce,8,5,0,43,16,509,3344.75,1.495,0.615,0.11628,16.47,1
PX004661,1999,expired_card,card,saas,7,0,3,13,43,281,1254.33,1.594,1.0,0.0,24.54,1
PX004662,19999,mandate_expired,upi,subscription,9,2,3,50,32,17,21060.12,0.95,0.818,0.04,5.94,1
PX004663,9999,insufficient_funds,netbanking,subscription,12,1,2,51,13,211,6929.4,1.443,0.923,0.01961,37.31,0
PX004664,499,expired_card,netbanking,ecommerce,9,1,0,2,22,646,671.39,0.743,0.9,0.5,5.28,1
PX004665,2499,expired_card,wallet,education,6,5,2,17,46,628,2679.9,0.932,0.545,0.29412,21.74,0
PX004666,499,insufficient_funds,netbanking,media,6,0,3,50,9,296,580.38,0.86,1.0,0.0,28.65,0
PX004667,19999,mandate_expired,wallet,education,8,2,0,5,21,405,14916.1,1.341,0.8,0.4,30.38,0
PX004668,9999,mandate_expired,netbanking,media,10,3,2,4,56,236,11343.59,0.881,0.769,0.75,18.3,0
PX004669,1499,bank_timeout,upi,education,6,2,0,18,35,573,1810.58,0.828,0.75,0.11111,19.26,1
PX004670,999,expired_card,netbanking,ecommerce,9,2,0,60,7,344,904.04,1.105,0.818,0.03333,32.9,0
PX004671,999,insufficient_funds,upi,media,10,4,1,32,21,699,872.43,1.145,0.714,0.125,23.97,1
PX004672,4999,expired_card,upi,subscription,5,2,1,6,8,120,5461.81,0.915,0.714,0.33333,47.7,0
PX004673,4999,bank_timeout,netbanking,saas,11,2,1,3,39,591,5570.78,0.897,0.846,0.66667,30.19,1
PX004674,499,bank_timeout,netbanking,saas,6,2,0,42,44,2,606.43,0.823,0.75,0.04762,42.62,1
PX004675,4999,insufficient_funds,wallet,media,7,1,1,59,3,211,6774.83,0.738,0.875,0.01695,19.66,1
PX004676,9999,expired_card,wallet,saas,9,2,1,26,57,490,10597.17,0.944,0.818,0.07692,19.82,1
PX004677,4999,bank_timeout,netbanking,education,3,2,3,10,27,706,3055.31,1.636,0.6,0.2,6.95,0
PX004678,2499,suspicious_reversal,upi,subscription,4,1,1,42,22,604,1544.04,1.618,0.8,0.02381,35.87,0
PX004679,999,mandate_expired,netbanking,subscription,11,1,2,40,18,471,1381.42,0.723,0.917,0.025,32.0,1
PX004680,19999,mandate_expired,netbanking,subscription,8,5,2,53,31,150,19491.43,1.026,0.615,0.09434,31.79,0
PX004681,9999,suspicious_reversal,wallet,ecommerce,9,1,3,26,40,615,10089.75,0.991,0.9,0.03846,43.22,0
PX004682,4999,mandate_expired,wallet,ecommerce,10,4,0,5,48,246,6724.91,0.743,0.714,0.8,27.0,0
PX004683,1499,bank_timeout,wallet,subscription,7,2,0,50,46,659,1051.3,1.426,0.778,0.04,45.69,1
PX004684,2499,bank_timeout,upi,ecommerce,8,2,1,46,21,428,3309.37,0.755,0.8,0.04348,30.2,1
PX004685,19999,insufficient_funds,wallet,education,4,2,2,10,35,221,19254.56,1.039,0.667,0.2,28.99,0
PX004686,19999,expired_card,netbanking,saas,11,3,3,28,31,96,13445.45,1.487,0.786,0.10714,6.31,1
PX004687,999,suspicious_reversal,netbanking,subscription,7,1,1,24,3,138,879.09,1.136,0.875,0.04167,42.02,0
PX004688,9999,bank_timeout,upi,media,14,2,3,50,12,345,9173.59,1.09,0.875,0.04,1.94,1
PX004689,9999,bank_timeout,upi,saas,6,1,3,28,39,469,11550.28,0.866,0.857,0.03571,42.9,1
PX004690,999,mandate_expired,wallet,ecommerce,8,1,0,32,32,476,702.13,1.423,0.889,0.03125,22.99,1
PX004691,499,suspicious_reversal,wallet,education,10,2,3,48,52,415,607.99,0.821,0.833,0.04167,27.7,0
PX004692,499,expired_card,netbanking,saas,6,3,0,48,58,573,442.68,1.127,0.667,0.0625,36.45,1
PX004693,999,mandate_expired,wallet,subscription,5,1,2,46,35,372,1296.26,0.771,0.833,0.02174,39.65,0
PX004694,19999,bank_timeout,upi,saas,16,1,3,30,22,395,12887.83,1.552,0.941,0.03333,35.15,0
PX004695,2499,bank_timeout,card,media,6,2,2,51,11,214,2484.45,1.006,0.75,0.03922,44.45,1
PX004696,2499,mandate_expired,upi,saas,8,1,0,59,23,471,2976.98,0.839,0.889,0.01695,6.99,1
PX004697,1499,insufficient_funds,netbanking,subscription,7,2,0,58,51,279,1768.18,0.848,0.778,0.03448,21.72,1
PX004698,9999,suspicious_reversal,card,education,10,3,2,42,14,342,9894.91,1.011,0.769,0.07143,43.91,0
PX004699,1999,suspicious_reversal,netbanking,subscription,9,1,0,25,26,522,1518.2,1.317,0.9,0.04,30.79,1
PX004700,19999,mandate_expired,card,media,7,4,1,52,59,302,20744.29,0.964,0.636,0.07692,19.31,1
PX004701,999,insufficient_funds,card,media,9,1,2,33,46,636,720.91,1.386,0.9,0.0303,7.78,0
PX004702,9999,suspicious_reversal,netbanking,subscription,4,3,3,38,5,389,6141.98,1.628,0.571,0.07895,8.95,0
PX004703,2499,bank_timeout,upi,subscription,10,2,0,48,39,633,2550.88,0.98,0.833,0.04167,7.79,1
PX004704,2499,expired_card,wallet,subscription,7,2,2,22,19,91,1882.48,1.328,0.778,0.09091,19.98,0
PX004705,499,mandate_expired,card,subscription,6,0,0,59,54,336,629.19,0.793,1.0,0.0,39.44,1
PX004706,19999,mandate_expired,card,education,6,4,0,43,45,336,19805.36,1.01,0.6,0.09302,37.76,1
PX004707,19999,suspicious_reversal,card,saas,5,2,2,37,56,268,12914.15,1.549,0.714,0.05405,27.12,0
PX004708,4999,expired_card,card,ecommerce,6,2,1,24,21,307,5233.6,0.955,0.75,0.08333,29.78,1
PX004709,4999,mandate_expired,upi,media,11,1,0,33,57,267,5926.89,0.843,0.917,0.0303,13.68,1
PX004710,19999,insufficient_funds,card,saas,12,2,2,41,60,28,12875.63,1.553,0.857,0.04878,27.46,1
PX004711,1499,insufficient_funds,upi,media,9,1,2,4,4,710,1796.49,0.834,0.9,0.25,16.59,0
PX004712,2499,bank_timeout,netbanking,ecommerce,5,0,0,31,52,58,3024.92,0.826,1.0,0.0,20.36,0
PX004713,4999,bank_timeout,card,saas,9,3,1,26,42,388,4542.48,1.1,0.75,0.11538,44.38,0
PX004714,499,expired_card,netbanking,media,5,1,0,21,44,475,644.18,0.775,0.833,0.04762,9.15,0
PX004715,19999,mandate_expired,card,education,8,1,2,9,36,162,18044.46,1.108,0.889,0.11111,16.6,1
PX004716,2499,insufficient_funds,card,education,9,2,0,38,1,621,3389.7,0.737,0.818,0.05263,37.07,1
PX004717,1999,suspicious_reversal,upi,education,6,3,2,36,58,388,1698.96,1.177,0.667,0.08333,1.44,0
PX004718,999,bank_timeout,netbanking,education,5,3,0,42,15,224,821.69,1.216,0.625,0.07143,30.64,1
PX004719,4999,insufficient_funds,upi,ecommerce,8,0,1,45,19,251,5093.53,0.981,1.0,0.0,32.01,0
PX004720,1499,expired_card,card,ecommerce,8,1,0,45,39,214,2048.77,0.732,0.889,0.02222,1.7,0
PX004721,9999,expired_card,wallet,saas,8,0,0,4,31,23,13713.21,0.729,1.0,0.0,45.93,1
PX004722,4999,expired_card,netbanking,subscription,6,1,0,12,46,225,4812.34,1.039,0.857,0.08333,11.94,0
PX004723,2499,suspicious_reversal,wallet,ecommerce,6,2,0,11,33,416,2371.5,1.054,0.75,0.18182,20.81,1
PX004724,19999,expired_card,wallet,media,11,3,0,13,5,726,24542.54,0.815,0.786,0.23077,42.73,1
PX004725,999,mandate_expired,upi,saas,5,2,3,36,55,66,1303.85,0.766,0.714,0.05556,11.6,0
PX004726,2499,suspicious_reversal,card,education,10,1,0,44,37,365,1707.96,1.463,0.909,0.02273,43.84,1
PX004727,2499,mandate_expired,wallet,media,7,0,2,13,44,646,2084.11,1.199,1.0,0.0,29.51,1
PX004728,1499,insufficient_funds,wallet,ecommerce,10,3,2,4,57,113,1578.38,0.95,0.769,0.75,8.47,1
PX004729,19999,mandate_expired,card,saas,14,1,3,34,26,326,14205.41,1.408,0.933,0.02941,44.09,0
PX004730,4999,suspicious_reversal,wallet,subscription,7,2,1,20,59,18,4483.89,1.115,0.778,0.1,11.06,0
PX004731,999,expired_card,upi,subscription,5,4,2,22,60,278,854.47,1.169,0.556,0.18182,20.5,0
PX004732,1999,bank_timeout,card,ecommerce,8,1,0,13,38,237,2779.9,0.719,0.889,0.07692,44.94,1
PX004733,1999,suspicious_reversal,card,ecommerce,8,2,1,32,56,248,1355.23,1.475,0.8,0.0625,41.52,1
PX004734,499,expired_card,card,ecommerce,7,2,3,19,50,182,352.28,1.416,0.778,0.10526,45.85,1
PX004735,1999,mandate_expired,wallet,saas,9,5,0,57,30,396,1748.11,1.144,0.643,0.08772,1.13,0
PX004736,19999,bank_timeout,wallet,ecommerce,8,0,0,7,3,670,25909.07,0.772,1.0,0.0,1.34,1
PX004737,1499,insufficient_funds,upi,ecommerce,1,3,0,29,39,467,1264.77,1.185,0.25,0.10345,6.82,0
PX004738,9999,bank_timeout,netbanking,media,9,1,1,10,14,644,8926.59,1.12,0.9,0.1,15.11,1
PX004739,1999,suspicious_reversal,wallet,ecommerce,15,2,2,27,33,729,2318.57,0.862,0.882,0.07407,6.83,1
PX004740,4999,bank_timeout,netbanking,media,6,0,0,10,36,501,3277.13,1.525,1.0,0.0,31.34,1
PX004741,1499,mandate_expired,upi,media,9,2,2,19,56,207,1322.24,1.134,0.818,0.10526,8.16,1
PX004742,999,suspicious_reversal,upi,saas,12,0,3,54,22,392,1238.45,0.807,1.0,0.0,24.67,0
PX004743,1499,suspicious_reversal,wallet,media,8,1,2,56,46,37,1203.47,1.246,0.889,0.01786,46.01,0
PX004744,2499,bank_timeout,card,media,9,5,1,41,40,33,3039.97,0.822,0.643,0.12195,36.72,0
PX004745,9999,bank_timeout,card,subscription,10,5,1,22,12,430,7075.85,1.413,0.667,0.22727,19.11,1
PX004746,999,insufficient_funds,upi,education,6,3,2,60,30,684,1177.08,0.849,0.667,0.05,25.9,0
PX004747,1499,mandate_expired,card,media,15,0,0,5,52,608,1505.0,0.996,1.0,0.0,47.45,1
PX004748,2499,expired_card,netbanking,saas,8,1,3,52,15,419,3052.47,0.819,0.889,0.01923,31.14,0
PX004749,9999,mandate_expired,upi,ecommerce,10,0,2,14,36,332,9993.41,1.001,1.0,0.0,43.06,0
PX004750,1999,insufficient_funds,netbanking,media,9,6,0,49,2,244,2130.65,0.938,0.6,0.12245,42.56,1
PX004751,9999,suspicious_reversal,netbanking,education,8,3,1,15,40,303,13236.38,0.755,0.727,0.2,40.54,1
PX004752,1999,bank_timeout,upi,subscription,7,1,2,13,35,105,1419.23,1.409,0.875,0.07692,47.0,1
PX004753,19999,expired_card,card,ecommerce,7,4,3,23,40,544,13027.6,1.535,0.636,0.17391,23.86,0
PX004754,999,insufficient_funds,netbanking,saas,11,0,3,51,5,174,812.93,1.229,1.0,0.0,12.7,1
PX004755,499,insufficient_funds,netbanking,ecommerce,9,1,1,27,3,69,565.31,0.883,0.9,0.03704,20.27,1
PX004756,9999,insufficient_funds,netbanking,ecommerce,9,2,0,2,49,179,10691.07,0.935,0.818,1.0,29.77,1
PX004757,1999,insufficient_funds,card,subscription,8,3,0,56,3,60,1617.79,1.236,0.727,0.05357,21.19,1
PX004758,1999,mandate_expired,netbanking,ecommerce,7,1,2,5,17,560,2328.83,0.858,0.875,0.2,40.2,0
PX004759,9999,mandate_expired,netbanking,saas,3,2,0,3,16,717,11312.95,0.884,0.6,0.66667,29.78,1
PX004760,999,suspicious_reversal,wallet,saas,5,2,2,14,23,268,609.95,1.638,0.714,0.14286,30.33,0
PX004761,999,insufficient_funds,card,media,6,3,1,17,12,24,990.06,1.009,0.667,0.17647,7.86,1
PX004762,9999,bank_timeout,wallet,saas,7,2,0,55,28,592,13030.53,0.767,0.778,0.03636,8.65,1
PX004763,19999,suspicious_reversal,netbanking,media,9,1,1,35,38,198,20867.58,0.958,0.9,0.02857,16.16,0
PX004764,999,expired_card,upi,education,12,3,2,32,9,315,663.09,1.507,0.8,0.09375,22.45,0
PX004765,1999,bank_timeout,netbanking,education,12,0,0,57,6,466,2039.26,0.98,1.0,0.0,31.54,1
PX004766,1499,insufficient_funds,netbanking,saas,12,2,2,30,28,514,1276.12,1.175,0.857,0.06667,24.66,1
PX004767,4999,suspicious_reversal,netbanking,subscription,8,0,0,26,17,335,5699.23,0.877,1.0,0.0,21.52,0
PX004768,4999,mandate_expired,wallet,saas,7,2,3,11,57,579,5726.19,0.873,0.778,0.18182,21.72,0
PX004769,19999,expired_card,card,subscription,5,0,2,15,45,665,14158.03,1.413,1.0,0.0,4.15,0
PX004770,19999,bank_timeout,wallet,subscription,5,4,0,51,22,148,12001.71,1.666,0.556,0.07843,2.64,0
PX004771,2499,insufficient_funds,netbanking,ecommerce,16,4,1,25,54,87,2143.8,1.166,0.8,0.16,11.53,1
PX004772,499,expired_card,netbanking,education,5,2,0,14,55,426,683.06,0.731,0.714,0.14286,44.87,0
PX004773,499,bank_timeout,card,subscription,9,3,0,60,33,218,522.52,0.955,0.75,0.05,17.58,1
PX004774,9999,mandate_expired,upi,saas,9,2,2,36,40,660,13321.23,0.751,0.818,0.05556,5.4,0
PX004775,1999,bank_timeout,wallet,ecommerce,10,0,3,22,23,670,1806.95,1.106,1.0,0.0,42.58,1
PX004776,1999,mandate_expired,netbanking,ecommerce,5,3,2,55,36,602,2439.27,0.82,0.625,0.05455,33.56,1
PX004777,499,expired_card,wallet,ecommerce,9,3,0,28,5,423,342.68,1.456,0.75,0.10714,9.16,0
PX004778,2499,bank_timeout,card,saas,7,3,3,22,8,142,2898.21,0.862,0.7,0.13636,16.57,0
PX004779,499,expired_card,wallet,ecommerce,12,3,3,27,36,97,654.11,0.763,0.8,0.11111,38.19,0
PX004780,999,mandate_expired,card,education,11,4,0,10,24,722,1301.81,0.767,0.733,0.4,12.82,0
PX004781,4999,bank_timeout,netbanking,saas,9,2,0,27,50,504,3583.68,1.395,0.818,0.07407,30.55,1
PX004782,499,insufficient_funds,netbanking,saas,8,2,1,43,46,8,596.54,0.836,0.8,0.04651,40.85,0
PX004783,499,bank_timeout,card,subscription,8,2,1,4,43,231,485.63,1.028,0.8,0.5,14.87,0
PX004784,999,bank_timeout,wallet,ecommerce,12,3,2,32,8,355,653.79,1.528,0.8,0.09375,19.2,1
PX004785,999,mandate_expired,upi,media,8,0,2,13,31,707,1082.1,0.923,1.0,0.0,17.97,1
PX004786,499,mandate_expired,wallet,media,11,1,3,10,43,68,650.93,0.767,0.917,0.1,9.81,0
PX004787,19999,suspicious_reversal,upi,saas,6,1,2,49,54,189,21899.4,0.913,0.857,0.02041,27.79,0
PX004788,4999,bank_timeout,card,saas,10,0,3,24,47,679,5311.68,0.941,1.0,0.0,17.76,0
PX004789,1499,insufficient_funds,netbanking,subscription,11,1,0,31,42,601,1075.1,1.394,0.917,0.03226,19.6,1
PX004790,4999,expired_card,card,subscription,6,1,1,21,60,33,3552.2,1.407,0.857,0.04762,17.85,0
PX004791,999,mandate_expired,card,media,6,3,2,31,43,510,778.39,1.283,0.667,0.09677,39.89,0
PX004792,2499,expired_card,netbanking,saas,11,2,2,31,2,117,2694.85,0.927,0.846,0.06452,36.6,0
PX004793,19999,expired_card,wallet,ecommerce,8,1,2,36,50,131,21586.06,0.926,0.889,0.02778,37.74,1
PX004794,1499,insufficient_funds,card,ecommerce,9,1,3,47,27,521,1526.91,0.982,0.9,0.02128,2.03,1
PX004795,1499,suspicious_reversal,wallet,education,10,4,0,54,21,175,1713.06,0.875,0.714,0.07407,19.8,0
PX004796,19999,bank_timeout,netbanking,subscription,9,2,0,39,35,619,26684.6,0.749,0.818,0.05128,17.39,1
PX004797,2499,mandate_expired,wallet,saas,7,1,2,28,33,181,3104.08,0.805,0.875,0.03571,43.57,1
PX004798,1999,expired_card,upi,subscription,4,1,3,39,22,674,1643.17,1.217,0.8,0.02564,12.11,1
PX004799,4999,suspicious_reversal,netbanking,media,4,3,0,30,50,532,6957.0,0.719,0.571,0.1,44.27,0
PX004800,2499,mandate_expired,upi,media,7,2,3,38,37,7,3232.62,0.773,0.778,0.05263,41.86,1
PX004801,499,bank_timeout,upi,education,10,4,3,22,52,479,594.79,0.839,0.714,0.18182,31.22,0
PX004802,2499,bank_timeout,netbanking,saas,9,1,1,7,54,217,1924.4,1.299,0.9,0.14286,4.5,1
PX004803,499,bank_timeout,netbanking,ecommerce,8,1,3,21,33,105,336.46,1.483,0.889,0.04762,40.91,1
PX004804,2499,expired_card,upi,education,4,2,1,36,7,721,2490.35,1.003,0.667,0.05556,22.35,0
PX004805,9999,insufficient_funds,card,ecommerce,4,1,1,32,5,7,10597.75,0.944,0.8,0.03125,18.79,1
PX004806,999,bank_timeout,upi,ecommerce,12,2,0,46,26,517,752.15,1.328,0.857,0.04348,10.58,1
PX004807,1499,mandate_expired,card,saas,5,0,3,25,46,286,2057.11,0.729,1.0,0.0,1.95,0
PX004808,9999,suspicious_reversal,netbanking,ecommerce,8,0,2,24,36,499,13439.43,0.744,1.0,0.0,26.0,0
PX004809,19999,insufficient_funds,card,education,9,1,2,60,48,212,18980.75,1.054,0.9,0.01667,13.52,1
PX004810,4999,suspicious_reversal,netbanking,education,7,1,0,40,27,160,4395.72,1.137,0.875,0.025,19.97,0
PX004811,1499,mandate_expired,netbanking,subscription,5,2,2,43,59,400,1416.89,1.058,0.714,0.04651,47.58,0
PX004812,2499,insufficient_funds,upi,ecommerce,5,0,2,43,20,522,3170.75,0.788,1.0,0.0,39.17,0
PX004813,1999,bank_timeout,netbanking,ecommerce,17,0,3,56,35,714,1655.94,1.207,1.0,0.0,41.99,1
PX004814,9999,insufficient_funds,card,subscription,6,2,2,35,9,491,6899.48,1.449,0.75,0.05714,7.9,1
PX004815,19999,suspicious_reversal,wallet,ecommerce,7,0,3,51,51,385,12081.63,1.655,1.0,0.0,33.92,0
PX004816,4999,insufficient_funds,wallet,subscription,9,0,2,58,47,478,6809.85,0.734,1.0,0.0,37.37,1
PX004817,4999,bank_timeout,netbanking,saas,5,0,1,38,57,68,5215.05,0.959,1.0,0.0,39.25,1
PX004818,9999,bank_timeout,upi,media,8,1,0,54,48,29,7144.42,1.4,0.889,0.01852,26.77,1
PX004819,1499,insufficient_funds,card,ecommerce,7,1,3,33,35,63,989.1,1.516,0.875,0.0303,37.61,0
PX004820,9999,bank_timeout,wallet,subscription,13,1,1,50,35,580,11931.93,0.838,0.929,0.02,7.35,1
PX004821,1999,insufficient_funds,netbanking,education,9,3,3,22,57,84,2480.32,0.806,0.75,0.13636,46.66,0
PX004822,999,suspicious_reversal,card,ecommerce,6,3,3,38,25,215,1240.05,0.806,0.667,0.07895,0.57,0
PX004823,1499,suspicious_reversal,upi,saas,5,1,0,7,59,270,1065.51,1.407,0.833,0.14286,34.32,1
PX004824,999,insufficient_funds,netbanking,subscription,11,2,3,38,56,688,1013.82,0.985,0.846,0.05263,46.28,0
PX004825,1499,mandate_expired,netbanking,subscription,6,1,2,51,25,47,1398.46,1.072,0.857,0.01961,36.96,0
PX004826,9999,suspicious_reversal,card,subscription,10,2,2,52,8,176,7012.38,1.426,0.833,0.03846,30.9,0
PX004827,1499,mandate_expired,wallet,education,10,3,1,24,8,726,981.16,1.528,0.769,0.125,43.31,1
PX004828,1499,mandate_expired,netbanking,media,10,2,3,5,23,706,1419.64,1.056,0.833,0.4,27.29,0
PX004829,2499,suspicious_reversal,upi,education,5,5,2,52,1,29,2848.78,0.877,0.5,0.09615,8.41,0
PX004830,4999,expired_card,wallet,ecommerce,8,2,0,56,20,587,5005.62,0.999,0.8,0.03571,34.32,1
PX004831,499,mandate_expired,card,saas,8,4,3,38,30,399,326.27,1.529,0.667,0.10526,16.92,1
PX004832,1999,insufficient_funds,wallet,media,7,1,3,52,11,561,2638.34,0.758,0.875,0.01923,46.43,0
PX004833,1999,insufficient_funds,netbanking,education,8,3,0,41,55,707,1557.33,1.284,0.727,0.07317,35.69,1
PX004834,999,bank_timeout,card,media,5,6,0,10,2,615,1151.59,0.867,0.455,0.6,15.42,1
PX004835,999,expired_card,netbanking,education,7,2,3,24,14,506,1093.89,0.913,0.778,0.08333,47.71,0
PX004836,999,suspicious_reversal,netbanking,saas,5,3,3,21,46,382,1009.88,0.989,0.625,0.14286,47.75,0
PX004837,19999,expired_card,upi,media,8,2,1,40,45,679,22364.15,0.894,0.8,0.05,35.41,0
PX004838,499,expired_card,card,ecommerce,11,3,0,59,40,542,580.64,0.859,0.786,0.05085,7.79,1
PX004839,1499,expired_card,netbanking,subscription,8,0,0,7,20,42,1810.31,0.828,1.0,0.0,27.44,1
PX004840,1999,insufficient_funds,upi,subscription,5,1,0,7,51,373,2009.16,0.995,0.833,0.14286,21.57,0
PX004841,9999,mandate_expired,wallet,subscription,8,2,1,9,35,339,11792.49,0.848,0.8,0.22222,36.25,1
PX004842,19999,suspicious_reversal,upi,media,12,1,3,51,8,446,15666.98,1.277,0.923,0.01961,15.45,0
PX004843,499,suspicious_reversal,wallet,media,8,0,3,51,59,103,301.22,1.657,1.0,0.0,32.75,0
PX004844,499,insufficient_funds,wallet,ecommerce,6,4,1,25,29,320,616.26,0.81,0.6,0.16,4.48,1
PX004845,19999,expired_card,netbanking,subscription,6,1,2,4,16,25,14002.69,1.428,0.857,0.25,10.07,0
PX004846,499,expired_card,upi,subscription,5,3,1,49,42,607,569.5,0.876,0.625,0.06122,24.9,0
PX004847,9999,expired_card,card,saas,10,2,1,53,12,183,9469.48,1.056,0.833,0.03774,42.07,1
PX004848,499,mandate_expired,upi,subscription,8,1,2,60,46,216,518.37,0.963,0.889,0.01667,20.63,0
PX004849,2499,expired_card,wallet,ecommerce,11,5,3,37,32,669,3307.56,0.756,0.688,0.13514,43.18,0
PX004850,1499,insufficient_funds,wallet,subscription,4,1,2,39,56,623,1388.71,1.079,0.8,0.02564,17.19,1
PX004851,1499,mandate_expired,netbanking,ecommerce,8,1,0,53,6,75,1578.54,0.95,0.889,0.01887,40.43,1
PX004852,1999,bank_timeout,card,ecommerce,4,3,1,7,30,307,1920.34,1.041,0.571,0.42857,45.7,0
PX004853,19999,bank_timeout,wallet,ecommerce,7,1,2,27,43,66,23114.24,0.865,0.875,0.03704,7.32,1
PX004854,19999,insufficient_funds,netbanking,saas,9,1,3,6,7,289,13130.09,1.523,0.9,0.16667,21.06,0
PX004855,2499,mandate_expired,card,saas,8,3,1,7,7,581,2679.48,0.933,0.727,0.42857,31.56,0
PX004856,499,mandate_expired,card,saas,9,3,0,18,32,565,618.07,0.807,0.75,0.16667,2.91,0
PX004857,19999,insufficient_funds,netbanking,media,11,5,3,27,32,27,26846.1,0.745,0.688,0.18519,28.53,1
PX004858,4999,mandate_expired,wallet,education,10,2,3,60,29,545,3649.02,1.37,0.833,0.03333,44.52,1
PX004859,19999,suspicious_reversal,upi,subscription,7,1,3,23,21,691,16824.35,1.189,0.875,0.04348,15.0,0
PX004860,999,suspicious_reversal,wallet,saas,9,1,0,3,35,277,1202.88,0.831,0.9,0.33333,32.22,0
PX004861,2499,mandate_expired,wallet,subscription,8,0,0,45,2,483,2541.59,0.983,1.0,0.0,7.45,1
PX004862,9999,insufficient_funds,wallet,media,11,4,1,36,31,255,10555.92,0.947,0.733,0.11111,12.76,1
PX004863,1499,expired_card,wallet,media,5,4,2,24,53,675,1559.9,0.961,0.556,0.16667,19.41,1
PX004864,1499,insufficient_funds,upi,media,9,2,3,32,31,275,1771.35,0.846,0.818,0.0625,41.83,0
PX004865,499,suspicious_reversal,card,subscription,6,2,1,32,43,403,636.55,0.784,0.75,0.0625,14.22,0
PX004866,499,suspicious_reversal,wallet,education,7,2,2,6,25,575,333.15,1.498,0.778,0.33333,27.66,0
PX004867,999,bank_timeout,netbanking,ecommerce,13,1,1,4,16,360,810.89,1.232,0.929,0.25,17.13,1
PX004868,999,mandate_expired,wallet,saas,14,2,1,16,21,118,1185.58,0.843,0.875,0.125,39.57,1
PX004869,999,suspicious_reversal,card,ecommerce,6,2,3,19,43,261,1352.0,0.739,0.75,0.10526,35.89,0
PX004870,4999,insufficient_funds,wallet,media,9,3,1,9,31,1,4278.17,1.168,0.75,0.33333,8.41,1
PX004871,2499,bank_timeout,wallet,ecommerce,9,5,0,3,17,451,1732.0,1.443,0.643,1.66667,12.01,1
PX004872,9999,expired_card,card,ecommerce,7,2,2,38,8,698,12839.81,0.779,0.778,0.05263,18.25,0
PX004873,499,mandate_expired,wallet,ecommerce,3,1,1,39,21,615,611.2,0.816,0.75,0.02564,16.01,1
PX004874,999,bank_timeout,upi,education,11,4,1,3,35,263,942.01,1.06,0.733,1.33333,32.41,0
PX004875,2499,insufficient_funds,netbanking,education,21,0,2,47,3,516,2747.58,0.91,1.0,0.0,21.71,1
PX004876,499,mandate_expired,netbanking,saas,5,1,3,55,31,462,631.16,0.791,0.833,0.01818,23.86,0
PX004877,999,insufficient_funds,upi,ecommerce,10,0,1,27,56,433,1304.59,0.766,1.0,0.0,1.34,1
PX004878,999,expired_card,upi,education,7,1,1,54,9,298,820.89,1.217,0.875,0.01852,24.55,1
PX004879,19999,mandate_expired,wallet,media,10,3,2,19,55,114,16725.23,1.196,0.769,0.15789,44.19,0
PX004880,2499,suspicious_reversal,upi,saas,5,3,1,31,43,143,2490.13,1.004,0.625,0.09677,11.01,1
PX004881,499,suspicious_reversal,netbanking,education,9,0,0,44,54,140,419.33,1.19,1.0,0.0,45.89,0
PX004882,19999,insufficient_funds,upi,ecommerce,10,3,1,57,49,697,19769.21,1.012,0.769,0.05263,0.79,0
PX004883,999,insufficient_funds,upi,education,11,1,2,58,6,666,1247.22,0.801,0.917,0.01724,38.36,1
PX004884,2499,bank_timeout,wallet,education,9,1,0,25,6,368,1572.33,1.589,0.9,0.04,44.39,1
PX004885,2499,bank_timeout,netbanking,education,10,2,3,6,12,57,2527.8,0.989,0.833,0.33333,35.44,1
PX004886,999,insufficient_funds,card,subscription,6,1,0,51,44,669,739.58,1.351,0.857,0.01961,30.35,1
PX004887,19999,bank_timeout,upi,education,10,0,0,11,14,594,22912.46,0.873,1.0,0.0,46.47,1
PX004888,1499,suspicious_reversal,card,subscription,8,2,2,47,9,509,919.47,1.63,0.8,0.04255,10.73,0
PX004889,4999,insufficient_funds,card,education,8,2,3,41,49,674,5952.56,0.84,0.8,0.04878,36.27,0
PX004890,2499,insufficient_funds,card,education,8,1,2,18,15,642,1539.62,1.623,0.889,0.05556,9.8,1
PX004891,4999,bank_timeout,upi,ecommerce,13,2,3,17,50,323,4188.21,1.194,0.867,0.11765,21.56,0
PX004892,1999,mandate_expired,netbanking,subscription,8,0,0,18,41,103,1719.72,1.162,1.0,0.0,40.94,1
PX004893,2499,insufficient_funds,netbanking,media,13,3,0,35,29,163,2426.45,1.03,0.812,0.08571,32.79,0
PX004894,2499,mandate_expired,netbanking,subscription,9,3,2,30,10,427,1730.87,1.444,0.75,0.1,9.75,1
PX004895,499,suspicious_reversal,netbanking,ecommerce,10,0,3,51,21,688,448.66,1.112,1.0,0.0,40.61,0
PX004896,1499,insufficient_funds,wallet,ecommerce,12,5,1,25,18,682,1350.82,1.11,0.706,0.2,29.25,0
PX004897,999,insufficient_funds,netbanking,subscription,9,1,2,10,42,477,1097.21,0.91,0.9,0.1,26.23,1
PX004898,499,mandate_expired,netbanking,subscription,8,2,3,51,11,390,599.34,0.833,0.8,0.03922,26.52,0
PX004899,1499,expired_card,wallet,saas,10,1,1,26,13,564,1246.91,1.202,0.909,0.03846,44.41,0
PX004900,1999,expired_card,upi,media,3,5,1,23,43,475,2619.98,0.763,0.375,0.21739,3.16,0
PX004901,9999,bank_timeout,wallet,education,3,1,1,4,57,283,9585.45,1.043,0.75,0.25,17.15,1
PX004902,4999,insufficient_funds,upi,ecommerce,3,2,2,22,2,632,6886.43,0.726,0.6,0.09091,14.76,0
PX004903,1499,insufficient_funds,upi,education,6,0,3,25,19,109,1288.6,1.163,1.0,0.0,8.69,0
PX004904,4999,insufficient_funds,upi,saas,11,3,1,9,48,153,4961.92,1.007,0.786,0.33333,37.26,1
PX004905,2499,suspicious_reversal,netbanking,education,8,7,0,36,56,332,3041.41,0.822,0.533,0.19444,9.98,0
PX004906,19999,mandate_expired,wallet,ecommerce,8,1,1,16,49,129,25217.07,0.793,0.889,0.0625,41.2,0
PX004907,1499,bank_timeout,netbanking,education,5,2,0,44,58,398,1445.1,1.037,0.714,0.04545,43.67,1
PX004908,1499,expired_card,wallet,subscription,13,3,2,33,21,12,1580.62,0.948,0.812,0.09091,14.71,0
PX004909,19999,insufficient_funds,wallet,saas,9,2,1,19,8,280,17277.64,1.158,0.818,0.10526,12.92,1
PX004910,9999,bank_timeout,netbanking,subscription,7,3,2,2,52,359,6331.8,1.579,0.7,1.5,13.65,0
PX004911,499,insufficient_funds,upi,saas,10,2,2,20,11,555,497.41,1.003,0.833,0.1,42.63,1
PX004912,4999,mandate_expired,upi,education,10,2,1,11,50,701,4588.67,1.089,0.833,0.18182,37.34,0
PX004913,1499,bank_timeout,card,media,11,0,1,11,8,407,1895.1,0.791,1.0,0.0,45.32,1
PX004914,19999,bank_timeout,netbanking,education,6,5,2,40,8,234,21533.9,0.929,0.545,0.125,17.5,1
PX004915,4999,expired_card,wallet,media,9,0,3,31,33,289,4598.58,1.087,1.0,0.0,31.08,0
PX004916,999,suspicious_reversal,netbanking,saas,10,3,3,39,47,50,1357.56,0.736,0.769,0.07692,25.03,0
PX004917,9999,expired_card,netbanking,education,6,1,2,3,29,500,8995.93,1.112,0.857,0.33333,42.66,0
PX004918,2499,insufficient_funds,upi,media,9,3,2,8,24,537,2889.17,0.865,0.75,0.375,31.39,0
PX004919,1999,insufficient_funds,netbanking,saas,6,3,1,39,30,128,1915.04,1.044,0.667,0.07692,40.74,1
PX004920,4999,mandate_expired,wallet,education,1,6,3,10,49,272,6539.65,0.764,0.143,0.6,31.9,0
PX004921,2499,bank_timeout,netbanking,education,9,3,0,1,41,335,3226.61,0.774,0.75,3.0,31.44,1
PX004922,2499,bank_timeout,card,education,14,2,0,5,1,232,3444.77,0.725,0.875,0.4,29.48,1
PX004923,4999,expired_card,wallet,education,8,1,3,11,55,599,5503.98,0.908,0.889,0.09091,25.87,1
PX004924,9999,insufficient_funds,wallet,ecommerce,8,0,0,20,34,112,8243.97,1.213,1.0,0.0,15.52,1
PX004925,19999,insufficient_funds,upi,education,4,3,3,23,56,16,14156.35,1.413,0.571,0.13043,6.49,0
PX004926,9999,bank_timeout,netbanking,ecommerce,5,2,3,5,47,709,8246.36,1.213,0.714,0.4,40.99,1
PX004927,1999,suspicious_reversal,wallet,media,7,2,3,49,7,226,2588.29,0.772,0.778,0.04082,37.08,0
PX004928,2499,suspicious_reversal,upi,education,9,1,2,59,60,24,2770.71,0.902,0.9,0.01695,7.79,1
PX004929,2499,bank_timeout,wallet,subscription,5,3,3,30,57,609,2946.65,0.848,0.625,0.1,29.61,0
PX004930,999,suspicious_reversal,card,saas,11,0,3,9,47,521,940.27,1.062,1.0,0.0,39.04,0
PX004931,2499,mandate_expired,wallet,ecommerce,9,0,3,34,58,592,3451.34,0.724,1.0,0.0,10.35,1
PX004932,499,mandate_expired,card,ecommerce,9,1,2,21,44,151,553.5,0.902,0.9,0.04762,14.38,0
PX004933,4999,expired_card,upi,subscription,7,2,2,48,17,492,6789.29,0.736,0.778,0.04167,0.78,1
PX004934,1499,mandate_expired,netbanking,education,4,1,2,35,46,573,1149.23,1.304,0.8,0.02857,20.96,0
PX004935,499,suspicious_reversal,netbanking,ecommerce,11,2,2,34,9,548,382.13,1.306,0.846,0.05882,15.11,1
PX004936,19999,bank_timeout,card,ecommerce,6,1,2,41,51,156,18896.55,1.058,0.857,0.02439,28.53,1
PX004937,4999,bank_timeout,wallet,saas,7,1,2,60,14,634,3383.35,1.478,0.875,0.01667,30.53,1
PX004938,1499,expired_card,netbanking,media,5,2,2,44,16,487,1495.95,1.002,0.714,0.04545,27.06,0
PX004939,499,mandate_expired,wallet,ecommerce,7,2,2,32,53,514,608.05,0.821,0.778,0.0625,5.33,1
PX004940,499,expired_card,card,media,8,4,0,55,56,101,325.11,1.535,0.667,0.07273,32.0,0
PX004941,19999,bank_timeout,netbanking,ecommerce,12,2,2,35,34,321,17260.71,1.159,0.857,0.05714,29.74,0
PX004942,4999,insufficient_funds,card,subscription,3,1,3,30,5,101,5222.91,0.957,0.75,0.03333,23.59,1
PX004943,999,mandate_expired,wallet,ecommerce,9,3,1,19,27,494,1170.06,0.854,0.75,0.15789,6.93,0
PX004944,9999,mandate_expired,card,saas,7,1,0,37,60,22,10728.02,0.932,0.875,0.02703,11.37,0
PX004945,19999,expired_card,wallet,media,13,2,1,7,4,595,23284.77,0.859,0.867,0.28571,2.33,1
PX004946,2499,suspicious_reversal,upi,subscription,8,3,1,49,46,136,2180.66,1.146,0.727,0.06122,31.32,0
PX004947,1499,mandate_expired,netbanking,subscription,6,4,2,38,1,512,1224.19,1.224,0.6,0.10526,30.98,0
PX004948,9999,insufficient_funds,upi,saas,16,2,0,29,46,466,6751.81,1.481,0.889,0.06897,44.51,1
PX004949,9999,insufficient_funds,wallet,education,6,2,0,58,21,162,10941.49,0.914,0.75,0.03448,16.1,1
PX004950,1999,suspicious_reversal,card,saas,7,1,3,11,44,516,2269.32,0.881,0.875,0.09091,13.93,0
PX004951,1999,expired_card,upi,saas,4,3,1,50,39,556,2617.87,0.764,0.571,0.06,32.01,0
PX004952,499,suspicious_reversal,wallet,subscription,8,2,3,10,55,697,532.34,0.937,0.8,0.2,27.33,0
PX004953,999,mandate_expired,wallet,education,7,1,0,56,14,44,650.84,1.535,0.875,0.01786,4.6,0
PX004954,4999,mandate_expired,upi,subscription,10,2,0,48,46,642,3507.67,1.425,0.833,0.04167,8.34,1
PX004955,19999,suspicious_reversal,wallet,subscription,9,1,0,51,22,26,25895.28,0.772,0.9,0.01961,4.92,0
PX004956,2499,insufficient_funds,card,media,10,1,1,60,42,530,3480.13,0.718,0.909,0.01667,19.03,1
PX004957,2499,expired_card,netbanking,subscription,3,0,3,15,38,574,1743.56,1.433,1.0,0.0,33.08,0
PX004958,9999,bank_timeout,card,education,12,3,2,32,38,716,10815.83,0.924,0.8,0.09375,3.14,0
PX004959,9999,insufficient_funds,wallet,media,9,6,2,58,40,562,8446.36,1.184,0.6,0.10345,22.15,1
PX004960,1999,expired_card,upi,subscription,10,3,2,51,49,85,2509.42,0.797,0.769,0.05882,6.92,1
PX004961,1499,insufficient_funds,card,ecommerce,9,3,1,28,28,314,1625.02,0.922,0.75,0.10714,29.83,1
PX004962,1999,suspicious_reversal,upi,media,6,0,2,41,2,632,1253.12,1.595,1.0,0.0,39.8,0
PX004963,1499,insufficient_funds,card,saas,6,1,0,59,59,161,1017.59,1.473,0.857,0.01695,41.67,1
PX004964,4999,suspicious_reversal,upi,subscription,8,1,2,30,58,58,3090.01,1.618,0.889,0.03333,40.67,0
PX004965,2499,insufficient_funds,netbanking,subscription,10,1,2,54,31,236,1570.04,1.592,0.909,0.01852,27.81,0
PX004966,499,bank_timeout,wallet,saas,5,3,2,48,5,344,586.95,0.85,0.625,0.0625,3.66,1
PX004967,999,mandate_expired,upi,ecommerce,5,2,3,24,41,88,1054.76,0.947,0.714,0.08333,21.55,0
PX004968,1999,bank_timeout,wallet,education,9,0,0,17,58,664,1716.22,1.165,1.0,0.0,23.55,1
PX004969,19999,suspicious_reversal,wallet,ecommerce,10,0,1,33,43,263,25358.52,0.789,1.0,0.0,40.02,0
PX004970,19999,bank_timeout,card,education,12,2,3,31,1,237,22289.42,0.897,0.857,0.06452,18.2,1
PX004971,999,mandate_expired,wallet,saas,9,2,3,53,13,658,1114.3,0.897,0.818,0.03774,43.58,1
PX004972,1499,mandate_expired,upi,media,10,0,2,46,26,418,1317.01,1.138,1.0,0.0,18.83,1
PX004973,1999,expired_card,wallet,media,8,1,3,48,19,531,1215.02,1.645,0.889,0.02083,4.74,0
PX004974,1999,suspicious_reversal,upi,media,7,2,2,60,37,251,2101.16,0.951,0.778,0.03333,41.34,0
PX004975,1999,suspicious_reversal,netbanking,media,7,3,3,33,25,20,1273.75,1.569,0.7,0.09091,14.93,1
PX004976,19999,mandate_expired,netbanking,ecommerce,5,1,1,3,23,716,23119.14,0.865,0.833,0.33333,37.33,1
PX004977,4999,expired_card,card,saas,9,2,1,55,50,480,4471.94,1.118,0.818,0.03636,3.15,0
PX004978,499,insufficient_funds,card,saas,9,1,0,3,4,699,548.67,0.909,0.9,0.33333,43.27,1
PX004979,1999,insufficient_funds,card,education,9,1,2,34,1,218,2300.81,0.869,0.9,0.02941,9.21,0
PX004980,1499,suspicious_reversal,upi,education,6,1,2,43,9,656,925.92,1.619,0.857,0.02326,35.82,1
PX004981,1999,bank_timeout,wallet,saas,8,0,0,44,11,407,1406.06,1.422,1.0,0.0,19.63,1
PX004982,19999,mandate_expired,netbanking,education,3,2,1,4,43,605,13438.51,1.488,0.6,0.5,35.85,0
PX004983,1499,suspicious_reversal,netbanking,saas,5,1,2,38,30,540,1033.64,1.45,0.833,0.02632,22.63,0
PX004984,1999,bank_timeout,upi,saas,7,3,2,44,38,55,1907.29,1.048,0.7,0.06818,8.61,1
PX004985,19999,insufficient_funds,netbanking,education,7,3,3,40,30,236,27141.13,0.737,0.7,0.075,9.9,1
PX004986,2499,suspicious_reversal,netbanking,saas,10,3,2,40,10,466,2297.43,1.088,0.769,0.075,41.04,0
PX004987,499,suspicious_reversal,upi,media,8,1,2,48,53,487,359.54,1.388,0.889,0.02083,27.39,0
PX004988,1499,expired_card,netbanking,ecommerce,7,2,0,19,9,378,1399.87,1.071,0.778,0.10526,25.68,1
PX004989,4999,mandate_expired,wallet,media,12,0,3,41,44,574,3039.32,1.645,1.0,0.0,30.95,1
PX004990,4999,expired_card,wallet,subscription,9,4,2,26,2,245,4581.68,1.091,0.692,0.15385,25.12,0
PX004991,2499,mandate_expired,netbanking,education,7,1,1,48,25,270,1826.0,1.369,0.875,0.02083,24.08,1
PX004992,9999,suspicious_reversal,wallet,education,11,3,0,25,57,696,7018.38,1.425,0.786,0.12,8.01,1
PX004993,1999,mandate_expired,card,media,7,5,0,51,6,596,2231.7,0.896,0.583,0.09804,7.02,1
PX004994,19999,bank_timeout,wallet,ecommerce,6,1,1,31,22,724,20343.64,0.983,0.857,0.03226,1.21,1
PX004995,499,bank_timeout,wallet,media,9,2,2,41,6,701,646.16,0.772,0.818,0.04878,23.51,1
PX004996,19999,suspicious_reversal,card,ecommerce,3,0,3,17,53,201,15542.42,1.287,1.0,0.0,41.82,0
PX004997,999,bank_timeout,upi,subscription,9,3,0,43,22,693,1115.91,0.895,0.75,0.06977,34.04,1
PX004998,4999,insufficient_funds,card,media,3,1,2,37,55,119,5049.62,0.99,0.75,0.02703,46.69,1
PX004999,499,bank_timeout,wallet,ecommerce,6,4,1,12,54,712,660.32,0.756,0.6,0.33333,5.74,1
PX005000,1499,suspicious_reversal,netbanking,ecommerce,6,0,1,3,25,403,1111.96,1.348,1.0,0.0,8.19,1
PX005001,499,expired_card,upi,ecommerce,13,1,0,29,33,433,639.25,0.781,0.929,0.03448,47.44,1
PX005002,4999,insufficient_funds,netbanking,education,6,1,3,59,26,441,6973.43,0.717,0.857,0.01695,42.46,1
PX005003,1999,mandate_expired,upi,education,8,1,0,16,44,629,2446.76,0.817,0.889,0.0625,10.57,1
PX005004,19999,suspicious_reversal,netbanking,subscription,9,1,1,49,2,302,17181.21,1.164,0.9,0.02041,7.77,0
PX005005,2499,insufficient_funds,upi,media,6,0,0,1,52,189,2472.34,1.011,1.0,0.0,4.07,1
PX005006,999,insufficient_funds,wallet,media,11,2,1,54,19,373,1147.33,0.871,0.846,0.03704,25.26,1
PX005007,2499,expired_card,wallet,ecommerce,8,3,2,33,24,611,1626.27,1.537,0.727,0.09091,34.65,0
PX005008,9999,expired_card,wallet,saas,6,3,1,48,6,261,10253.05,0.975,0.667,0.0625,13.79,0
PX005009,2499,mandate_expired,netbanking,saas,13,2,1,7,6,470,2494.68,1.002,0.867,0.28571,38.85,1
PX005010,1499,bank_timeout,upi,education,8,1,3,26,20,388,1341.28,1.118,0.889,0.03846,4.9,0
PX005011,9999,suspicious_reversal,netbanking,education,12,1,0,60,33,217,12767.59,0.783,0.923,0.01667,6.77,0
PX005012,9999,mandate_expired,netbanking,saas,3,0,0,56,19,87,12296.17,0.813,1.0,0.0,36.41,1
PX005013,1499,insufficient_funds,wallet,media,5,2,3,11,27,495,1882.48,0.796,0.714,0.18182,5.65,0
PX005014,1999,bank_timeout,wallet,education,4,3,2,10,16,610,1729.74,1.156,0.571,0.3,28.93,1
PX005015,2499,mandate_expired,card,education,8,0,0,9,14,699,3266.5,0.765,1.0,0.0,38.4,0
PX005016,19999,expired_card,card,ecommerce,9,0,3,24,31,161,12749.57,1.569,1.0,0.0,16.74,1
PX005017,1999,expired_card,wallet,saas,2,1,3,7,3,147,2298.62,0.87,0.667,0.14286,1.55,0
PX005018,1499,mandate_expired,wallet,ecommerce,5,3,0,31,20,525,905.56,1.655,0.625,0.09677,36.57,1
PX005019,4999,suspicious_reversal,netbanking,media,4,2,2,38,43,326,6996.22,0.715,0.667,0.05263,46.51,0
PX005020,499,mandate_expired,upi,subscription,9,6,2,8,30,705,360.06,1.386,0.6,0.75,5.01,1
PX005021,19999,mandate_expired,wallet,ecommerce,8,1,3,26,13,356,22746.12,0.879,0.889,0.03846,37.01,0
PX005022,19999,bank_timeout,wallet,saas,15,1,3,49,53,651,26853.72,0.745,0.938,0.02041,22.4,1
PX005023,2499,insufficient_funds,wallet,subscription,8,1,3,36,5,657,2536.14,0.985,0.889,0.02778,11.62,0
PX005024,1499,bank_timeout,netbanking,ecommerce,9,1,3,29,48,425,1797.36,0.834,0.9,0.03448,27.01,1
PX005025,499,mandate_expired,upi,media,9,3,2,15,5,630,669.53,0.745,0.75,0.2,18.04,0
PX005026,1499,mandate_expired,wallet,education,4,0,0,38,37,253,938.9,1.597,1.0,0.0,20.92,1
PX005027,19999,bank_timeout,upi,education,4,3,3,39,44,187,22073.13,0.906,0.571,0.07692,4.65,1
PX005028,19999,mandate_expired,card,subscription,7,1,2,57,59,329,16931.62,1.181,0.875,0.01754,42.37,0
PX005029,999,bank_timeout,wallet,ecommerce,12,0,3,60,31,688,1104.5,0.904,1.0,0.0,33.74,1
PX005030,499,expired_card,upi,ecommerce,9,2,3,37,1,561,623.18,0.801,0.818,0.05405,37.68,0
PX005031,19999,expired_card,netbanking,subscription,6,4,0,29,33,697,16818.76,1.189,0.6,0.13793,6.86,0
PX005032,1499,mandate_expired,wallet,ecommerce,3,4,0,26,40,455,1259.52,1.19,0.429,0.15385,32.9,0
PX005033,2499,suspicious_reversal,card,subscription,1,4,0,41,16,482,3318.48,0.753,0.2,0.09756,17.37,0
PX005034,4999,insufficient_funds,netbanking,subscription,9,1,0,53,34,456,3064.91,1.631,0.9,0.01887,5.27,0
PX005035,499,bank_timeout,upi,education,12,4,0,2,53,186,506.29,0.986,0.75,2.0,18.17,1
PX005036,19999,mandate_expired,wallet,media,10,4,2,52,10,55,15964.44,1.253,0.714,0.07692,10.55,0
PX005037,1999,bank_timeout,netbanking,ecommerce,6,1,0,20,24,23,2517.57,0.794,0.857,0.05,39.7,1
PX005038,9999,suspicious_reversal,netbanking,media,9,1,2,60,31,113,12647.45,0.791,0.9,0.01667,41.5,0
PX005039,9999,bank_timeout,card,education,10,4,3,35,40,546,8146.73,1.227,0.714,0.11429,7.85,1
PX005040,2499,suspicious_reversal,card,education,7,0,3,60,42,116,1820.84,1.372,1.0,0.0,34.81,0
PX005041,499,bank_timeout,wallet,ecommerce,4,6,1,59,29,376,622.14,0.802,0.4,0.10169,46.26,0
PX005042,4999,bank_timeout,wallet,education,11,0,2,31,16,235,6419.9,0.779,1.0,0.0,38.74,1
PX005043,4999,expired_card,netbanking,media,5,1,1,10,7,644,5011.95,0.997,0.833,0.1,24.92,1
PX005044,19999,suspicious_reversal,card,ecommerce,6,1,0,12,57,292,26748.59,0.748,0.857,0.08333,22.54,0
PX005045,499,suspicious_reversal,netbanking,subscription,4,1,3,4,39,356,314.35,1.587,0.8,0.25,9.34,0
PX005046,999,mandate_expired,upi,subscription,11,5,1,55,28,375,1233.74,0.81,0.688,0.09091,25.58,0
PX005047,1499,insufficient_funds,netbanking,subscription,6,2,2,60,41,145,1038.65,1.443,0.75,0.03333,31.65,1
PX005048,999,mandate_expired,card,ecommerce,13,3,2,11,23,511,880.04,1.135,0.812,0.27273,4.85,1
PX005049,1999,bank_timeout,wallet,education,2,0,0,53,35,603,2133.83,0.937,1.0,0.0,11.21,1
PX005050,4999,insufficient_funds,netbanking,education,9,2,0,57,9,216,5420.31,0.922,0.818,0.03509,24.77,0
PX005051,19999,suspicious_reversal,netbanking,media,7,5,2,51,36,215,25378.88,0.788,0.583,0.09804,13.46,0
PX005052,499,insufficient_funds,netbanking,education,7,1,2,19,10,195,614.26,0.812,0.875,0.05263,7.27,1
PX005053,1999,expired_card,netbanking,subscription,10,2,1,24,60,111,1811.39,1.104,0.833,0.08333,17.3,1
PX005054,999,bank_timeout,wallet,education,8,0,2,49,15,110,1333.74,0.749,1.0,0.0,29.07,0
PX005055,4999,expired_card,card,subscription,6,0,1,1,46,672,4408.32,1.134,1.0,0.0,3.67,1
PX005056,4999,expired_card,card,saas,9,1,2,25,48,235,5560.69,0.899,0.9,0.04,28.45,1
PX005057,1499,expired_card,wallet,education,13,1,3,46,49,80,1574.7,0.952,0.929,0.02174,27.32,0
PX005058,1499,mandate_expired,upi,subscription,4,2,2,30,44,447,2036.54,0.736,0.667,0.06667,45.51,0
PX005059,1999,expired_card,card,ecommerce,11,2,2,32,40,87,2063.96,0.969,0.846,0.0625,41.53,0
PX005060,1499,expired_card,upi,subscription,9,0,2,39,54,316,1032.04,1.452,1.0,0.0,1.13,0
PX005061,1999,mandate_expired,card,education,4,1,2,28,50,647,1616.05,1.237,0.8,0.03571,21.78,0
PX005062,4999,insufficient_funds,netbanking,education,10,1,0,10,21,111,4798.64,1.042,0.909,0.1,25.94,0
PX005063,499,insufficient_funds,netbanking,subscription,8,1,2,57,1,33,648.1,0.77,0.889,0.01754,4.8,0
PX005064,1499,bank_timeout,card,ecommerce,10,1,2,5,36,522,1752.69,0.855,0.909,0.2,2.4,1
PX005065,499,suspicious_reversal,netbanking,media,6,4,3,26,19,437,316.39,1.577,0.6,0.15385,26.83,0
PX005066,19999,bank_timeout,card,education,9,1,1,52,50,193,20422.31,0.979,0.9,0.01923,8.89,1
PX005067,19999,insufficient_funds,wallet,ecommerce,4,3,1,30,56,65,20969.52,0.954,0.571,0.1,30.92,1
PX005068,2499,insufficient_funds,netbanking,saas,10,3,3,15,55,267,3104.45,0.805,0.769,0.2,3.69,1
PX005069,4999,expired_card,netbanking,education,8,0,3,32,59,212,6067.57,0.824,1.0,0.0,29.57,0
PX005070,1999,insufficient_funds,card,saas,8,1,3,52,12,331,2255.72,0.886,0.889,0.01923,20.96,1
PX005071,9999,suspicious_reversal,upi,media,8,2,1,55,24,31,13207.03,0.757,0.8,0.03636,43.08,0
PX005072,2499,suspicious_reversal,card,saas,8,2,3,20,59,689,2819.48,0.886,0.8,0.1,14.18,0
PX005073,19999,suspicious_reversal,netbanking,subscription,10,0,0,46,6,301,22682.53,0.882,1.0,0.0,3.06,0
PX005074,499,expired_card,wallet,saas,5,0,3,38,43,200,634.89,0.786,1.0,0.0,10.01,1
PX005075,499,insufficient_funds,upi,education,14,0,1,31,55,290,488.52,1.021,1.0,0.0,9.16,1
PX005076,2499,suspicious_reversal,card,education,11,2,3,19,25,289,2827.18,0.884,0.846,0.10526,24.85,1
PX005077,999,suspicious_reversal,wallet,ecommerce,8,3,3,34,4,366,927.66,1.077,0.727,0.08824,36.28,0
PX005078,1999,suspicious_reversal,card,education,9,4,0,57,17,381,2033.01,0.983,0.692,0.07018,9.01,0
PX005079,1999,suspicious_reversal,wallet,education,7,2,2,48,2,367,1773.08,1.127,0.778,0.04167,5.9,0
PX005080,4999,suspicious_reversal,wallet,saas,12,1,2,59,57,275,4255.1,1.175,0.923,0.01695,13.79,1
PX005081,499,bank_timeout,netbanking,ecommerce,12,4,3,53,28,504,310.54,1.607,0.75,0.07547,22.9,1
PX005082,999,bank_timeout,netbanking,education,7,1,1,4,10,3,1382.25,0.723,0.875,0.25,22.99,1
PX005083,4999,bank_timeout,upi,subscription,3,2,2,38,21,202,5112.98,0.978,0.6,0.05263,47.4,1
PX005084,4999,suspicious_reversal,netbanking,media,9,1,2,27,35,141,3209.2,1.558,0.9,0.03704,3.5,0
PX005085,4999,mandate_expired,netbanking,media,9,1,3,39,43,508,4468.38,1.119,0.9,0.02564,0.9,0
PX005086,2499,insufficient_funds,wallet,subscription,10,1,1,51,16,722,1956.63,1.277,0.909,0.01961,36.3,1
PX005087,499,bank_timeout,card,subscription,5,1,2,28,60,565,633.86,0.787,0.833,0.03571,20.41,1
PX005088,1499,expired_card,upi,ecommerce,5,3,3,42,23,688,1976.12,0.759,0.625,0.07143,43.32,0
PX005089,4999,mandate_expired,card,media,6,3,1,50,39,613,6764.44,0.739,0.667,0.06,38.26,0
PX005090,999,insufficient_funds,wallet,ecommerce,5,5,1,49,43,719,1183.39,0.844,0.5,0.10204,33.7,0
PX005091,9999,mandate_expired,card,education,8,1,2,51,60,300,6070.08,1.647,0.889,0.01961,44.78,0
PX005092,499,bank_timeout,netbanking,media,6,3,3,60,51,343,434.9,1.147,0.667,0.05,43.13,0
PX005093,1499,mandate_expired,netbanking,ecommerce,13,3,3,41,4,689,1781.62,0.841,0.812,0.07317,19.89,0
PX005094,9999,expired_card,netbanking,subscription,8,1,3,12,3,618,13809.02,0.724,0.889,0.08333,14.99,0
PX005095,999,bank_timeout,card,media,10,3,1,39,32,176,1044.39,0.957,0.769,0.07692,12.31,1
PX005096,999,expired_card,wallet,ecommerce,8,4,3,10,3,82,910.45,1.097,0.667,0.4,25.18,0
PX005097,19999,insufficient_funds,netbanking,education,9,3,3,45,57,351,14843.96,1.347,0.75,0.06667,13.05,0
PX005098,1499,suspicious_reversal,upi,subscription,9,3,3,5,34,573,1972.08,0.76,0.75,0.6,39.59,0
PX005099,2499,mandate_expired,card,ecommerce,8,2,0,38,28,479,2106.97,1.186,0.8,0.05263,28.86,1
PX005100,499,mandate_expired,netbanking,media,9,2,1,3,20,549,586.63,0.851,0.818,0.66667,44.51,1
PX005101,19999,suspicious_reversal,wallet,subscription,7,6,2,23,40,70,19894.22,1.005,0.538,0.26087,12.51,0
PX005102,499,bank_timeout,netbanking,subscription,5,4,3,1,28,697,511.46,0.976,0.556,4.0,5.83,0
PX005103,4999,bank_timeout,wallet,education,10,0,0,11,31,249,4278.16,1.168,1.0,0.0,35.92,1
PX005104,1999,insufficient_funds,netbanking,ecommerce,9,3,2,50,12,211,1797.45,1.112,0.75,0.06,46.58,1
PX005105,1999,insufficient_funds,wallet,media,6,2,1,3,39,490,1862.85,1.073,0.75,0.66667,32.59,1
PX005106,499,insufficient_funds,upi,ecommerce,7,1,2,58,54,231,570.29,0.875,0.875,0.01724,21.8,1
PX005107,2499,expired_card,card,ecommerce,10,2,1,5,56,15,2517.73,0.993,0.833,0.4,37.86,0
PX005108,9999,insufficient_funds,wallet,education,12,1,1,10,32,709,12066.05,0.829,0.923,0.1,7.58,1
PX005109,9999,bank_timeout,netbanking,saas,12,1,3,38,56,537,7597.99,1.316,0.923,0.02632,8.68,1
PX005110,999,mandate_expired,card,subscription,3,0,2,54,24,671,1055.57,0.946,1.0,0.0,2.53,0
PX005111,4999,suspicious_reversal,card,media,9,2,3,16,40,187,6654.53,0.751,0.818,0.125,5.37,0
PX005112,499,suspicious_reversal,upi,media,5,3,1,43,59,289,620.22,0.805,0.625,0.06977,44.93,0
PX005113,9999,mandate_expired,card,ecommerce,9,3,3,41,17,416,12643.45,0.791,0.75,0.07317,34.41,0
PX005114,499,bank_timeout,wallet,saas,9,3,3,16,41,236,655.53,0.761,0.75,0.1875,27.86,1
PX005115,4999,mandate_expired,wallet,education,6,2,2,6,8,503,5230.23,0.956,0.75,0.33333,18.0,1
PX005116,19999,insufficient_funds,netbanking,subscription,6,1,3,1,14,93,15594.8,1.282,0.857,1.0,14.5,1
PX005117,19999,insufficient_funds,card,ecommerce,8,3,3,21,18,283,20749.21,0.964,0.727,0.14286,23.52,0
PX005118,499,expired_card,wallet,media,6,2,3,24,4,722,328.8,1.518,0.75,0.08333,43.8,0
PX005119,1499,suspicious_reversal,card,media,5,3,1,55,24,536,1236.39,1.212,0.625,0.05455,28.93,0
PX005120,4999,expired_card,netbanking,saas,12,4,3,55,54,205,4793.3,1.043,0.75,0.07273,21.41,1
PX005121,2499,bank_timeout,upi,media,6,2,1,12,6,682,1721.62,1.452,0.75,0.16667,2.22,1
PX005122,4999,insufficient_funds,upi,education,7,1,3,24,45,725,4204.66,1.189,0.875,0.04167,45.32,0
PX005123,999,bank_timeout,netbanking,education,8,2,3,18,32,83,785.39,1.272,0.8,0.11111,40.62,1
PX005124,1999,mandate_expired,upi,ecommerce,6,1,1,19,40,174,2456.64,0.814,0.857,0.05263,7.23,1
PX005125,4999,expired_card,wallet,education,10,2,1,31,8,331,4366.34,1.145,0.833,0.06452,13.42,0
PX005126,19999,insufficient_funds,netbanking,saas,4,1,0,14,2,686,17514.15,1.142,0.8,0.07143,20.47,1
PX005127,1499,suspicious_reversal,netbanking,ecommerce,10,3,0,6,55,445,1863.94,0.804,0.769,0.5,47.54,0
PX005128,499,expired_card,netbanking,saas,8,2,2,16,22,205,373.2,1.337,0.8,0.125,1.54,0
PX005129,999,mandate_expired,card,subscription,9,2,3,4,48,144,776.13,1.287,0.818,0.5,35.93,1
PX005130,1499,mandate_expired,upi,media,8,3,0,41,33,615,1887.63,0.794,0.727,0.07317,9.23,0
PX005131,4999,expired_card,upi,saas,4,4,1,11,34,412,5032.0,0.993,0.5,0.36364,29.35,0
PX005132,2499,mandate_expired,wallet,education,10,3,2,8,32,452,2897.2,0.863,0.769,0.375,40.33,0
PX005133,19999,bank_timeout,wallet,subscription,8,5,1,28,45,208,17333.59,1.154,0.615,0.17857,31.83,1
PX005134,4999,bank_timeout,upi,media,8,2,3,28,22,596,5087.96,0.983,0.8,0.07143,45.98,0
PX005135,1999,suspicious_reversal,upi,saas,10,1,0,33,51,128,1235.16,1.618,0.909,0.0303,14.41,1
PX005136,9999,bank_timeout,wallet,media,8,4,1,18,41,436,10683.86,0.936,0.667,0.22222,27.23,1
PX005137,4999,bank_timeout,netbanking,saas,9,2,1,5,15,203,6205.2,0.806,0.818,0.4,34.22,0
PX005138,499,suspicious_reversal,card,ecommerce,8,2,3,1,29,627,662.4,0.753,0.8,2.0,39.05,0
PX005139,1999,expired_card,card,education,7,0,2,27,42,159,2656.37,0.753,1.0,0.0,30.24,0
PX005140,999,expired_card,wallet,media,5,1,3,49,37,147,883.28,1.131,0.833,0.02041,39.42,0
PX005141,499,expired_card,card,subscription,6,1,3,20,44,232,485.08,1.029,0.857,0.05,19.32,0
PX005142,1499,suspicious_reversal,netbanking,saas,6,0,3,7,55,235,1583.83,0.946,1.0,0.0,6.7,0
PX005143,1999,suspicious_reversal,netbanking,media,10,1,0,26,59,718,1252.63,1.596,0.909,0.03846,16.28,0
PX005144,4999,mandate_expired,netbanking,ecommerce,11,2,3,48,42,692,6447.91,0.775,0.846,0.04167,21.92,0
PX005145,4999,bank_timeout,netbanking,ecommerce,15,1,3,35,5,106,5306.07,0.942,0.938,0.02857,17.27,1
PX005146,1499,bank_timeout,wallet,education,7,7,0,20,16,367,2022.83,0.741,0.5,0.35,1.25,0
PX005147,1499,suspicious_reversal,upi,subscription,4,1,3,51,26,686,1010.06,1.484,0.8,0.01961,6.59,0
PX005148,19999,suspicious_reversal,wallet,media,3,0,2,31,50,212,27635.12,0.724,1.0,0.0,31.11,0
PX005149,4999,suspicious_reversal,netbanking,ecommerce,3,4,1,37,29,132,3447.99,1.45,0.429,0.10811,29.91,0
PX005150,999,bank_timeout,upi,saas,7,2,1,40,29,416,1212.74,0.824,0.778,0.05,6.73,1
PX005151,19999,expired_card,upi,media,8,1,0,40,4,178,27178.81,0.736,0.889,0.025,39.49,0
PX005152,499,bank_timeout,netbanking,saas,4,4,2,15,15,590,323.74,1.541,0.5,0.26667,27.31,0
PX005153,1999,mandate_expired,upi,media,9,2,2,7,14,349,2352.47,0.85,0.818,0.28571,1.31,1
PX005154,1999,expired_card,card,saas,3,3,1,27,27,268,1385.75,1.443,0.5,0.11111,7.79,0
PX005155,1999,suspicious_reversal,netbanking,media,11,3,3,52,36,523,1826.53,1.094,0.786,0.05769,42.82,0
PX005156,1499,mandate_expired,upi,ecommerce,7,1,2,15,21,452,1498.57,1.0,0.875,0.06667,10.48,0
PX005157,1499,mandate_expired,netbanking,subscription,8,1,3,52,29,60,1948.83,0.769,0.889,0.01923,20.62,0
PX005158,19999,bank_timeout,card,education,5,4,1,4,32,628,20734.1,0.965,0.556,1.0,15.23,0
PX005159,2499,expired_card,netbanking,subscription,12,4,1,14,28,208,2239.03,1.116,0.75,0.28571,26.92,0
PX005160,2499,mandate_expired,upi,subscription,3,0,1,53,50,430,2427.4,1.029,1.0,0.0,4.85,1
PX005161,2499,expired_card,wallet,saas,11,3,2,43,30,708,2651.53,0.942,0.786,0.06977,15.05,0
PX005162,4999,bank_timeout,upi,saas,9,1,0,47,1,111,3077.82,1.624,0.9,0.02128,47.71,1
PX005163,1999,suspicious_reversal,upi,saas,5,2,2,27,6,327,2522.59,0.792,0.714,0.07407,5.46,1
PX005164,999,mandate_expired,upi,saas,10,0,2,56,6,604,1303.37,0.766,1.0,0.0,12.6,1
PX005165,19999,mandate_expired,card,media,7,1,2,14,24,648,26476.93,0.755,0.875,0.07143,33.26,1
PX005166,1999,suspicious_reversal,netbanking,ecommerce,7,2,1,34,7,76,1229.24,1.626,0.778,0.05882,41.59,0
PX005167,9999,bank_timeout,upi,saas,11,2,1,60,29,80,13746.46,0.727,0.846,0.03333,29.09,1
PX005168,19999,expired_card,netbanking,subscription,5,0,1,51,21,597,19445.13,1.028,1.0,0.0,21.99,1
PX005169,19999,bank_timeout,wallet,education,7,2,0,45,1,276,24540.39,0.815,0.778,0.04444,4.04,1
PX005170,999,expired_card,netbanking,ecommerce,12,1,1,4,29,205,700.49,1.426,0.923,0.25,18.94,1
PX005171,9999,suspicious_reversal,card,media,6,2,1,36,23,199,10873.83,0.92,0.75,0.05556,2.54,1
PX005172,19999,bank_timeout,card,education,7,2,1,7,56,489,15268.63,1.31,0.778,0.28571,1.6,1
PX005173,19999,expired_card,upi,subscription,6,1,1,36,51,108,12437.23,1.608,0.857,0.02778,17.21,0
PX005174,4999,insufficient_funds,netbanking,subscription,9,4,2,28,28,5,4514.84,1.107,0.692,0.14286,25.9,0
PX005175,999,insufficient_funds,card,saas,10,2,1,53,41,263,1059.9,0.943,0.833,0.03774,43.63,1
PX005176,1499,insufficient_funds,netbanking,education,9,3,1,60,50,446,1644.34,0.912,0.75,0.05,7.84,0
PX005177,2499,mandate_expired,card,subscription,4,2,1,2,16,617,2010.15,1.243,0.667,1.0,37.52,0
PX005178,499,mandate_expired,upi,media,7,0,2,42,16,463,393.12,1.269,1.0,0.0,30.93,1
PX005179,1499,expired_card,card,media,7,4,0,40,40,560,1272.69,1.178,0.636,0.1,22.11,1
PX005180,499,bank_timeout,netbanking,education,8,1,2,3,18,142,694.18,0.719,0.889,0.33333,12.82,1
PX005181,1499,suspicious_reversal,upi,saas,9,3,2,25,45,531,1881.18,0.797,0.75,0.12,17.94,0
PX005182,4999,bank_timeout,wallet,saas,8,1,3,3,59,12,4936.28,1.013,0.889,0.33333,32.9,0
PX005183,1999,insufficient_funds,wallet,saas,10,1,0,2,4,498,2651.4,0.754,0.909,0.5,34.31,1
PX005184,9999,suspicious_reversal,upi,saas,7,1,3,1,28,529,10807.73,0.925,0.875,1.0,33.25,0
PX005185,2499,bank_timeout,wallet,media,9,2,3,51,12,287,2702.16,0.925,0.818,0.03922,7.96,1
PX005186,9999,mandate_expired,wallet,education,10,2,1,57,7,203,6710.96,1.49,0.833,0.03509,19.69,0
PX005187,2499,suspicious_reversal,netbanking,ecommerce,5,2,1,45,13,402,2028.2,1.232,0.714,0.04444,19.93,0
PX005188,999,insufficient_funds,card,saas,10,2,0,23,35,224,1271.95,0.785,0.833,0.08696,26.17,1
PX005189,999,mandate_expired,netbanking,ecommerce,6,2,2,7,8,563,1221.76,0.818,0.75,0.28571,26.23,0
PX005190,999,bank_timeout,wallet,media,6,1,3,43,7,344,1391.83,0.718,0.857,0.02326,4.74,1
PX005191,2499,mandate_expired,netbanking,subscription,2,2,1,36,44,240,3374.49,0.741,0.5,0.05556,1.85,0
PX005192,9999,suspicious_reversal,wallet,media,11,3,3,9,9,630,10586.31,0.945,0.786,0.33333,45.3,0
PX005193,19999,bank_timeout,card,ecommerce,10,3,3,19,47,277,16534.86,1.21,0.769,0.15789,14.8,1
PX005194,1499,expired_card,wallet,ecommerce,12,2,0,41,14,244,1439.91,1.041,0.857,0.04878,18.98,0
PX005195,1499,insufficient_funds,upi,subscription,9,1,2,10,25,588,933.99,1.605,0.9,0.1,39.11,1
PX005196,499,mandate_expired,upi,saas,15,3,0,7,6,511,460.72,1.083,0.833,0.42857,1.33,0
PX005197,4999,mandate_expired,wallet,saas,7,2,2,5,29,86,5620.53,0.889,0.778,0.4,43.79,1
PX005198,999,suspicious_reversal,upi,ecommerce,7,2,3,33,3,704,1027.17,0.973,0.778,0.06061,2.64,1
PX005199,1999,expired_card,upi,education,14,2,0,22,15,634,2382.9,0.839,0.875,0.09091,11.09,1
PX005200,1499,mandate_expired,card,saas,5,1,2,40,14,472,1031.46,1.453,0.833,0.025,39.86,0
PX005201,2499,mandate_expired,wallet,ecommerce,5,1,2,52,6,464,2851.58,0.876,0.833,0.01923,18.42,1
PX005202,2499,mandate_expired,wallet,education,11,1,0,28,20,511,1740.83,1.436,0.917,0.03571,43.04,0
PX005203,2499,bank_timeout,netbanking,education,8,1,1,12,35,113,2587.89,0.966,0.889,0.08333,45.51,1
PX005204,499,expired_card,wallet,ecommerce,14,1,3,23,60,75,597.63,0.835,0.933,0.04348,33.16,1
PX005205,1499,bank_timeout,card,subscription,9,1,3,11,19,248,1665.72,0.9,0.9,0.09091,10.38,0
PX005206,499,suspicious_reversal,wallet,education,12,0,0,13,26,201,371.91,1.342,1.0,0.0,21.74,0
PX005207,999,bank_timeout,card,education,14,0,1,56,40,273,798.13,1.252,1.0,0.0,13.56,1
PX005208,9999,expired_card,netbanking,ecommerce,3,4,2,39,39,55,13375.23,0.748,0.429,0.10256,1.24,1
PX005209,499,suspicious_reversal,netbanking,education,7,2,0,37,3,185,432.14,1.155,0.778,0.05405,36.29,1
PX005210,499,expired_card,card,ecommerce,9,4,0,51,23,440,690.75,0.722,0.692,0.07843,26.9,0
PX005211,1499,bank_timeout,netbanking,subscription,5,0,2,40,8,272,1125.16,1.332,1.0,0.0,2.17,0
PX005212,9999,bank_timeout,wallet,saas,9,2,2,27,54,199,8462.95,1.182,0.818,0.07407,12.93,1
PX005213,19999,suspicious_reversal,netbanking,saas,8,1,0,56,27,646,22556.45,0.887,0.889,0.01786,1.88,1
PX005214,19999,insufficient_funds,netbanking,education,7,1,3,6,48,365,27526.18,0.727,0.875,0.16667,31.95,1
PX005215,19999,insufficient_funds,card,subscription,8,2,0,20,52,90,14978.34,1.335,0.8,0.1,8.04,1
PX005216,2499,insufficient_funds,upi,saas,7,3,1,24,59,275,1913.9,1.306,0.7,0.125,26.93,0
PX005217,9999,bank_timeout,wallet,education,12,2,2,14,34,117,9280.77,1.077,0.857,0.14286,23.01,1
PX005218,19999,suspicious_reversal,netbanking,subscription,9,2,2,39,28,195,15431.91,1.296,0.818,0.05128,28.91,0
PX005219,999,suspicious_reversal,netbanking,media,6,4,0,11,3,129,1050.7,0.951,0.6,0.36364,32.25,0
PX005220,1499,insufficient_funds,netbanking,ecommerce,10,3,0,9,46,36,1143.5,1.311,0.769,0.33333,39.22,1
PX005221,9999,mandate_expired,upi,saas,11,3,0,47,23,195,9128.42,1.095,0.786,0.06383,37.56,0
PX005222,1499,suspicious_reversal,netbanking,saas,12,0,0,40,57,314,1860.58,0.806,1.0,0.0,40.5,0
PX005223,499,insufficient_funds,upi,education,6,0,0,14,7,402,521.91,0.956,1.0,0.0,22.16,0
PX005224,1999,bank_timeout,netbanking,media,2,3,0,32,52,74,2623.05,0.762,0.4,0.09375,28.11,1
PX005225,19999,mandate_expired,netbanking,media,12,2,1,19,13,492,12080.89,1.655,0.857,0.10526,32.72,0
PX005226,1499,expired_card,upi,media,15,3,0,13,40,249,1284.9,1.167,0.833,0.23077,40.9,1
PX005227,19999,mandate_expired,card,media,16,4,2,50,20,376,17079.21,1.171,0.8,0.08,2.68,1
PX005228,4999,bank_timeout,upi,subscription,7,3,2,41,47,198,3003.3,1.665,0.7,0.07317,25.9,0
PX005229,499,bank_timeout,upi,ecommerce,14,4,2,47,57,477,455.5,1.096,0.778,0.08511,30.18,1
PX005230,19999,suspicious_reversal,card,media,8,4,1,30,36,570,23887.12,0.837,0.667,0.13333,44.54,0
PX005231,19999,bank_timeout,wallet,media,7,6,2,40,36,108,20647.75,0.969,0.538,0.15,2.95,1
PX005232,2499,suspicious_reversal,upi,saas,10,2,2,40,44,264,3468.29,0.721,0.833,0.05,28.78,0
PX005233,4999,expired_card,card,saas,7,1,1,11,27,405,3569.06,1.401,0.875,0.09091,2.48,1
PX005234,19999,expired_card,upi,saas,11,3,3,56,40,185,21871.11,0.914,0.786,0.05357,41.71,0
PX005235,9999,insufficient_funds,netbanking,subscription,4,1,1,16,15,431,6628.21,1.509,0.8,0.0625,35.23,1
PX005236,1999,suspicious_reversal,upi,education,10,5,3,6,43,41,1486.16,1.345,0.667,0.83333,20.4,0
PX005237,1999,mandate_expired,upi,ecommerce,14,2,1,13,30,287,1762.38,1.134,0.875,0.15385,43.35,0
PX005238,4999,insufficient_funds,netbanking,saas,8,1,1,1,5,66,4573.7,1.093,0.889,1.0,37.41,0
PX005239,2499,mandate_expired,netbanking,media,3,3,1,2,33,19,1749.85,1.428,0.5,1.5,12.46,1
PX005240,4999,bank_timeout,netbanking,subscription,9,1,2,20,22,104,5997.32,0.834,0.9,0.05,35.16,1
PX005241,19999,insufficient_funds,card,education,6,1,2,33,37,607,26075.41,0.767,0.857,0.0303,13.16,1
PX005242,1999,insufficient_funds,wallet,saas,6,3,0,20,25,542,2576.33,0.776,0.667,0.15,25.8,0
PX005243,499,suspicious_reversal,wallet,ecommerce,4,4,2,14,31,274,479.24,1.041,0.5,0.28571,37.11,0
PX005244,499,bank_timeout,netbanking,saas,8,1,1,4,55,649,387.96,1.286,0.889,0.25,29.06,1
PX005245,1499,bank_timeout,card,media,4,4,3,2,31,11,1702.29,0.881,0.5,2.0,0.64,0
PX005246,9999,suspicious_reversal,card,ecommerce,10,4,2,45,26,483,13001.29,0.769,0.714,0.08889,40.97,0
PX005247,999,mandate_expired,wallet,saas,5,2,2,23,7,204,1251.78,0.798,0.714,0.08696,33.59,1
PX005248,1999,bank_timeout,upi,media,9,4,2,10,29,101,1448.43,1.38,0.692,0.4,25.77,1
PX005249,499,insufficient_funds,card,media,10,7,2,54,45,42,524.25,0.952,0.588,0.12963,18.61,0
PX005250,4999,suspicious_reversal,netbanking,education,8,1,3,25,27,126,5928.88,0.843,0.889,0.04,32.29,0
PX005251,499,bank_timeout,netbanking,education,18,0,2,13,45,394,659.27,0.757,1.0,0.0,20.23,1
PX005252,4999,mandate_expired,netbanking,subscription,8,1,0,10,54,456,3585.26,1.394,0.889,0.1,19.41,1
PX005253,999,expired_card,netbanking,media,13,2,3,44,6,315,1289.41,0.775,0.867,0.04545,45.43,0
PX005254,1499,mandate_expired,card,media,4,1,2,54,43,215,2089.75,0.717,0.8,0.01852,21.29,1
PX005255,1999,insufficient_funds,netbanking,ecommerce,8,1,2,50,16,480,1224.62,1.632,0.889,0.02,37.86,0
PX005256,9999,expired_card,card,media,12,3,2,56,4,625,13053.43,0.766,0.8,0.05357,35.64,1
PX005257,2499,mandate_expired,upi,saas,8,3,0,35,51,524,1631.67,1.532,0.727,0.08571,25.57,0
PX005258,4999,suspicious_reversal,upi,subscription,9,1,0,35,1,173,6791.52,0.736,0.9,0.02857,21.67,0
PX005259,499,mandate_expired,upi,media,14,0,2,59,31,220,381.09,1.309,1.0,0.0,47.55,1
PX005260,19999,expired_card,netbanking,media,9,1,1,22,2,3,15698.51,1.274,0.9,0.04545,3.04,1
PX005261,499,mandate_expired,card,ecommerce,9,2,0,56,43,306,615.43,0.811,0.818,0.03571,38.68,1
PX005262,9999,bank_timeout,upi,education,7,5,0,35,59,244,11428.94,0.875,0.583,0.14286,27.57,0
PX005263,1999,insufficient_funds,wallet,saas,11,3,2,58,11,299,1912.38,1.045,0.786,0.05172,8.84,0
PX005264,1999,suspicious_reversal,card,saas,8,1,0,54,31,98,1988.53,1.005,0.889,0.01852,42.32,0
PX005265,999,expired_card,upi,subscription,9,2,1,38,35,689,726.66,1.375,0.818,0.05263,48.0,1
PX005266,999,mandate_expired,netbanking,ecommerce,14,5,3,51,43,517,1080.68,0.924,0.737,0.09804,28.36,0
PX005267,999,bank_timeout,netbanking,saas,6,1,3,53,36,333,1214.17,0.823,0.857,0.01887,30.95,1
PX005268,2499,suspicious_reversal,upi,subscription,11,3,0,49,56,407,2088.94,1.196,0.786,0.06122,24.08,1
PX005269,1499,mandate_expired,wallet,ecommerce,15,3,0,7,44,85,957.22,1.566,0.833,0.42857,36.9,1
PX005270,4999,expired_card,wallet,media,9,7,1,33,59,711,5272.4,0.948,0.562,0.21212,0.98,0
PX005271,19999,suspicious_reversal,wallet,saas,5,2,2,53,52,202,22439.94,0.891,0.714,0.03774,31.93,0
PX005272,1999,suspicious_reversal,upi,subscription,8,1,0,46,36,517,1325.67,1.508,0.889,0.02174,13.57,0
PX005273,4999,insufficient_funds,upi,subscription,8,1,0,56,17,309,4010.63,1.246,0.889,0.01786,30.25,0
PX005274,9999,bank_timeout,netbanking,saas,6,3,0,17,34,652,12262.89,0.815,0.667,0.17647,44.8,1
PX005275,19999,suspicious_reversal,card,saas,8,2,0,34,28,59,19701.04,1.015,0.8,0.05882,29.61,0
PX005276,1499,expired_card,netbanking,ecommerce,5,2,1,4,18,562,1448.52,1.035,0.714,0.5,27.2,1
PX005277,19999,insufficient_funds,wallet,education,10,1,0,15,24,564,25318.33,0.79,0.909,0.06667,1.57,0
PX005278,1499,expired_card,wallet,ecommerce,16,1,1,15,34,64,901.48,1.663,0.941,0.06667,19.09,1
PX005279,2499,suspicious_reversal,upi,saas,12,3,0,4,49,176,2265.83,1.103,0.8,0.75,11.3,1
PX005280,9999,suspicious_reversal,upi,subscription,11,3,1,55,26,258,9154.0,1.092,0.786,0.05455,7.58,0
PX005281,999,bank_timeout,upi,education,7,2,0,38,60,215,777.23,1.285,0.778,0.05263,45.29,1
PX005282,999,insufficient_funds,netbanking,ecommerce,12,2,0,47,3,433,1195.34,0.836,0.857,0.04255,18.66,1
PX005283,9999,expired_card,netbanking,media,10,3,0,35,15,623,6863.47,1.457,0.769,0.08571,29.09,1
PX005284,499,insufficient_funds,card,subscription,10,0,2,20,33,492,415.61,1.201,1.0,0.0,15.01,1
PX005285,499,insufficient_funds,wallet,education,11,2,2,26,34,334,591.6,0.843,0.846,0.07692,31.64,0
PX005286,9999,expired_card,upi,saas,9,2,2,19,22,520,10225.63,0.978,0.818,0.10526,4.53,0
PX005287,4999,insufficient_funds,netbanking,education,9,1,3,33,25,23,5854.11,0.854,0.9,0.0303,3.41,0
PX005288,499,bank_timeout,netbanking,saas,12,4,2,58,20,653,410.29,1.216,0.75,0.06897,2.0,1
PX005289,999,suspicious_reversal,upi,saas,14,3,2,25,39,477,1182.06,0.845,0.824,0.12,38.1,1
PX005290,2499,mandate_expired,upi,education,5,0,0,10,16,437,2516.92,0.993,1.0,0.0,42.77,1
PX005291,4999,bank_timeout,wallet,saas,4,1,3,1,17,719,5488.51,0.911,0.8,1.0,12.19,1
PX005292,999,expired_card,card,education,5,1,1,54,27,519,1293.12,0.773,0.833,0.01852,18.98,0
PX005293,1499,expired_card,card,ecommerce,3,2,3,29,24,535,1383.43,1.084,0.6,0.06897,6.33,0
PX005294,1999,suspicious_reversal,card,media,9,2,0,9,35,433,2021.3,0.989,0.818,0.22222,18.51,0
PX005295,1999,expired_card,card,saas,13,3,2,23,52,582,2231.64,0.896,0.812,0.13043,19.06,0
PX005296,19999,mandate_expired,card,saas,12,1,2,52,52,572,24040.29,0.832,0.923,0.01923,2.24,0
PX005297,1999,bank_timeout,card,ecommerce,8,2,0,24,47,633,1613.71,1.239,0.8,0.08333,40.0,1
PX005298,9999,insufficient_funds,card,saas,9,3,0,47,12,450,10355.68,0.966,0.75,0.06383,9.97,1
PX005299,19999,suspicious_reversal,card,ecommerce,8,1,3,32,10,654,21962.39,0.911,0.889,0.03125,46.31,0
PX005300,9999,insufficient_funds,upi,education,11,0,0,57,16,256,6505.16,1.537,1.0,0.0,13.95,1
PX005301,19999,suspicious_reversal,upi,media,4,0,1,53,23,219,26600.87,0.752,1.0,0.0,0.85,0
PX005302,2499,suspicious_reversal,netbanking,ecommerce,7,1,3,22,13,177,1720.61,1.452,0.875,0.04545,22.7,0
PX005303,499,suspicious_reversal,card,subscription,10,1,2,57,14,450,358.97,1.39,0.909,0.01754,36.75,1
PX005304,2499,bank_timeout,card,education,4,4,2,8,11,465,3410.86,0.733,0.5,0.5,14.8,1
PX005305,4999,mandate_expired,card,subscription,9,2,0,44,54,564,6181.92,0.809,0.818,0.04545,12.89,1
PX005306,9999,insufficient_funds,netbanking,saas,12,1,3,7,52,623,8123.36,1.231,0.923,0.14286,34.66,0
PX005307,999,insufficient_funds,netbanking,subscription,5,2,1,31,16,385,1004.79,0.994,0.714,0.06452,3.91,1
PX005308,4999,bank_timeout,card,ecommerce,10,1,2,51,40,654,5814.1,0.86,0.909,0.01961,37.84,0
PX005309,4999,bank_timeout,wallet,subscription,11,0,2,34,23,287,3407.84,1.467,1.0,0.0,35.76,1
PX005310,19999,mandate_expired,wallet,media,7,3,1,17,23,63,19299.62,1.036,0.7,0.17647,47.36,0
PX005311,9999,mandate_expired,netbanking,subscription,4,4,1,26,13,219,10169.07,0.983,0.5,0.15385,47.0,0
PX005312,999,insufficient_funds,upi,subscription,6,0,0,50,21,132,1192.22,0.838,1.0,0.0,39.38,0
PX005313,1499,bank_timeout,upi,media,7,0,1,34,37,489,1789.46,0.838,1.0,0.0,6.89,1
PX005314,1999,mandate_expired,wallet,ecommerce,7,2,2,56,58,547,1541.28,1.297,0.778,0.03571,47.73,1
PX005315,2499,insufficient_funds,netbanking,subscription,13,0,0,48,52,423,2661.77,0.939,1.0,0.0,26.47,1
PX005316,2499,bank_timeout,wallet,ecommerce,4,2,1,49,46,61,1932.75,1.293,0.667,0.04082,24.18,1
PX005317,1499,suspicious_reversal,card,saas,11,0,3,44,36,407,1334.11,1.124,1.0,0.0,6.11,1
PX005318,2499,expired_card,card,subscription,14,2,0,39,60,552,1906.53,1.311,0.875,0.05128,32.89,1
PX005319,19999,mandate_expired,netbanking,subscription,12,2,0,48,40,323,22907.84,0.873,0.857,0.04167,47.4,0
PX005320,2499,mandate_expired,wallet,saas,7,1,3,59,54,450,2777.14,0.9,0.875,0.01695,1.01,1
PX005321,999,insufficient_funds,wallet,subscription,9,2,0,15,55,116,672.58,1.485,0.818,0.13333,36.16,1
PX005322,1999,expired_card,wallet,ecommerce,9,3,1,36,40,356,2143.96,0.932,0.75,0.08333,44.67,1
PX005323,2499,expired_card,upi,saas,13,1,2,28,38,242,1825.91,1.369,0.929,0.03571,11.98,1
PX005324,9999,expired_card,upi,education,7,1,2,12,56,493,9141.75,1.094,0.875,0.08333,38.86,0
PX005325,19999,insufficient_funds,netbanking,subscription,6,0,2,55,10,229,17340.36,1.153,1.0,0.0,5.15,1
PX005326,4999,expired_card,card,ecommerce,8,1,2,35,42,547,6992.76,0.715,0.889,0.02857,4.03,0
PX005327,1999,insufficient_funds,card,ecommerce,4,4,3,26,5,203,2160.6,0.925,0.5,0.15385,23.12,0
PX005328,19999,insufficient_funds,card,ecommerce,11,1,1,34,13,445,22876.73,0.874,0.917,0.02941,25.16,0
PX005329,19999,insufficient_funds,wallet,subscription,6,2,3,18,40,267,13230.69,1.512,0.75,0.11111,41.51,1
PX005330,2499,insufficient_funds,card,subscription,6,2,3,23,8,196,3203.34,0.78,0.75,0.08696,23.65,1
PX005331,9999,expired_card,upi,ecommerce,8,0,2,15,33,364,10432.99,0.958,1.0,0.0,3.06,0
PX005332,999,bank_timeout,netbanking,media,9,0,3,48,17,411,1045.94,0.955,1.0,0.0,18.13,1
PX005333,19999,bank_timeout,wallet,education,6,0,0,18,17,294,20840.73,0.96,1.0,0.0,33.08,0
PX005334,999,mandate_expired,netbanking,saas,9,3,3,41,15,176,1033.67,0.966,0.75,0.07317,36.76,0
PX005335,9999,expired_card,wallet,education,7,1,1,30,53,531,13174.1,0.759,0.875,0.03333,42.35,1
PX005336,9999,expired_card,upi,subscription,3,3,1,54,10,472,9819.04,1.018,0.5,0.05556,11.13,1
PX005337,19999,mandate_expired,card,saas,12,4,0,33,26,257,14592.96,1.37,0.75,0.12121,45.7,1
PX005338,1999,insufficient_funds,netbanking,saas,13,3,2,50,40,432,1533.26,1.304,0.812,0.06,38.32,0
PX005339,4999,insufficient_funds,netbanking,subscription,7,2,3,48,8,165,4417.83,1.132,0.778,0.04167,6.11,0
PX005340,4999,bank_timeout,card,ecommerce,10,0,1,16,34,61,6219.48,0.804,1.0,0.0,42.27,1
PX005341,999,insufficient_funds,card,education,7,2,1,2,31,105,667.77,1.496,0.778,1.0,34.14,0
PX005342,999,bank_timeout,netbanking,education,9,2,3,18,24,437,1040.86,0.96,0.818,0.11111,36.35,0
PX005343,9999,mandate_expired,upi,saas,9,2,2,47,37,275,8481.67,1.179,0.818,0.04255,38.56,0
PX005344,1999,bank_timeout,wallet,education,7,2,2,45,5,722,1953.2,1.023,0.778,0.04444,31.3,1
PX005345,499,expired_card,upi,education,11,1,2,60,45,20,308.04,1.62,0.917,0.01667,33.91,1
PX005346,9999,bank_timeout,wallet,education,3,8,2,1,39,297,11679.41,0.856,0.273,8.0,16.73,1
PX005347,1499,insufficient_funds,netbanking,saas,13,1,1,42,58,454,1250.94,1.198,0.929,0.02381,46.86,1
PX005348,499,insufficient_funds,card,saas,9,3,2,11,53,567,300.23,1.662,0.75,0.27273,23.28,1
PX005349,1499,insufficient_funds,wallet,saas,11,0,0,42,21,475,1909.45,0.785,1.0,0.0,40.01,1
PX005350,1999,insufficient_funds,card,saas,5,1,1,8,29,378,2581.92,0.774,0.833,0.125,46.39,1
PX005351,1999,insufficient_funds,upi,ecommerce,9,3,0,57,21,564,1734.45,1.153,0.75,0.05263,28.05,1
PX005352,499,expired_card,netbanking,education,5,0,1,60,19,137,429.24,1.163,1.0,0.0,3.98,0
PX005353,999,insufficient_funds,card,ecommerce,12,5,3,15,11,511,1185.46,0.843,0.706,0.33333,35.01,1
PX005354,19999,expired_card,wallet,media,5,2,2,33,30,565,19384.24,1.032,0.714,0.06061,41.8,1
PX005355,4999,suspicious_reversal,netbanking,ecommerce,6,1,0,34,49,74,4486.28,1.114,0.857,0.02941,31.57,0
PX005356,1499,suspicious_reversal,netbanking,media,11,7,1,55,3,252,1532.12,0.978,0.611,0.12727,9.04,0
PX005357,999,insufficient_funds,netbanking,subscription,11,1,3,2,17,436,868.23,1.151,0.917,0.5,38.42,0
PX005358,1499,suspicious_reversal,upi,saas,18,2,1,24,60,627,1865.57,0.804,0.9,0.08333,19.2,0
PX005359,9999,insufficient_funds,wallet,education,8,1,0,30,55,240,6202.82,1.612,0.889,0.03333,26.35,1
PX005360,999,suspicious_reversal,upi,saas,3,2,0,34,30,445,1098.07,0.91,0.6,0.05882,11.45,0
PX005361,1999,bank_timeout,wallet,media,8,2,1,27,12,317,2385.48,0.838,0.8,0.07407,3.49,1
PX005362,999,mandate_expired,netbanking,ecommerce,7,2,0,55,39,308,1329.69,0.751,0.778,0.03636,13.4,0
PX005363,19999,mandate_expired,netbanking,media,11,1,1,31,47,542,20844.28,0.959,0.917,0.03226,37.85,0
PX005364,9999,expired_card,netbanking,ecommerce,7,2,2,1,5,265,12076.73,0.828,0.778,2.0,1.87,1
PX005365,9999,suspicious_reversal,card,subscription,6,3,2,59,50,319,13271.17,0.753,0.667,0.05085,12.03,0
PX005366,999,expired_card,upi,saas,8,4,2,44,33,632,1076.55,0.928,0.667,0.09091,29.28,0
PX005367,499,bank_timeout,wallet,ecommerce,10,3,0,34,25,181,637.88,0.782,0.769,0.08824,36.57,1
PX005368,1499,expired_card,netbanking,media,2,2,1,1,48,9,2061.92,0.727,0.5,2.0,37.45,0
PX005369,999,insufficient_funds,wallet,ecommerce,16,4,1,6,44,519,746.09,1.339,0.8,0.66667,38.3,1
PX005370,499,mandate_expired,wallet,saas,6,3,3,8,40,163,328.53,1.519,0.667,0.375,31.11,0
PX005371,2499,insufficient_funds,wallet,education,8,1,1,3,13,682,3398.55,0.735,0.889,0.33333,16.83,1
PX005372,1999,expired_card,netbanking,ecommerce,7,1,3,35,59,252,1366.91,1.462,0.875,0.02857,42.09,0
PX005373,2499,suspicious_reversal,card,education,11,2,2,56,9,494,2256.16,1.108,0.846,0.03571,1.87,0
PX005374,2499,suspicious_reversal,wallet,media,11,6,1,59,12,197,1885.82,1.325,0.647,0.10169,41.95,0
PX005375,19999,insufficient_funds,wallet,ecommerce,4,3,1,56,59,5,16784.75,1.191,0.571,0.05357,28.33,0
PX005376,1499,suspicious_reversal,upi,education,4,2,1,9,6,697,1270.43,1.18,0.667,0.22222,13.85,1
PX005377,2499,suspicious_reversal,netbanking,education,9,1,3,1,57,71,1599.3,1.563,0.9,1.0,25.54,1
PX005378,2499,mandate_expired,card,education,8,3,0,23,27,583,3043.29,0.821,0.727,0.13043,41.88,1
PX005379,9999,bank_timeout,upi,education,16,1,2,26,47,667,10448.96,0.957,0.941,0.03846,30.29,1
PX005380,499,insufficient_funds,card,subscription,16,1,2,41,50,268,396.38,1.259,0.941,0.02439,26.06,1
PX005381,1999,insufficient_funds,upi,subscription,7,5,1,10,40,268,1501.29,1.332,0.583,0.5,2.19,1
PX005382,2499,expired_card,card,education,8,3,0,24,48,704,2919.41,0.856,0.727,0.125,3.21,0
PX005383,1499,bank_timeout,wallet,education,8,2,1,33,16,689,1100.77,1.362,0.8,0.06061,25.48,1
PX005384,1499,expired_card,upi,ecommerce,11,1,2,53,56,528,1003.66,1.494,0.917,0.01887,7.93,0
PX005385,1499,suspicious_reversal,netbanking,saas,8,1,1,27,21,686,2061.24,0.727,0.889,0.03704,25.93,1
PX005386,999,expired_card,netbanking,ecommerce,3,1,0,43,22,721,976.72,1.023,0.75,0.02326,43.91,0
PX005387,4999,bank_timeout,wallet,media,7,2,0,44,37,148,6900.8,0.724,0.778,0.04545,24.08,1
PX005388,499,suspicious_reversal,wallet,ecommerce,10,2,2,9,27,489,411.17,1.214,0.833,0.22222,21.55,0
PX005389,19999,bank_timeout,upi,saas,14,2,0,33,42,104,19103.62,1.047,0.875,0.06061,41.59,1
PX005390,499,bank_timeout,netbanking,education,10,2,3,35,3,320,457.23,1.091,0.833,0.05714,43.23,1
PX005391,19999,insufficient_funds,netbanking,ecommerce,4,1,1,57,26,224,20909.6,0.956,0.8,0.01754,38.56,0
PX005392,4999,bank_timeout,card,saas,13,2,2,30,59,480,3587.65,1.393,0.867,0.06667,45.87,0
PX005393,1999,suspicious_reversal,card,ecommerce,4,3,3,48,54,219,2216.78,0.902,0.571,0.0625,17.95,0
PX005394,999,suspicious_reversal,wallet,media,10,2,2,37,21,259,1202.25,0.831,0.833,0.05405,24.2,0
PX005395,19999,bank_timeout,upi,media,3,1,0,20,27,555,22932.25,0.872,0.75,0.05,3.23,1
PX005396,4999,insufficient_funds,wallet,media,11,5,3,26,22,372,4226.79,1.183,0.688,0.19231,13.65,0
PX005397,999,expired_card,wallet,saas,10,2,2,46,56,483,1023.64,0.976,0.833,0.04348,3.45,1
PX005398,1499,mandate_expired,wallet,media,14,6,0,56,7,548,1392.99,1.076,0.7,0.10714,22.12,1
PX005399,499,suspicious_reversal,card,media,7,4,3,32,51,113,671.04,0.744,0.636,0.125,31.24,0
PX005400,1499,bank_timeout,netbanking,subscription,12,1,0,32,29,226,1378.26,1.088,0.923,0.03125,22.58,1
PX005401,2499,bank_timeout,card,subscription,9,1,0,48,24,726,2238.18,1.117,0.9,0.02083,20.23,1
PX005402,9999,bank_timeout,upi,saas,9,1,2,59,41,576,11566.68,0.864,0.9,0.01695,18.17,1
PX005403,2499,expired_card,netbanking,subscription,9,2,1,60,16,717,1947.6,1.283,0.818,0.03333,28.47,0
PX005404,1999,expired_card,card,media,5,2,0,25,25,669,1224.15,1.633,0.714,0.08,11.9,0
PX005405,999,insufficient_funds,netbanking,education,5,2,0,1,11,335,1369.49,0.729,0.714,2.0,41.5,1
PX005406,499,bank_timeout,upi,saas,7,1,3,39,24,348,575.1,0.868,0.875,0.02564,9.04,1
PX005407,499,bank_timeout,card,education,5,2,0,22,10,598,691.56,0.722,0.714,0.09091,19.11,1
PX005408,499,insufficient_funds,netbanking,ecommerce,4,2,1,36,39,332,548.0,0.911,0.667,0.05556,19.57,1
PX005409,499,suspicious_reversal,card,ecommerce,5,5,2,37,33,386,382.27,1.305,0.5,0.13514,15.14,0
PX005410,1499,mandate_expired,card,ecommerce,8,0,0,20,51,40,1814.87,0.826,1.0,0.0,9.28,1
PX005411,9999,expired_card,wallet,education,7,1,0,49,31,435,13114.2,0.762,0.875,0.02041,21.76,0
PX005412,2499,suspicious_reversal,netbanking,saas,5,3,0,9,37,641,1709.15,1.462,0.625,0.33333,31.3,0
PX005413,9999,insufficient_funds,wallet,saas,14,1,2,16,36,5,7585.82,1.318,0.933,0.0625,45.47,1
PX005414,19999,mandate_expired,card,saas,8,2,1,51,47,704,23256.56,0.86,0.8,0.03922,8.54,0
PX005415,1999,insufficient_funds,netbanking,education,5,5,0,50,33,107,2157.7,0.926,0.5,0.1,14.31,1
PX005416,4999,insufficient_funds,upi,subscription,7,2,2,41,50,207,4556.63,1.097,0.778,0.04878,26.67,1
PX005417,9999,insufficient_funds,upi,media,6,2,0,26,50,239,7648.99,1.307,0.75,0.07692,13.31,1
PX005418,1999,mandate_expired,upi,subscription,8,1,3,55,58,486,1225.11,1.632,0.889,0.01818,13.28,0
PX005419,1499,mandate_expired,wallet,ecommerce,8,1,0,22,30,622,1510.85,0.992,0.889,0.04545,33.9,1
PX005420,1999,bank_timeout,upi,subscription,7,5,3,13,38,553,2149.35,0.93,0.583,0.38462,46.37,1
PX005421,1999,suspicious_reversal,card,saas,8,0,0,54,31,390,2173.39,0.92,1.0,0.0,20.17,0
PX005422,1999,insufficient_funds,wallet,education,3,2,0,42,35,566,1835.85,1.089,0.6,0.04762,33.54,1
PX005423,499,mandate_expired,upi,subscription,10,1,0,35,31,478,552.21,0.904,0.909,0.02857,5.68,0
PX005424,2499,mandate_expired,wallet,education,4,1,3,44,12,361,2276.33,1.098,0.8,0.02273,8.4,0
PX005425,1499,suspicious_reversal,upi,media,9,1,0,30,3,516,1214.61,1.234,0.9,0.03333,1.24,0
PX005426,4999,insufficient_funds,upi,ecommerce,11,3,1,42,42,726,5777.71,0.865,0.786,0.07143,29.9,1
PX005427,1999,expired_card,wallet,media,1,1,2,48,56,193,2437.66,0.82,0.5,0.02083,41.98,0
PX005428,499,suspicious_reversal,upi,subscription,7,2,2,48,23,689,437.27,1.141,0.778,0.04167,40.49,0
PX005429,9999,insufficient_funds,upi,saas,9,1,0,21,60,44,7852.97,1.273,0.9,0.04762,31.42,1
PX005430,4999,insufficient_funds,netbanking,education,10,2,0,25,14,225,6016.72,0.831,0.833,0.08,29.68,1
PX005431,9999,suspicious_reversal,card,ecommerce,12,2,0,32,51,132,7164.88,1.396,0.857,0.0625,23.21,1
PX005432,999,insufficient_funds,wallet,subscription,10,1,2,18,23,592,840.2,1.189,0.909,0.05556,39.18,0
PX005433,1499,suspicious_reversal,wallet,media,11,1,0,17,30,275,1868.08,0.802,0.917,0.05882,16.97,0
PX005434,1999,expired_card,upi,subscription,16,0,2,40,37,48,1606.93,1.244,1.0,0.0,8.76,1
PX005435,999,suspicious_reversal,wallet,education,10,2,3,22,25,516,1172.08,0.852,0.833,0.09091,18.49,0
PX005436,499,insufficient_funds,wallet,ecommerce,4,2,1,5,54,529,432.39,1.154,0.667,0.4,11.4,1
PX005437,2499,mandate_expired,card,ecommerce,7,5,3,38,6,727,1944.64,1.285,0.583,0.13158,30.54,0
PX005438,1999,bank_timeout,upi,media,15,0,3,32,46,440,2287.39,0.874,1.0,0.0,19.9,1
PX005439,1499,expired_card,upi,media,7,1,2,48,5,493,1883.26,0.796,0.875,0.02083,1.16,0
PX005440,4999,bank_timeout,wallet,ecommerce,2,1,3,1,20,687,6674.11,0.749,0.667,1.0,12.06,0
PX005441,1999,bank_timeout,upi,subscription,7,1,2,6,12,209,1286.2,1.554,0.875,0.16667,10.19,1
PX005442,4999,bank_timeout,wallet,subscription,11,7,3,43,60,666,3623.98,1.379,0.611,0.16279,4.69,1
PX005443,999,mandate_expired,upi,ecommerce,7,0,2,25,59,588,870.4,1.148,1.0,0.0,33.23,0
PX005444,2499,mandate_expired,wallet,subscription,13,0,0,38,52,273,2783.34,0.898,1.0,0.0,7.21,1
PX005445,2499,suspicious_reversal,wallet,ecommerce,9,1,0,26,36,235,2163.05,1.155,0.9,0.03846,6.04,0
PX005446,1999,insufficient_funds,upi,saas,9,2,3,22,24,256,1329.33,1.504,0.818,0.09091,15.11,1
PX005447,4999,suspicious_reversal,card,subscription,10,1,1,38,7,470,4254.45,1.175,0.909,0.02632,21.0,0
PX005448,2499,suspicious_reversal,card,education,9,2,3,60,49,584,3418.53,0.731,0.818,0.03333,28.16,0
PX005449,1999,expired_card,netbanking,saas,6,4,3,21,2,423,1388.31,1.44,0.6,0.19048,24.25,0
PX005450,1499,expired_card,wallet,media,6,5,1,4,14,571,1979.76,0.757,0.545,1.25,4.46,0
PX005451,4999,bank_timeout,card,saas,9,1,0,20,31,50,6971.25,0.717,0.9,0.05,4.77,1
PX005452,1499,insufficient_funds,netbanking,ecommerce,11,0,0,44,10,513,1556.93,0.963,1.0,0.0,40.19,1
PX005453,1499,mandate_expired,netbanking,saas,7,1,1,46,33,707,1667.98,0.899,0.875,0.02174,25.5,0
PX005454,9999,suspicious_reversal,wallet,ecommerce,8,2,2,18,19,681,13075.36,0.765,0.8,0.11111,31.99,0
PX005455,499,bank_timeout,wallet,media,2,3,3,28,44,184,381.74,1.307,0.4,0.10714,12.39,1
PX005456,9999,insufficient_funds,card,subscription,13,1,0,55,21,362,6128.3,1.632,0.929,0.01818,16.44,1
PX005457,1499,mandate_expired,upi,ecommerce,11,4,3,1,6,23,1417.41,1.058,0.733,4.0,36.08,1
PX005458,9999,bank_timeout,wallet,ecommerce,8,1,0,14,15,39,9827.77,1.017,0.889,0.07143,31.72,1
PX005459,499,bank_timeout,netbanking,education,8,3,0,51,49,243,430.53,1.159,0.727,0.05882,41.01,1
PX005460,4999,bank_timeout,upi,saas,4,1,2,53,6,420,4515.99,1.107,0.8,0.01887,21.66,1
PX005461,1999,bank_timeout,card,saas,8,4,0,57,60,44,1582.19,1.263,0.667,0.07018,10.0,1
PX005462,2499,expired_card,netbanking,subscription,6,4,0,21,9,145,2086.72,1.198,0.6,0.19048,35.21,0
PX005463,999,expired_card,card,saas,10,1,0,31,36,723,1331.68,0.75,0.909,0.03226,13.97,1
PX005464,1999,suspicious_reversal,wallet,education,3,0,2,20,34,261,2544.05,0.786,1.0,0.0,1.36,1
PX005465,1499,suspicious_reversal,netbanking,ecommerce,12,2,1,18,45,290,1846.9,0.812,0.857,0.11111,33.8,1
PX005466,2499,suspicious_reversal,upi,subscription,7,3,0,35,22,142,2844.92,0.878,0.7,0.08571,35.62,0
PX005467,1999,mandate_expired,netbanking,education,11,1,2,3,60,653,1541.46,1.297,0.917,0.33333,26.61,0
PX005468,499,insufficient_funds,wallet,media,5,0,3,40,52,16,688.39,0.725,1.0,0.0,12.07,0
PX005469,19999,suspicious_reversal,card,saas,10,1,1,26,49,352,22513.4,0.888,0.909,0.03846,21.96,0
PX005470,2499,bank_timeout,wallet,ecommerce,3,2,2,9,20,212,2254.71,1.108,0.6,0.22222,30.17,1
PX005471,9999,suspicious_reversal,upi,media,19,3,0,23,38,613,10897.59,0.918,0.864,0.13043,32.18,1
PX005472,2499,mandate_expired,card,media,12,0,1,51,30,238,1957.07,1.277,1.0,0.0,26.91,0
PX005473,19999,mandate_expired,card,education,8,2,2,20,12,200,12217.24,1.637,0.8,0.1,7.68,0
PX005474,999,bank_timeout,upi,media,6,2,1,48,58,630,1124.43,0.888,0.75,0.04167,22.21,0
PX005475,4999,bank_timeout,card,subscription,11,1,0,39,9,604,3050.5,1.639,0.917,0.02564,11.77,1
PX005476,999,expired_card,wallet,ecommerce,8,4,1,50,53,666,749.32,1.333,0.667,0.08,19.25,0
PX005477,2499,expired_card,netbanking,subscription,7,2,2,53,9,682,1757.17,1.422,0.778,0.03774,5.28,0
PX005478,1499,mandate_expired,upi,ecommerce,8,4,3,52,12,70,918.22,1.633,0.667,0.07692,17.04,0
PX005479,1499,expired_card,card,education,8,3,3,44,60,93,2024.73,0.74,0.727,0.06818,40.86,0
PX005480,1499,expired_card,wallet,subscription,7,2,1,50,15,101,1770.8,0.847,0.778,0.04,8.61,0
PX005481,999,suspicious_reversal,upi,saas,7,1,0,7,59,626,739.22,1.351,0.875,0.14286,38.73,1
PX005482,1499,bank_timeout,upi,saas,10,0,0,20,1,478,959.52,1.562,1.0,0.0,25.63,1
PX005483,1999,mandate_expired,card,saas,12,1,3,2,49,132,2448.45,0.816,0.923,0.5,4.61,1
PX005484,1499,suspicious_reversal,netbanking,education,12,3,3,33,9,536,1324.03,1.132,0.8,0.09091,44.84,0
PX005485,1499,insufficient_funds,upi,media,6,2,0,22,29,127,1810.17,0.828,0.75,0.09091,19.26,0
PX005486,999,mandate_expired,netbanking,media,9,5,3,15,44,100,1098.69,0.909,0.643,0.33333,47.64,1
PX005487,2499,suspicious_reversal,netbanking,saas,9,4,0,43,57,302,2683.58,0.931,0.692,0.09302,29.9,0
PX005488,19999,bank_timeout,wallet,saas,5,1,1,30,20,51,25584.32,0.782,0.833,0.03333,11.04,1
PX005489,499,insufficient_funds,card,education,12,4,0,12,24,295,387.76,1.287,0.75,0.33333,34.84,0
PX005490,19999,insufficient_funds,wallet,education,7,1,1,14,24,517,23594.2,0.848,0.875,0.07143,3.92,0
PX005491,2499,expired_card,netbanking,subscription,14,3,1,21,35,71,1748.38,1.429,0.824,0.14286,20.98,0
PX005492,9999,bank_timeout,wallet,media,10,2,1,43,1,176,7116.27,1.405,0.833,0.04651,0.6,1
PX005493,999,expired_card,card,saas,9,2,1,41,14,552,1075.97,0.928,0.818,0.04878,36.81,1
PX005494,2499,suspicious_reversal,wallet,saas,9,3,1,14,60,428,3085.13,0.81,0.75,0.21429,8.57,0
PX005495,4999,mandate_expired,upi,saas,7,3,1,26,20,83,6990.51,0.715,0.7,0.11538,37.49,1
PX005496,1999,suspicious_reversal,wallet,media,5,3,3,48,28,135,1936.05,1.033,0.625,0.0625,39.04,0
PX005497,499,expired_card,upi,education,7,2,2,59,60,653,442.56,1.128,0.778,0.0339,39.49,0
PX005498,1499,suspicious_reversal,netbanking,media,5,4,1,10,5,443,1586.24,0.945,0.556,0.4,8.96,0
PX005499,19999,bank_timeout,upi,subscription,9,3,0,27,15,197,19057.56,1.049,0.75,0.11111,7.74,1
PX005500,19999,insufficient_funds,card,ecommerce,8,1,1,43,36,573,15347.38,1.303,0.889,0.02326,5.87,1
PX005501,1999,expired_card,card,media,11,4,2,18,11,80,1719.97,1.162,0.733,0.22222,12.2,0
PX005502,999,suspicious_reversal,card,education,7,3,1,38,53,205,702.81,1.421,0.7,0.07895,21.81,0
PX005503,19999,expired_card,netbanking,education,6,3,2,56,8,448,13424.9,1.49,0.667,0.05357,43.98,0
PX005504,9999,suspicious_reversal,card,subscription,11,2,2,34,17,461,9662.01,1.035,0.846,0.05882,8.21,1
PX005505,999,insufficient_funds,upi,education,12,0,2,19,41,469,1385.21,0.721,1.0,0.0,42.24,1
PX005506,999,insufficient_funds,netbanking,saas,3,1,1,46,6,514,650.15,1.537,0.75,0.02174,19.23,0
PX005507,1999,bank_timeout,upi,saas,9,2,3,27,18,703,2177.45,0.918,0.818,0.07407,13.39,1
PX005508,9999,expired_card,netbanking,subscription,3,1,1,24,43,176,7675.99,1.303,0.75,0.04167,42.78,0
PX005509,1499,suspicious_reversal,netbanking,education,8,0,3,9,28,647,1110.94,1.349,1.0,0.0,45.2,0
PX005510,2499,insufficient_funds,upi,education,7,2,0,59,54,699,3075.99,0.812,0.778,0.0339,20.8,1
PX005511,2499,expired_card,netbanking,subscription,8,0,2,41,41,591,3237.75,0.772,1.0,0.0,30.41,1
PX005512,1499,suspicious_reversal,wallet,saas,5,1,3,59,60,122,2028.06,0.739,0.833,0.01695,36.38,0
PX005513,19999,bank_timeout,upi,subscription,7,2,3,13,32,209,20302.7,0.985,0.778,0.15385,46.83,0
PX005514,2499,suspicious_reversal,card,ecommerce,8,1,0,25,43,511,1635.72,1.528,0.889,0.04,46.54,1
PX005515,499,insufficient_funds,upi,saas,4,4,1,39,7,95,396.17,1.26,0.5,0.10256,10.01,0
PX005516,2499,bank_timeout,wallet,saas,7,1,1,19,33,72,3233.87,0.773,0.875,0.05263,11.99,1
PX005517,499,expired_card,wallet,subscription,6,3,2,5,29,443,545.78,0.914,0.667,0.6,38.07,0
PX005518,1999,bank_timeout,upi,media,9,1,3,39,51,155,1243.88,1.607,0.9,0.02564,47.82,1
PX005519,999,insufficient_funds,card,ecommerce,8,2,1,13,18,648,776.52,1.287,0.8,0.15385,17.28,1
PX005520,1999,bank_timeout,wallet,subscription,6,3,1,20,3,230,2431.15,0.822,0.667,0.15,2.1,1
PX005521,1999,mandate_expired,upi,education,11,1,2,15,54,624,2504.02,0.798,0.917,0.06667,20.28,1
PX005522,1499,bank_timeout,card,media,8,4,2,1,12,211,1900.49,0.789,0.667,4.0,14.97,1
PX005523,1999,mandate_expired,wallet,saas,5,3,3,49,50,331,2754.44,0.726,0.625,0.06122,43.12,0
PX005524,999,suspicious_reversal,upi,subscription,4,3,2,10,54,567,654.18,1.527,0.571,0.3,29.94,0
PX005525,4999,mandate_expired,upi,media,4,1,1,55,45,65,3027.12,1.651,0.8,0.01818,33.21,0
PX005526,499,suspicious_reversal,upi,media,7,3,1,14,24,293,636.44,0.784,0.7,0.21429,32.8,1
PX005527,9999,expired_card,card,saas,8,4,0,36,45,690,10555.91,0.947,0.667,0.11111,25.32,1
PX005528,9999,mandate_expired,upi,saas,9,1,3,46,19,256,11997.76,0.833,0.9,0.02174,9.35,1
PX005529,2499,expired_card,card,education,5,3,1,12,8,39,3383.18,0.739,0.625,0.25,39.54,0
PX005530,499,suspicious_reversal,wallet,ecommerce,12,0,3,17,4,502,438.2,1.139,1.0,0.0,21.96,1
PX005531,499,mandate_expired,upi,ecommerce,5,1,1,24,37,562,681.72,0.732,0.833,0.04167,29.51,1
PX005532,4999,mandate_expired,upi,media,17,3,3,45,1,545,5054.5,0.989,0.85,0.06667,9.8,0
PX005533,9999,suspicious_reversal,card,education,6,2,2,24,7,608,8328.79,1.201,0.75,0.08333,42.9,1
PX005534,1499,expired_card,upi,saas,8,2,2,50,38,355,1662.97,0.901,0.8,0.04,13.81,0
PX005535,499,mandate_expired,upi,saas,6,4,1,32,21,547,473.49,1.054,0.6,0.125,23.8,0
PX005536,1999,mandate_expired,upi,education,8,4,1,59,13,16,1348.05,1.483,0.667,0.0678,36.61,1
PX005537,999,bank_timeout,netbanking,ecommerce,6,2,2,46,18,149,1361.31,0.734,0.75,0.04348,12.08,1
PX005538,2499,mandate_expired,wallet,subscription,9,2,2,17,48,333,1535.35,1.628,0.818,0.11765,21.86,0
PX005539,1499,expired_card,upi,ecommerce,4,3,3,52,35,566,1819.24,0.824,0.571,0.05769,26.63,0
PX005540,4999,bank_timeout,upi,media,14,0,0,12,37,556,4161.56,1.201,1.0,0.0,10.86,1
PX005541,4999,suspicious_reversal,wallet,subscription,9,2,2,52,42,16,5721.4,0.874,0.818,0.03846,18.15,0
PX005542,2499,suspicious_reversal,card,saas,8,1,3,16,60,419,3392.0,0.737,0.889,0.0625,38.57,0
PX005543,999,suspicious_reversal,card,subscription,6,0,0,16,39,378,738.12,1.353,1.0,0.0,30.89,0
PX005544,9999,bank_timeout,netbanking,saas,10,1,3,53,16,419,6476.66,1.544,0.909,0.01887,28.42,0
PX005545,1499,mandate_expired,card,education,4,1,2,42,3,212,2042.1,0.734,0.8,0.02381,47.14,1
PX005546,9999,mandate_expired,wallet,subscription,11,4,3,24,48,715,12537.05,0.798,0.733,0.16667,36.26,1
PX005547,9999,insufficient_funds,wallet,media,4,1,0,46,36,110,7219.19,1.385,0.8,0.02174,22.06,0
PX005548,4999,bank_timeout,card,media,3,5,0,60,17,149,6192.61,0.807,0.375,0.08333,3.85,1
PX005549,2499,mandate_expired,netbanking,education,4,1,3,10,35,386,2713.51,0.921,0.8,0.1,14.24,0
PX005550,2499,bank_timeout,netbanking,subscription,6,3,3,27,9,314,2321.35,1.077,0.667,0.11111,24.2,1
PX005551,2499,mandate_expired,wallet,ecommerce,8,3,0,21,57,580,2551.7,0.979,0.727,0.14286,8.2,0
PX005552,1999,mandate_expired,netbanking,saas,8,4,0,59,14,110,2732.19,0.732,0.667,0.0678,44.54,0
PX005553,2499,bank_timeout,card,ecommerce,11,1,2,54,2,401,2257.88,1.107,0.917,0.01852,19.71,1
PX005554,1999,insufficient_funds,netbanking,education,10,4,1,39,37,253,1970.68,1.014,0.714,0.10256,26.52,1
PX005555,999,suspicious_reversal,wallet,subscription,11,5,2,2,35,669,1339.12,0.746,0.688,2.5,12.67,0
PX005556,1499,bank_timeout,upi,saas,6,0,1,30,53,696,1997.22,0.751,1.0,0.0,30.5,1
PX005557,19999,bank_timeout,upi,ecommerce,11,0,1,23,53,253,19196.91,1.042,1.0,0.0,32.86,1
PX005558,999,suspicious_reversal,wallet,subscription,11,2,3,12,17,705,896.34,1.115,0.846,0.16667,43.27,0
PX005559,9999,mandate_expired,card,media,9,3,0,58,14,38,10492.06,0.953,0.75,0.05172,35.79,0
PX005560,1499,suspicious_reversal,upi,ecommerce,9,2,2,54,19,55,2052.26,0.73,0.818,0.03704,12.86,0
PX005561,499,mandate_expired,upi,media,11,3,2,43,21,223,617.33,0.808,0.786,0.06977,44.86,1
PX005562,19999,bank_timeout,card,subscription,7,0,3,35,33,194,16590.87,1.205,1.0,0.0,34.34,1
PX005563,4999,suspicious_reversal,card,ecommerce,2,2,0,59,33,374,4780.38,1.046,0.5,0.0339,6.54,0
PX005564,19999,bank_timeout,netbanking,subscription,6,2,2,2,14,632,23585.58,0.848,0.75,1.0,6.76,1
PX005565,4999,bank_timeout,netbanking,ecommerce,9,1,1,49,42,571,5167.21,0.967,0.9,0.02041,2.53,1
PX005566,1999,mandate_expired,wallet,saas,4,1,1,53,55,208,1336.38,1.496,0.8,0.01887,30.04,0
PX005567,499,bank_timeout,netbanking,ecommerce,6,2,2,32,37,41,471.56,1.058,0.75,0.0625,35.37,1
PX005568,499,suspicious_reversal,upi,subscription,4,0,0,11,31,663,528.95,0.943,1.0,0.0,14.78,0
PX005569,19999,mandate_expired,wallet,education,9,2,1,1,9,250,17146.15,1.166,0.818,2.0,25.21,1
PX005570,2499,bank_timeout,card,subscription,5,1,3,52,36,194,3488.84,0.716,0.833,0.01923,21.68,1
PX005571,2499,insufficient_funds,upi,subscription,7,3,0,33,4,264,3261.5,0.766,0.7,0.09091,20.31,1
PX005572,1499,suspicious_reversal,upi,media,10,2,0,47,13,357,1381.66,1.085,0.833,0.04255,32.41,0
PX005573,499,suspicious_reversal,wallet,media,7,2,1,52,11,383,592.64,0.842,0.778,0.03846,40.97,0
PX005574,999,bank_timeout,netbanking,media,7,6,0,53,14,624,1047.89,0.953,0.538,0.11321,30.94,1
PX005575,9999,suspicious_reversal,upi,saas,5,3,1,54,16,701,11975.93,0.835,0.625,0.05556,11.03,0
PX005576,19999,suspicious_reversal,upi,education,4,3,3,40,7,29,25172.06,0.794,0.571,0.075,0.79,0
PX005577,19999,mandate_expired,upi,subscription,6,3,3,4,10,151,27482.61,0.728,0.667,0.75,32.03,1
PX005578,2499,suspicious_reversal,upi,saas,5,2,1,17,47,579,3458.97,0.722,0.714,0.11765,4.47,0
PX005579,4999,mandate_expired,card,saas,12,3,0,2,60,525,3737.42,1.338,0.8,1.5,26.26,1
PX005580,499,mandate_expired,upi,education,9,1,1,50,53,147,418.61,1.192,0.9,0.02,25.45,1
PX005581,4999,bank_timeout,wallet,education,9,2,0,38,25,651,3688.57,1.355,0.818,0.05263,8.05,1
PX005582,2499,suspicious_reversal,upi,education,7,1,1,30,8,126,3332.12,0.75,0.875,0.03333,22.35,0
PX005583,1999,bank_timeout,card,subscription,9,0,2,47,41,220,1785.74,1.119,1.0,0.0,39.55,1
PX005584,4999,expired_card,netbanking,ecommerce,10,2,1,14,42,290,6470.19,0.773,0.833,0.14286,30.2,0
PX005585,19999,insufficient_funds,wallet,education,8,1,2,36,5,482,26538.44,0.754,0.889,0.02778,14.94,1
PX005586,19999,suspicious_reversal,upi,ecommerce,4,1,1,39,21,225,16369.94,1.222,0.8,0.02564,41.51,1
PX005587,19999,insufficient_funds,card,education,7,2,2,56,5,408,15987.66,1.251,0.778,0.03571,38.17,1
PX005588,1999,bank_timeout,card,ecommerce,3,3,0,23,15,669,2620.22,0.763,0.5,0.13043,26.79,1
PX005589,499,insufficient_funds,upi,saas,10,3,2,23,18,218,424.99,1.174,0.769,0.13043,33.89,0
PX005590,999,bank_timeout,card,saas,8,5,1,16,19,314,1273.57,0.784,0.615,0.3125,1.09,0
PX005591,9999,suspicious_reversal,upi,saas,5,1,2,21,19,591,12854.16,0.778,0.833,0.04762,5.11,0
PX005592,4999,suspicious_reversal,card,ecommerce,7,3,2,25,32,230,3976.44,1.257,0.7,0.12,13.75,0
PX005593,999,suspicious_reversal,upi,education,10,2,0,34,8,492,903.2,1.106,0.833,0.05882,25.32,0
PX005594,2499,suspicious_reversal,upi,subscription,11,1,1,20,33,15,2318.68,1.078,0.917,0.05,5.28,0
PX005595,9999,insufficient_funds,netbanking,ecommerce,6,5,2,54,13,624,9477.33,1.055,0.545,0.09259,10.29,1
PX005596,999,insufficient_funds,wallet,media,10,2,1,44,38,134,812.35,1.23,0.833,0.04545,35.13,1
PX005597,1499,mandate_expired,wallet,ecommerce,14,2,2,50,10,186,1771.86,0.846,0.875,0.04,5.66,0
PX005598,499,suspicious_reversal,netbanking,media,9,2,3,14,50,597,506.7,0.985,0.818,0.14286,30.23,0
PX005599,1499,bank_timeout,netbanking,subscription,9,1,0,34,15,299,1194.39,1.255,0.9,0.02941,23.15,1
PX005600,1999,suspicious_reversal,upi,media,15,3,3,27,22,330,2401.09,0.833,0.833,0.11111,10.95,0
PX005601,999,mandate_expired,card,education,12,4,0,20,41,382,1027.41,0.972,0.75,0.2,15.53,0
PX005602,1999,expired_card,upi,education,10,3,0,19,30,406,2689.47,0.743,0.769,0.15789,2.14,1
PX005603,1499,bank_timeout,card,subscription,6,0,2,15,30,123,1592.71,0.941,1.0,0.0,42.2,1
PX005604,4999,expired_card,netbanking,ecommerce,6,2,0,32,56,381,3149.38,1.587,0.75,0.0625,5.87,1
PX005605,19999,suspicious_reversal,upi,saas,12,2,0,17,18,273,25595.33,0.781,0.857,0.11765,36.97,1
PX005606,4999,suspicious_reversal,wallet,media,13,3,2,26,55,93,5106.54,0.979,0.812,0.11538,3.4,0
PX005607,2499,bank_timeout,netbanking,media,8,2,0,24,28,569,2765.58,0.904,0.8,0.08333,13.11,1
PX005608,19999,insufficient_funds,wallet,education,5,2,1,7,28,118,13744.47,1.455,0.714,0.28571,7.13,1
PX005609,19999,insufficient_funds,upi,ecommerce,5,1,3,51,44,341,17432.02,1.147,0.833,0.01961,15.31,1
PX005610,4999,bank_timeout,netbanking,media,11,0,3,40,51,123,4471.62,1.118,1.0,0.0,10.13,1
PX005611,499,expired_card,card,saas,4,1,1,24,15,513,494.57,1.009,0.8,0.04167,10.0,1
PX005612,9999,insufficient_funds,wallet,saas,10,0,2,17,12,609,9677.65,1.033,1.0,0.0,32.52,1
PX005613,1999,mandate_expired,wallet,media,6,2,1,21,25,371,2114.42,0.945,0.75,0.09524,30.96,0
PX005614,1499,expired_card,card,media,8,0,2,55,57,67,1880.45,0.797,1.0,0.0,35.67,0
PX005615,1999,expired_card,card,education,9,1,2,46,59,272,2631.56,0.76,0.9,0.02174,16.44,0
PX005616,9999,suspicious_reversal,card,media,8,2,1,45,13,719,7934.99,1.26,0.8,0.04444,21.39,0
PX005617,1499,expired_card,netbanking,education,9,1,1,40,47,121,1221.53,1.227,0.9,0.025,16.68,0
PX005618,1499,insufficient_funds,upi,media,7,0,2,23,17,54,1604.88,0.934,1.0,0.0,4.15,0
PX005619,19999,mandate_expired,netbanking,media,8,4,1,56,7,391,15203.95,1.315,0.667,0.07143,43.56,0
PX005620,499,expired_card,netbanking,saas,10,1,2,47,56,591,366.46,1.362,0.909,0.02128,36.05,0
PX005621,999,mandate_expired,wallet,media,8,1,0,23,5,431,887.34,1.126,0.889,0.04348,0.88,0
PX005622,1999,mandate_expired,netbanking,subscription,10,2,3,6,28,359,2389.12,0.837,0.833,0.33333,37.08,0
PX005623,499,expired_card,wallet,saas,3,1,3,29,40,72,580.42,0.86,0.75,0.03448,4.17,0
PX005624,1499,expired_card,wallet,subscription,7,1,2,34,55,419,900.49,1.665,0.875,0.02941,38.26,1
PX005625,9999,bank_timeout,wallet,education,7,1,3,58,12,152,8927.86,1.12,0.875,0.01724,24.63,1
PX005626,9999,suspicious_reversal,upi,saas,14,4,1,41,40,438,6061.17,1.65,0.778,0.09756,14.38,1
PX005627,1499,mandate_expired,wallet,education,7,3,1,26,31,90,1359.33,1.103,0.7,0.11538,3.01,1
PX005628,9999,mandate_expired,card,saas,10,2,2,27,22,198,8552.09,1.169,0.833,0.07407,26.75,0
PX005629,999,suspicious_reversal,netbanking,education,8,1,2,53,44,728,1214.35,0.823,0.889,0.01887,37.24,0
PX005630,1999,expired_card,netbanking,saas,8,1,1,12,31,665,2392.07,0.836,0.889,0.08333,0.72,1
PX005631,4999,expired_card,upi,media,16,4,3,31,60,274,5113.33,0.978,0.8,0.12903,38.42,0
PX005632,4999,suspicious_reversal,upi,saas,10,2,1,1,8,336,6718.49,0.744,0.833,2.0,45.28,0
PX005633,1499,suspicious_reversal,upi,subscription,4,3,3,30,15,176,1626.76,0.921,0.571,0.1,46.81,0
PX005634,19999,insufficient_funds,card,saas,7,2,0,60,12,118,20307.72,0.985,0.778,0.03333,1.96,0
PX005635,19999,bank_timeout,upi,education,7,4,1,22,3,105,14797.38,1.352,0.636,0.18182,30.32,1
PX005636,2499,expired_card,netbanking,subscription,5,1,3,17,27,426,1684.36,1.484,0.833,0.05882,24.02,0
PX005637,499,expired_card,upi,ecommerce,7,3,2,16,22,456,685.05,0.728,0.7,0.1875,21.01,1
PX005638,1999,expired_card,wallet,saas,8,6,1,9,26,192,1321.74,1.512,0.571,0.66667,10.35,1
PX005639,1499,suspicious_reversal,wallet,education,7,3,1,31,18,205,1826.99,0.82,0.7,0.09677,29.77,0
PX005640,2499,expired_card,upi,ecommerce,8,2,0,4,7,420,2194.84,1.139,0.8,0.5,20.54,0
PX005641,499,mandate_expired,wallet,subscription,8,0,3,44,32,263,613.72,0.813,1.0,0.0,5.51,1
PX005642,9999,mandate_expired,card,media,9,3,0,3,12,118,13539.24,0.739,0.75,1.0,20.03,1
PX005643,1499,mandate_expired,upi,subscription,8,2,3,3,20,156,1971.3,0.76,0.8,0.66667,11.73,0
PX005644,9999,bank_timeout,wallet,subscription,7,2,1,41,10,444,9395.33,1.064,0.778,0.04878,17.46,1
PX005645,1999,mandate_expired,wallet,ecommerce,9,1,3,22,45,104,1983.57,1.008,0.9,0.04545,41.45,0
PX005646,4999,suspicious_reversal,upi,saas,13,2,0,47,59,49,5816.22,0.859,0.867,0.04255,29.71,0
PX005647,499,insufficient_funds,card,subscription,7,1,2,17,39,688,362.88,1.375,0.875,0.05882,43.67,1
PX005648,9999,mandate_expired,card,media,9,0,3,34,54,205,9362.13,1.068,1.0,0.0,21.98,0
PX005649,1999,mandate_expired,wallet,education,7,1,2,22,18,674,2210.65,0.904,0.875,0.04545,16.27,1
PX005650,19999,bank_timeout,upi,ecommerce,5,5,3,15,26,514,27601.12,0.725,0.5,0.33333,23.03,0
PX005651,2499,insufficient_funds,card,ecommerce,10,4,0,13,33,493,3487.53,0.717,0.714,0.30769,8.61,0
PX005652,1999,suspicious_reversal,wallet,education,9,2,2,28,33,107,1266.15,1.579,0.818,0.07143,17.6,0
PX005653,19999,insufficient_funds,card,saas,6,1,1,60,52,375,12555.18,1.593,0.857,0.01667,42.49,0
PX005654,499,suspicious_reversal,card,subscription,10,1,2,20,34,306,629.89,0.792,0.909,0.05,2.94,0
PX005655,2499,insufficient_funds,upi,saas,8,3,3,16,57,417,2280.97,1.096,0.727,0.1875,38.54,1
PX005656,2499,suspicious_reversal,wallet,media,9,2,0,49,33,530,3402.71,0.734,0.818,0.04082,12.62,0
PX005657,9999,mandate_expired,card,ecommerce,7,2,0,11,31,702,10956.14,0.913,0.778,0.18182,40.28,1
PX005658,19999,bank_timeout,upi,education,4,2,2,33,20,684,27732.32,0.721,0.667,0.06061,40.43,1
PX005659,9999,insufficient_funds,upi,saas,9,3,1,34,31,484,10653.84,0.939,0.75,0.08824,36.44,0
PX005660,2499,mandate_expired,netbanking,education,7,2,2,10,44,272,1560.01,1.602,0.778,0.2,46.16,0
PX005661,4999,insufficient_funds,netbanking,saas,10,4,2,33,15,145,3460.19,1.445,0.714,0.12121,27.59,1
PX005662,4999,insufficient_funds,card,ecommerce,8,3,2,9,48,471,5850.43,0.854,0.727,0.33333,10.36,0
PX005663,1499,expired_card,card,subscription,6,4,2,51,10,611,1716.04,0.874,0.6,0.07843,15.57,1
PX005664,19999,insufficient_funds,card,saas,8,1,2,7,38,419,14960.07,1.337,0.889,0.14286,30.02,1
PX005665,19999,bank_timeout,wallet,media,5,0,0,10,60,273,19341.35,1.034,1.0,0.0,30.44,1
PX005666,9999,mandate_expired,wallet,subscription,12,2,1,27,21,78,11298.65,0.885,0.857,0.07407,46.05,0
PX005667,1999,bank_timeout,wallet,media,9,1,2,50,38,394,1951.79,1.024,0.9,0.02,18.48,1
PX005668,1999,bank_timeout,wallet,subscription,5,3,3,8,21,460,2328.46,0.859,0.625,0.375,43.3,1
PX005669,499,insufficient_funds,netbanking,ecommerce,8,2,0,7,3,670,398.93,1.251,0.8,0.28571,26.73,1
PX005670,4999,insufficient_funds,card,saas,6,2,2,19,48,456,4248.16,1.177,0.75,0.10526,38.92,1
PX005671,1499,mandate_expired,upi,subscription,12,1,1,20,58,366,1067.54,1.404,0.923,0.05,45.64,1
PX005672,2499,suspicious_reversal,netbanking,subscription,9,0,2,38,27,321,1905.07,1.312,1.0,0.0,11.14,1
PX005673,1999,bank_timeout,wallet,education,9,2,2,50,29,228,2394.62,0.835,0.818,0.04,32.3,0
PX005674,2499,insufficient_funds,wallet,ecommerce,5,1,1,49,33,310,2565.2,0.974,0.833,0.02041,25.94,1
PX005675,19999,bank_timeout,card,education,6,5,1,54,55,266,20878.59,0.958,0.545,0.09259,7.46,1
PX005676,4999,mandate_expired,upi,ecommerce,6,1,3,37,10,98,4477.96,1.116,0.857,0.02703,27.94,1
PX005677,999,expired_card,upi,ecommerce,4,6,3,9,23,273,946.75,1.055,0.4,0.66667,17.29,0
PX005678,1999,insufficient_funds,card,education,4,1,1,42,43,417,1575.79,1.269,0.8,0.02381,21.88,1
PX005679,999,bank_timeout,wallet,subscription,16,1,2,47,13,429,1156.08,0.864,0.941,0.02128,42.0,1
PX005680,999,insufficient_funds,netbanking,media,5,1,3,29,51,385,1076.58,0.928,0.833,0.03448,8.86,0
PX005681,499,expired_card,wallet,saas,12,1,0,17,28,372,367.45,1.358,0.923,0.05882,11.21,1
PX005682,1999,suspicious_reversal,netbanking,ecommerce,8,1,3,44,51,722,2342.34,0.853,0.889,0.02273,21.87,0
PX005683,1999,bank_timeout,wallet,subscription,6,2,3,9,54,356,1934.58,1.033,0.75,0.22222,10.4,1
PX005684,1999,suspicious_reversal,netbanking,media,6,2,0,48,39,561,1921.51,1.04,0.75,0.04167,36.83,0
PX005685,1499,bank_timeout,wallet,subscription,9,1,3,54,17,108,920.25,1.629,0.9,0.01852,10.16,1
PX005686,499,insufficient_funds,upi,ecommerce,10,2,3,35,50,106,301.75,1.654,0.833,0.05714,10.29,1
PX005687,2499,mandate_expired,card,education,5,2,2,13,28,580,3445.67,0.725,0.714,0.15385,17.65,0
PX005688,19999,bank_timeout,netbanking,saas,11,1,3,57,17,311,23185.6,0.863,0.917,0.01754,15.06,0
PX005689,4999,insufficient_funds,wallet,education,10,0,0,11,52,622,4014.33,1.245,1.0,0.0,15.12,1
PX005690,499,mandate_expired,card,education,6,4,0,59,49,610,507.43,0.983,0.6,0.0678,38.94,0
PX005691,4999,mandate_expired,card,ecommerce,8,3,3,25,47,350,5032.48,0.993,0.727,0.12,46.71,1
PX005692,499,suspicious_reversal,netbanking,education,4,2,0,6,24,720,349.71,1.427,0.667,0.33333,6.94,0
PX005693,1999,mandate_expired,card,subscription,9,3,0,39,32,187,1702.98,1.174,0.75,0.07692,14.48,1
PX005694,1999,insufficient_funds,netbanking,ecommerce,6,0,2,10,58,209,1672.85,1.195,1.0,0.0,16.88,0
PX005695,1999,insufficient_funds,wallet,saas,9,1,0,52,43,233,1826.33,1.095,0.9,0.01923,2.62,1
PX005696,9999,bank_timeout,card,saas,7,4,2,40,3,542,12412.61,0.806,0.636,0.1,14.39,1
PX005697,2499,suspicious_reversal,card,subscription,7,3,3,59,24,536,1713.58,1.458,0.7,0.05085,10.92,0
PX005698,1499,mandate_expired,card,saas,8,3,2,25,11,472,912.65,1.642,0.727,0.12,0.84,0
PX005699,19999,bank_timeout,card,media,9,3,3,53,52,47,24366.06,0.821,0.75,0.0566,4.35,1
PX005700,1999,insufficient_funds,card,media,10,5,1,36,30,427,1448.69,1.38,0.667,0.13889,39.69,0
PX005701,1999,mandate_expired,netbanking,saas,9,0,3,41,29,323,2132.96,0.937,1.0,0.0,33.28,1
PX005702,9999,bank_timeout,upi,media,14,0,3,47,54,397,6792.42,1.472,1.0,0.0,9.2,1
PX005703,499,insufficient_funds,card,media,7,2,3,1,40,64,367.17,1.359,0.778,2.0,1.46,1
PX005704,1499,suspicious_reversal,upi,education,8,2,1,1,50,715,1807.1,0.83,0.8,2.0,2.04,0
PX005705,999,expired_card,upi,media,8,4,0,25,54,391,1062.9,0.94,0.667,0.16,16.71,0
PX005706,1499,suspicious_reversal,netbanking,education,8,3,3,6,48,590,1446.83,1.036,0.727,0.5,27.56,0
PX005707,999,suspicious_reversal,upi,media,4,2,2,47,54,149,1117.66,0.894,0.667,0.04255,25.1,0
PX005708,19999,expired_card,wallet,subscription,10,2,2,9,25,685,21800.92,0.917,0.833,0.22222,10.19,1
PX005709,2499,suspicious_reversal,card,media,7,1,1,2,55,356,3363.41,0.743,0.875,0.5,37.43,0
PX005710,999,expired_card,netbanking,saas,12,1,2,54,36,493,816.85,1.223,0.923,0.01852,24.8,1
PX005711,999,suspicious_reversal,card,ecommerce,2,3,1,32,29,177,1326.59,0.753,0.4,0.09375,30.89,0
PX005712,999,bank_timeout,netbanking,saas,8,1,0,16,13,310,1311.91,0.761,0.889,0.0625,43.63,1
PX005713,499,bank_timeout,netbanking,media,11,0,0,53,27,726,517.64,0.964,1.0,0.0,19.9,1
PX005714,2499,mandate_expired,upi,saas,5,3,3,15,9,498,3181.37,0.786,0.625,0.2,23.28,0
PX005715,2499,insufficient_funds,card,media,7,1,1,53,16,283,1806.71,1.383,0.875,0.01887,17.65,1
PX005716,499,bank_timeout,card,ecommerce,5,2,1,25,46,291,428.09,1.166,0.714,0.08,25.05,1
PX005717,19999,suspicious_reversal,card,ecommerce,8,0,2,57,31,177,19930.65,1.003,1.0,0.0,5.91,0
PX005718,499,expired_card,upi,subscription,6,3,0,54,33,448,565.78,0.882,0.667,0.05556,23.89,0
PX005719,4999,mandate_expired,upi,subscription,13,3,2,51,58,681,5697.54,0.877,0.812,0.05882,5.96,0
PX005720,499,mandate_expired,upi,saas,9,2,3,4,60,392,358.92,1.39,0.818,0.5,34.67,0
PX005721,9999,bank_timeout,netbanking,ecommerce,9,0,0,18,59,67,9028.42,1.108,1.0,0.0,37.99,1
PX005722,2499,suspicious_reversal,card,saas,15,0,0,21,14,383,2960.47,0.844,1.0,0.0,45.86,1
PX005723,1499,insufficient_funds,card,subscription,7,0,3,16,37,727,1575.81,0.951,1.0,0.0,32.99,0
PX005724,1499,bank_timeout,netbanking,media,9,2,2,41,52,525,932.95,1.607,0.818,0.04878,1.97,0
PX005725,19999,expired_card,netbanking,education,3,2,1,34,14,449,16927.05,1.181,0.6,0.05882,6.74,0
PX005726,1499,suspicious_reversal,wallet,saas,8,2,0,18,10,423,1776.28,0.844,0.8,0.11111,42.07,1
PX005727,2499,suspicious_reversal,wallet,saas,8,2,2,40,33,571,3318.71,0.753,0.8,0.05,39.77,0
PX005728,1999,insufficient_funds,card,media,7,1,3,18,4,2,2520.03,0.793,0.875,0.05556,11.24,0
PX005729,9999,insufficient_funds,upi,saas,7,0,3,57,39,367,9297.66,1.075,1.0,0.0,9.81,0
PX005730,1999,bank_timeout,upi,ecommerce,8,1,2,3,22,456,2284.82,0.875,0.889,0.33333,34.2,1
PX005731,1999,insufficient_funds,card,media,7,1,1,6,37,255,2707.55,0.738,0.875,0.16667,34.5,1
PX005732,1999,insufficient_funds,upi,ecommerce,13,2,2,6,32,261,2495.6,0.801,0.867,0.33333,27.59,0
PX005733,9999,insufficient_funds,wallet,ecommerce,6,4,1,10,58,61,6753.87,1.48,0.6,0.4,28.84,1
PX005734,499,suspicious_reversal,upi,ecommerce,6,2,0,8,29,166,308.51,1.617,0.75,0.25,2.49,0
PX005735,19999,insufficient_funds,netbanking,education,11,1,0,31,21,231,13094.4,1.527,0.917,0.03226,43.81,1
PX005736,1999,suspicious_reversal,upi,subscription,9,4,1,53,54,481,2616.65,0.764,0.692,0.07547,22.74,0
PX005737,9999,bank_timeout,upi,ecommerce,6,2,3,60,18,418,7551.95,1.324,0.75,0.03333,19.57,1
PX005738,9999,mandate_expired,upi,saas,8,1,3,27,55,365,8064.06,1.24,0.889,0.03704,33.34,1
PX005739,499,suspicious_reversal,upi,subscription,7,0,3,59,17,455,490.44,1.017,1.0,0.0,18.98,0
PX005740,1999,bank_timeout,wallet,saas,11,3,2,36,39,615,2567.54,0.779,0.786,0.08333,4.77,1
PX005741,4999,expired_card,wallet,subscription,8,1,1,53,29,515,6444.61,0.776,0.889,0.01887,2.52,1
PX005742,1499,mandate_expired,wallet,education,11,4,0,27,49,589,1550.63,0.967,0.733,0.14815,47.1,0
PX005743,2499,mandate_expired,upi,media,7,1,0,35,60,481,1705.38,1.465,0.875,0.02857,31.56,1
PX005744,19999,insufficient_funds,netbanking,education,7,4,1,43,50,502,23412.24,0.854,0.636,0.09302,12.22,0
PX005745,19999,insufficient_funds,card,subscription,11,2,2,38,51,211,27450.14,0.729,0.846,0.05263,32.43,1
PX005746,19999,expired_card,card,education,3,4,1,4,3,599,27572.64,0.725,0.429,1.0,27.97,0
PX005747,1999,mandate_expired,upi,ecommerce,11,5,3,2,39,274,2699.09,0.741,0.688,2.5,40.16,0
PX005748,4999,bank_timeout,wallet,education,9,4,3,33,34,368,3640.24,1.373,0.692,0.12121,21.68,0
PX005749,999,mandate_expired,upi,subscription,6,0,1,27,4,628,1381.47,0.723,1.0,0.0,5.54,1
PX005750,499,mandate_expired,netbanking,subscription,11,9,2,30,56,185,460.11,1.085,0.55,0.3,36.63,0
PX005751,1999,bank_timeout,wallet,subscription,8,3,1,55,22,75,1922.81,1.04,0.727,0.05455,33.43,1
PX005752,1499,bank_timeout,upi,saas,4,1,3,16,47,69,1522.6,0.984,0.8,0.0625,13.12,1
PX005753,499,bank_timeout,wallet,saas,9,0,0,52,20,519,321.6,1.552,1.0,0.0,3.63,0
PX005754,499,expired_card,card,subscription,12,0,0,44,34,477,566.89,0.88,1.0,0.0,7.53,1
PX005755,4999,suspicious_reversal,wallet,education,12,2,1,6,25,712,3781.35,1.322,0.857,0.33333,29.26,0
PX005756,999,expired_card,wallet,saas,6,1,2,13,53,128,1159.96,0.861,0.857,0.07692,38.18,1
PX005757,19999,expired_card,upi,saas,7,0,0,7,8,726,23240.98,0.861,1.0,0.0,32.21,0
PX005758,2499,insufficient_funds,netbanking,subscription,9,0,1,43,52,249,1825.78,1.369,1.0,0.0,23.92,1
PX005759,2499,expired_card,upi,ecommerce,10,0,2,10,31,84,2641.18,0.946,1.0,0.0,45.98,1
PX005760,1499,insufficient_funds,card,education,7,3,1,47,25,204,1616.33,0.927,0.7,0.06383,31.36,1
PX005761,19999,bank_timeout,card,saas,4,0,0,10,30,223,14633.75,1.367,1.0,0.0,9.26,1
PX005762,9999,insufficient_funds,netbanking,education,8,3,3,55,33,81,7571.16,1.321,0.727,0.05455,23.35,0
PX005763,1499,suspicious_reversal,card,education,11,2,0,46,12,245,1677.94,0.893,0.846,0.04348,37.62,1
PX005764,2499,suspicious_reversal,wallet,ecommerce,6,2,3,20,19,676,1851.27,1.35,0.75,0.1,45.71,0
PX005765,1499,expired_card,upi,media,11,1,0,59,22,309,1372.63,1.092,0.917,0.01695,33.11,0
PX005766,499,bank_timeout,netbanking,saas,8,1,0,32,22,95,349.18,1.429,0.889,0.03125,30.71,1
PX005767,2499,insufficient_funds,upi,media,7,1,3,1,36,649,2985.76,0.837,0.875,1.0,11.85,0
PX005768,19999,bank_timeout,netbanking,media,8,0,1,9,34,41,27600.24,0.725,1.0,0.0,31.85,1
PX005769,499,expired_card,wallet,education,6,0,0,26,20,146,546.79,0.913,1.0,0.0,46.54,1
PX005770,2499,bank_timeout,netbanking,education,8,3,3,40,22,546,3347.53,0.747,0.727,0.075,19.8,1
PX005771,1999,mandate_expired,upi,education,6,6,2,20,5,691,1558.5,1.283,0.5,0.3,8.11,0
PX005772,4999,bank_timeout,upi,saas,11,1,2,55,20,330,4984.3,1.003,0.917,0.01818,16.11,0
PX005773,999,mandate_expired,upi,media,8,2,3,7,23,397,615.1,1.624,0.8,0.28571,33.07,0
PX005774,9999,expired_card,netbanking,ecommerce,7,3,3,35,49,145,10374.1,0.964,0.7,0.08571,23.39,0
PX005775,4999,suspicious_reversal,wallet,media,12,1,2,7,45,106,6873.27,0.727,0.923,0.14286,1.42,1
PX005776,1999,insufficient_funds,card,media,5,3,2,12,59,365,1296.74,1.542,0.625,0.25,44.34,1
PX005777,9999,insufficient_funds,card,subscription,5,4,1,32,29,648,12216.29,0.818,0.556,0.125,23.04,1
PX005778,19999,suspicious_reversal,netbanking,subscription,9,0,3,30,25,63,14966.21,1.336,1.0,0.0,22.26,0
PX005779,499,insufficient_funds,wallet,media,7,0,1,48,43,63,491.83,1.015,1.0,0.0,29.92,1
PX005780,499,expired_card,wallet,ecommerce,9,2,0,30,6,488,619.36,0.806,0.818,0.06667,39.41,1
PX005781,999,expired_card,wallet,subscription,9,0,1,58,38,712,970.88,1.029,1.0,0.0,16.89,0
PX005782,1499,insufficient_funds,netbanking,media,11,0,2,18,15,548,2062.01,0.727,1.0,0.0,45.68,1
PX005783,999,mandate_expired,wallet,subscription,13,1,0,11,9,214,1229.55,0.812,0.929,0.09091,32.82,1
PX005784,999,mandate_expired,card,ecommerce,6,1,0,31,11,720,1244.9,0.802,0.857,0.03226,6.29,1
PX005785,4999,suspicious_reversal,card,subscription,8,3,3,13,17,212,5465.02,0.915,0.727,0.23077,46.11,0
PX005786,1499,suspicious_reversal,wallet,media,12,1,2,21,53,715,1687.52,0.888,0.923,0.04762,4.47,0
PX005787,1499,bank_timeout,netbanking,education,7,3,2,41,8,169,1254.72,1.195,0.7,0.07317,26.78,1
PX005788,499,insufficient_funds,card,education,7,2,2,17,10,224,479.72,1.04,0.778,0.11765,45.99,1
PX005789,1499,suspicious_reversal,netbanking,saas,4,5,0,57,38,120,1459.25,1.027,0.444,0.08772,2.39,0
PX005790,1499,expired_card,wallet,education,9,2,1,46,42,483,1817.6,0.825,0.818,0.04348,17.92,0
PX005791,19999,suspicious_reversal,card,saas,10,2,0,44,24,466,13358.17,1.497,0.833,0.04545,47.94,0
PX005792,1499,mandate_expired,upi,ecommerce,10,0,1,5,8,728,1158.88,1.293,1.0,0.0,46.71,0
PX005793,1999,suspicious_reversal,card,saas,9,1,1,50,31,9,1370.03,1.459,0.9,0.02,29.45,0
PX005794,499,expired_card,wallet,subscription,10,2,3,53,24,572,562.27,0.887,0.833,0.03774,7.34,0
PX005795,499,insufficient_funds,netbanking,saas,4,1,0,20,22,568,371.99,1.341,0.8,0.05,8.72,1
PX005796,19999,expired_card,wallet,saas,14,5,3,37,12,260,15109.39,1.324,0.737,0.13514,6.94,0
PX005797,499,mandate_expired,wallet,media,6,2,2,2,17,451,529.04,0.943,0.75,1.0,32.06,0
PX005798,1499,suspicious_reversal,wallet,saas,2,1,2,54,25,74,1433.64,1.046,0.667,0.01852,27.69,0
PX005799,9999,insufficient_funds,wallet,education,5,0,2,6,60,501,10644.58,0.939,1.0,0.0,16.31,0
PX005800,999,bank_timeout,card,ecommerce,14,1,3,45,29,692,621.29,1.608,0.933,0.02222,42.13,1
PX005801,999,mandate_expired,netbanking,ecommerce,8,2,3,25,29,384,749.95,1.332,0.8,0.08,13.03,1
PX005802,4999,insufficient_funds,netbanking,ecommerce,7,0,2,45,1,620,3177.9,1.573,1.0,0.0,14.44,1
PX005803,19999,insufficient_funds,card,media,7,2,0,36,35,448,17319.33,1.155,0.778,0.05556,36.76,1
PX005804,4999,insufficient_funds,netbanking,education,8,5,1,43,27,133,3123.93,1.6,0.615,0.11628,6.74,1
PX005805,2499,bank_timeout,netbanking,saas,11,1,0,42,37,655,2627.5,0.951,0.917,0.02381,6.9,1
PX005806,19999,bank_timeout,upi,ecommerce,11,1,0,47,27,317,26604.66,0.752,0.917,0.02128,18.34,1
PX005807,4999,mandate_expired,upi,media,8,1,3,2,29,4,6649.65,0.752,0.889,0.5,0.53,1
PX005808,499,mandate_expired,wallet,ecommerce,5,1,1,24,16,115,695.19,0.718,0.833,0.04167,40.98,0
PX005809,19999,expired_card,netbanking,media,10,2,2,5,15,118,21070.72,0.949,0.833,0.4,6.47,0
PX005810,499,mandate_expired,wallet,subscription,6,3,0,19,57,483,684.78,0.729,0.667,0.15789,29.44,0
PX005811,19999,insufficient_funds,netbanking,subscription,12,2,0,8,24,220,27222.07,0.735,0.857,0.25,9.05,1
PX005812,1999,expired_card,card,ecommerce,12,4,2,39,29,501,1254.25,1.594,0.75,0.10256,29.2,0
PX005813,19999,insufficient_funds,wallet,ecommerce,7,4,2,21,25,265,13932.03,1.435,0.636,0.19048,40.17,0
PX005814,999,expired_card,wallet,subscription,6,4,1,35,22,608,1164.96,0.858,0.6,0.11429,23.85,0
PX005815,4999,bank_timeout,wallet,subscription,10,0,2,38,56,267,3696.89,1.352,1.0,0.0,15.91,0
PX005816,9999,insufficient_funds,netbanking,media,5,2,0,24,18,112,10721.62,0.933,0.714,0.08333,16.34,1
PX005817,1499,bank_timeout,netbanking,media,7,1,2,57,14,653,1865.7,0.803,0.875,0.01754,6.97,0
PX005818,19999,suspicious_reversal,upi,subscription,6,2,0,60,44,178,22558.67,0.887,0.75,0.03333,37.03,1
PX005819,499,mandate_expired,upi,subscription,9,3,0,39,46,244,435.31,1.146,0.75,0.07692,34.08,1
PX005820,4999,insufficient_funds,wallet,subscription,10,4,2,48,18,315,5176.84,0.966,0.714,0.08333,16.01,0
PX005821,1499,mandate_expired,wallet,education,7,3,1,36,21,181,1221.94,1.227,0.7,0.08333,42.09,1
PX005822,1499,mandate_expired,netbanking,ecommerce,9,0,1,36,8,216,1842.21,0.814,1.0,0.0,40.83,1
PX005823,19999,suspicious_reversal,netbanking,ecommerce,13,1,3,2,51,63,15686.56,1.275,0.929,0.5,8.22,0
PX005824,19999,suspicious_reversal,netbanking,saas,10,1,1,54,60,442,27680.21,0.723,0.909,0.01852,24.27,0
PX005825,999,expired_card,card,education,4,0,3,52,16,490,1123.23,0.889,1.0,0.0,36.09,0
PX005826,499,expired_card,wallet,ecommerce,6,2,0,60,34,722,420.71,1.186,0.75,0.03333,18.54,1
PX005827,4999,mandate_expired,netbanking,subscription,8,1,1,37,58,329,5273.29,0.948,0.889,0.02703,39.8,1
PX005828,2499,bank_timeout,netbanking,education,3,1,1,43,35,66,2243.61,1.114,0.75,0.02326,29.5,0
PX005829,1999,insufficient_funds,netbanking,ecommerce,7,3,2,59,46,726,1697.0,1.178,0.7,0.05085,1.6,0
PX005830,9999,bank_timeout,card,subscription,8,1,3,17,4,347,8279.4,1.208,0.889,0.05882,10.79,0
PX005831,1499,insufficient_funds,card,saas,7,1,2,32,21,356,1138.41,1.317,0.875,0.03125,36.89,1
PX005832,9999,bank_timeout,wallet,media,5,0,3,29,60,208,6457.14,1.549,1.0,0.0,35.35,0
PX005833,999,insufficient_funds,netbanking,education,2,1,0,43,2,57,1229.85,0.812,0.667,0.02326,47.58,0
PX005834,4999,bank_timeout,card,saas,11,0,0,27,11,244,3262.35,1.532,1.0,0.0,29.85,0
PX005835,1999,insufficient_funds,wallet,subscription,9,6,3,1,51,249,1636.5,1.222,0.6,6.0,1.95,0
PX005836,19999,expired_card,card,subscription,8,3,1,17,45,705,13106.46,1.526,0.727,0.17647,37.24,0
PX005837,1499,mandate_expired,upi,education,4,0,2,48,24,573,1161.0,1.291,1.0,0.0,32.27,0
PX005838,19999,insufficient_funds,upi,media,4,1,2,48,3,100,23871.77,0.838,0.8,0.02083,5.83,1
PX005839,999,mandate_expired,wallet,ecommerce,8,2,1,12,4,363,854.24,1.169,0.8,0.16667,18.97,0
PX005840,19999,expired_card,netbanking,ecommerce,9,0,2,51,37,111,14174.26,1.411,1.0,0.0,5.64,0
PX005841,1499,suspicious_reversal,card,subscription,8,0,1,8,14,140,1058.85,1.416,1.0,0.0,39.33,1
PX005842,4999,bank_timeout,netbanking,education,8,1,1,49,7,254,4977.51,1.004,0.889,0.02041,17.67,1
PX005843,499,suspicious_reversal,card,subscription,6,2,3,13,34,19,638.53,0.781,0.75,0.15385,12.43,0
PX005844,1999,insufficient_funds,netbanking,subscription,14,4,3,14,55,75,2771.86,0.721,0.778,0.28571,30.52,1
PX005845,1999,expired_card,card,subscription,6,3,3,32,56,377,1399.44,1.428,0.667,0.09375,24.99,1
PX005846,2499,mandate_expired,card,education,5,2,2,22,14,46,2969.05,0.842,0.714,0.09091,43.9,0
PX005847,1999,bank_timeout,netbanking,education,3,1,3,8,19,557,2232.51,0.895,0.75,0.125,1.75,1
PX005848,9999,mandate_expired,card,ecommerce,7,1,2,32,22,244,12099.68,0.826,0.875,0.03125,2.58,0
PX005849,499,insufficient_funds,card,media,10,0,3,54,37,394,492.91,1.012,1.0,0.0,33.48,0
PX005850,2499,mandate_expired,netbanking,ecommerce,9,1,1,12,5,448,3170.15,0.788,0.9,0.08333,14.78,1
PX005851,4999,insufficient_funds,wallet,ecommerce,5,0,3,5,17,212,3066.08,1.63,1.0,0.0,47.96,1
PX005852,2499,insufficient_funds,wallet,saas,6,0,3,58,12,494,2836.19,0.881,1.0,0.0,0.86,1
PX005853,19999,mandate_expired,netbanking,subscription,7,2,0,23,53,85,20720.36,0.965,0.778,0.08696,36.06,0
PX005854,1999,suspicious_reversal,netbanking,saas,7,2,1,47,26,10,1435.95,1.392,0.778,0.04255,5.8,0
PX005855,9999,mandate_expired,card,media,7,2,2,30,49,408,12875.51,0.777,0.778,0.06667,12.89,1
PX005856,4999,insufficient_funds,wallet,saas,9,1,2,17,33,43,4193.74,1.192,0.9,0.05882,2.79,1
PX005857,1999,expired_card,wallet,subscription,9,1,3,51,38,322,2466.96,0.81,0.9,0.01961,8.09,0
PX005858,2499,expired_card,upi,media,7,2,3,21,47,20,2571.43,0.972,0.778,0.09524,36.47,0
PX005859,1499,expired_card,netbanking,saas,7,1,1,60,19,650,1969.42,0.761,0.875,0.01667,20.84,0
PX005860,2499,insufficient_funds,card,education,6,1,1,12,4,269,1749.25,1.429,0.857,0.08333,26.1,0
PX005861,1499,bank_timeout,netbanking,media,6,3,2,5,36,225,1432.53,1.046,0.667,0.6,16.27,1
PX005862,19999,mandate_expired,card,ecommerce,11,2,0,4,22,273,21481.95,0.931,0.846,0.5,42.74,0
PX005863,19999,insufficient_funds,upi,subscription,7,1,0,51,60,226,15036.77,1.33,0.875,0.01961,43.83,1
PX005864,9999,bank_timeout,upi,media,6,0,2,17,9,424,10331.53,0.968,1.0,0.0,12.68,1
PX005865,2499,insufficient_funds,netbanking,saas,3,4,3,3,15,401,3083.68,0.81,0.429,1.33333,37.77,1
PX005866,499,bank_timeout,card,subscription,9,1,0,50,46,502,514.69,0.97,0.9,0.02,39.3,1
PX005867,999,mandate_expired,upi,ecommerce,7,2,3,3,60,306,985.93,1.013,0.778,0.66667,7.3,0
PX005868,1999,bank_timeout,netbanking,ecommerce,5,2,3,51,8,377,2211.61,0.904,0.714,0.03922,18.64,0
PX005869,19999,suspicious_reversal,wallet,ecommerce,9,1,1,38,59,433,12591.16,1.588,0.9,0.02632,12.63,0
PX005870,2499,bank_timeout,wallet,ecommerce,7,5,2,59,9,99,2840.44,0.88,0.583,0.08475,7.3,1
PX005871,999,expired_card,upi,saas,9,1,0,38,27,518,1356.24,0.737,0.9,0.02632,36.81,0
PX005872,499,insufficient_funds,upi,education,8,2,2,28,16,392,557.76,0.895,0.8,0.07143,32.96,1
PX005873,2499,expired_card,upi,ecommerce,8,0,3,30,12,357,3323.59,0.752,1.0,0.0,16.03,0
PX005874,499,insufficient_funds,wallet,saas,11,2,3,1,43,652,479.22,1.041,0.846,2.0,32.22,1
PX005875,4999,suspicious_reversal,wallet,subscription,13,1,2,20,30,360,5359.58,0.933,0.929,0.05,47.25,0
PX005876,499,insufficient_funds,wallet,subscription,8,3,3,60,15,67,306.09,1.63,0.727,0.05,26.62,0
PX005877,9999,bank_timeout,card,subscription,7,1,2,57,25,494,7953.52,1.257,0.875,0.01754,43.63,1
PX005878,499,mandate_expired,card,ecommerce,7,1,3,49,40,420,524.79,0.951,0.875,0.02041,23.66,0
PX005879,2499,insufficient_funds,card,media,11,1,1,53,20,618,3087.05,0.81,0.917,0.01887,11.74,1
PX005880,1999,suspicious_reversal,wallet,education,5,0,2,24,57,599,1303.91,1.533,1.0,0.0,20.59,0
PX005881,4999,suspicious_reversal,upi,saas,12,1,2,24,39,64,5342.81,0.936,0.923,0.04167,34.63,1
PX005882,1499,bank_timeout,upi,media,5,1,2,60,7,82,1770.84,0.846,0.833,0.01667,15.19,0
PX005883,19999,bank_timeout,card,media,7,2,1,20,1,371,15785.09,1.267,0.778,0.1,15.71,1
PX005884,499,suspicious_reversal,card,education,8,5,2,40,40,323,678.89,0.735,0.615,0.125,14.9,0
PX005885,999,bank_timeout,netbanking,media,12,4,0,43,54,498,1283.86,0.778,0.75,0.09302,21.61,1
PX005886,9999,bank_timeout,card,media,7,0,2,46,20,286,8144.56,1.228,1.0,0.0,37.17,1
PX005887,1499,suspicious_reversal,wallet,ecommerce,8,6,2,49,32,632,1903.91,0.787,0.571,0.12245,32.57,0
PX005888,2499,mandate_expired,card,saas,5,1,3,26,54,94,2342.52,1.067,0.833,0.03846,1.54,0
PX005889,19999,expired_card,netbanking,education,3,4,0,12,42,336,19376.93,1.032,0.429,0.33333,33.37,0
PX005890,499,suspicious_reversal,wallet,ecommerce,5,1,2,16,58,401,326.1,1.53,0.833,0.0625,26.76,1
PX005891,1499,bank_timeout,upi,subscription,7,2,0,47,26,581,903.43,1.659,0.778,0.04255,17.02,1
PX005892,499,bank_timeout,card,saas,2,2,3,11,12,414,452.28,1.103,0.5,0.18182,17.01,1
PX005893,19999,mandate_expired,upi,education,9,6,1,33,12,273,12966.47,1.542,0.6,0.18182,46.41,0
PX005894,1499,insufficient_funds,netbanking,subscription,10,5,1,36,51,453,901.88,1.662,0.667,0.13889,31.84,1
PX005895,4999,insufficient_funds,card,education,12,3,2,4,38,499,6569.26,0.761,0.8,0.75,26.31,0
PX005896,19999,bank_timeout,upi,media,9,2,1,53,47,452,24946.76,0.802,0.818,0.03774,28.42,1
PX005897,999,suspicious_reversal,netbanking,ecommerce,7,1,1,26,50,278,1072.3,0.932,0.875,0.03846,35.84,0
PX005898,4999,expired_card,netbanking,subscription,11,2,0,34,37,145,4116.1,1.214,0.846,0.05882,31.54,1
PX005899,499,suspicious_reversal,wallet,saas,13,2,0,35,41,397,519.31,0.961,0.867,0.05714,29.19,0
PX005900,499,insufficient_funds,wallet,ecommerce,7,2,3,57,2,77,385.48,1.294,0.778,0.03509,2.13,0
PX005901,1999,insufficient_funds,upi,subscription,12,3,0,5,24,673,2122.67,0.942,0.8,0.6,28.38,1
PX005902,2499,expired_card,card,saas,8,2,2,52,37,341,2081.47,1.201,0.8,0.03846,41.2,1
PX005903,1499,insufficient_funds,card,subscription,9,2,0,1,42,337,1985.36,0.755,0.818,2.0,26.37,1
PX005904,19999,insufficient_funds,upi,media,10,4,3,56,26,658,21713.96,0.921,0.714,0.07143,3.11,0
PX005905,19999,expired_card,card,subscription,11,2,0,53,53,566,27554.23,0.726,0.846,0.03774,26.53,0
PX005906,999,bank_timeout,upi,ecommerce,7,2,3,20,4,228,1375.81,0.726,0.778,0.1,18.57,0
PX005907,999,insufficient_funds,netbanking,subscription,14,2,1,60,11,596,1372.8,0.728,0.875,0.03333,9.17,1
PX005908,2499,bank_timeout,card,education,8,1,1,10,33,390,2734.68,0.914,0.889,0.1,4.81,1
PX005909,9999,expired_card,upi,media,11,3,0,26,52,407,10836.14,0.923,0.786,0.11538,26.77,0
PX005910,499,bank_timeout,netbanking,education,8,2,1,20,13,249,655.86,0.761,0.8,0.1,23.95,1
PX005911,1999,expired_card,upi,media,7,1,0,53,35,537,1266.96,1.578,0.875,0.01887,33.85,0
PX005912,2499,mandate_expired,netbanking,media,2,3,0,25,8,316,1676.56,1.491,0.4,0.12,4.86,1
PX005913,9999,insufficient_funds,card,subscription,10,1,1,60,41,43,7082.57,1.412,0.909,0.01667,21.02,1
PX005914,9999,expired_card,wallet,media,10,5,1,58,7,343,13949.29,0.717,0.667,0.08621,30.75,0
PX005915,2499,insufficient_funds,card,ecommerce,3,0,0,19,57,718,1525.43,1.638,1.0,0.0,22.49,1
PX005916,999,insufficient_funds,netbanking,ecommerce,5,1,0,40,17,240,969.95,1.03,0.833,0.025,18.23,1
PX005917,999,suspicious_reversal,card,education,5,1,0,50,39,397,1033.54,0.967,0.833,0.02,38.92,0
PX005918,999,expired_card,card,saas,9,0,1,38,33,194,1138.59,0.877,1.0,0.0,36.42,1
PX005919,999,insufficient_funds,netbanking,saas,9,2,2,57,55,586,738.98,1.352,0.818,0.03509,39.46,0
PX005920,1999,suspicious_reversal,upi,education,5,1,1,55,39,648,2557.24,0.782,0.833,0.01818,28.0,0
PX005921,1499,bank_timeout,wallet,subscription,9,2,0,43,57,532,1434.09,1.045,0.818,0.04651,17.33,1
PX005922,1999,bank_timeout,wallet,education,9,1,1,56,50,438,2078.98,0.962,0.9,0.01786,15.07,1
PX005923,1999,insufficient_funds,netbanking,saas,10,3,3,52,35,158,1404.29,1.423,0.769,0.05769,37.29,0
PX005924,2499,expired_card,wallet,ecommerce,9,2,0,28,41,283,2544.87,0.982,0.818,0.07143,20.69,1
PX005925,2499,suspicious_reversal,wallet,education,7,1,3,46,58,494,2220.82,1.125,0.875,0.02174,44.91,0
PX005926,499,expired_card,upi,media,10,1,3,26,6,687,527.0,0.947,0.909,0.03846,19.85,0
PX005927,1499,mandate_expired,netbanking,saas,12,4,3,41,30,217,1786.01,0.839,0.75,0.09756,29.73,0
PX005928,1499,expired_card,wallet,subscription,7,5,2,33,17,523,1192.06,1.257,0.583,0.15152,11.04,0
PX005929,4999,suspicious_reversal,card,media,6,2,0,25,9,167,6157.83,0.812,0.75,0.08,0.78,1
PX005930,2499,bank_timeout,wallet,ecommerce,9,3,2,16,16,561,2652.19,0.942,0.75,0.1875,27.07,1
PX005931,19999,bank_timeout,netbanking,saas,5,3,2,11,23,351,27636.11,0.724,0.625,0.27273,43.69,1
PX005932,1499,expired_card,wallet,saas,5,1,1,41,8,402,1824.79,0.821,0.833,0.02439,1.42,0
PX005933,1499,suspicious_reversal,netbanking,ecommerce,8,4,1,31,6,376,1939.66,0.773,0.667,0.12903,40.63,0
PX005934,499,insufficient_funds,wallet,education,8,0,2,55,35,296,423.37,1.179,1.0,0.0,17.09,1
PX005935,1999,expired_card,card,ecommerce,6,3,2,49,8,366,1805.69,1.107,0.667,0.06122,6.69,1
PX005936,4999,bank_timeout,card,saas,10,2,1,20,5,507,3169.84,1.577,0.833,0.1,18.31,1
PX005937,19999,bank_timeout,netbanking,ecommerce,5,2,2,29,43,334,16556.38,1.208,0.714,0.06897,44.74,1
PX005938,1999,insufficient_funds,card,subscription,7,2,3,60,1,340,2506.53,0.798,0.778,0.03333,8.32,0
PX005939,9999,mandate_expired,wallet,education,8,1,2,3,6,82,11699.27,0.855,0.889,0.33333,21.04,0
PX005940,2499,suspicious_reversal,upi,media,10,1,1,4,27,18,3438.81,0.727,0.909,0.25,1.37,0
PX005941,499,expired_card,upi,saas,3,3,3,38,28,632,480.65,1.038,0.5,0.07895,34.5,0
PX005942,2499,insufficient_funds,upi,saas,12,3,2,38,5,254,3271.36,0.764,0.8,0.07895,34.31,1
PX005943,1499,suspicious_reversal,card,media,9,1,2,34,31,188,1975.63,0.759,0.9,0.02941,43.74,0
PX005944,1499,mandate_expired,netbanking,ecommerce,8,1,2,30,12,587,1056.71,1.419,0.889,0.03333,31.87,0
PX005945,9999,insufficient_funds,upi,subscription,10,5,0,46,42,395,10251.55,0.975,0.667,0.1087,6.04,1
PX005946,19999,insufficient_funds,wallet,subscription,8,1,3,49,2,604,20293.03,0.986,0.889,0.02041,9.06,1
PX005947,1999,suspicious_reversal,wallet,education,8,6,0,60,8,253,2243.79,0.891,0.571,0.1,26.21,0
PX005948,999,insufficient_funds,card,ecommerce,10,4,0,58,1,437,1233.68,0.81,0.714,0.06897,33.49,1
PX005949,999,bank_timeout,netbanking,saas,7,4,3,9,58,506,1124.05,0.889,0.636,0.44444,45.86,1
PX005950,999,expired_card,upi,ecommerce,11,2,1,2,20,629,1274.05,0.784,0.846,1.0,2.69,1
PX005951,1999,insufficient_funds,wallet,media,4,0,3,13,52,717,2772.25,0.721,1.0,0.0,12.68,0
PX005952,4999,bank_timeout,wallet,saas,11,1,3,46,23,453,6411.14,0.78,0.917,0.02174,22.76,1
PX005953,4999,mandate_expired,card,saas,13,2,0,24,22,709,5909.93,0.846,0.867,0.08333,33.24,0
PX005954,1999,suspicious_reversal,card,media,10,0,1,26,46,597,2013.9,0.993,1.0,0.0,2.95,0
PX005955,19999,suspicious_reversal,upi,ecommerce,7,2,1,30,19,382,25133.33,0.796,0.778,0.06667,47.83,0
PX005956,999,bank_timeout,card,media,11,1,3,7,16,559,861.38,1.16,0.917,0.14286,8.75,0
PX005957,2499,bank_timeout,wallet,ecommerce,9,0,2,20,34,432,2237.23,1.117,1.0,0.0,33.69,1
PX005958,999,bank_timeout,upi,subscription,9,0,0,38,16,161,677.3,1.475,1.0,0.0,43.47,1
PX005959,2499,expired_card,wallet,education,13,1,2,23,14,387,2339.09,1.068,0.929,0.04348,43.97,1
PX005960,1499,mandate_expired,netbanking,ecommerce,8,3,0,45,1,419,955.13,1.569,0.727,0.06667,7.05,0
PX005961,2499,bank_timeout,card,education,10,1,3,9,59,484,2645.1,0.945,0.909,0.11111,45.89,1
PX005962,4999,expired_card,netbanking,media,11,3,3,36,51,477,5588.79,0.894,0.786,0.08333,14.5,0
PX005963,19999,suspicious_reversal,upi,saas,7,2,3,33,55,494,27402.62,0.73,0.778,0.06061,29.77,0
PX005964,9999,suspicious_reversal,netbanking,education,9,2,1,44,42,391,6126.1,1.632,0.818,0.04545,23.63,0
PX005965,999,expired_card,upi,ecommerce,12,3,3,26,47,222,867.21,1.152,0.8,0.11538,21.57,1
PX005966,4999,expired_card,upi,ecommerce,7,1,1,50,38,343,3390.47,1.474,0.875,0.02,11.52,0
PX005967,999,expired_card,wallet,education,11,0,0,8,1,251,984.73,1.014,1.0,0.0,44.27,1
PX005968,1499,bank_timeout,wallet,education,17,1,0,51,25,651,1049.23,1.429,0.944,0.01961,7.34,1
PX005969,1999,insufficient_funds,netbanking,media,7,1,2,49,41,393,2555.31,0.782,0.875,0.02041,40.41,0
PX005970,9999,mandate_expired,wallet,subscription,14,1,2,24,20,273,9559.52,1.046,0.933,0.04167,29.03,0
PX005971,1999,mandate_expired,card,media,3,3,0,14,39,208,2028.83,0.985,0.5,0.21429,20.08,0
PX005972,999,insufficient_funds,card,ecommerce,13,2,2,38,15,544,807.97,1.236,0.867,0.05263,28.11,0
PX005973,2499,expired_card,wallet,education,9,3,3,9,34,188,2316.81,1.079,0.75,0.33333,41.46,0
PX005974,4999,mandate_expired,card,education,7,2,1,36,41,382,6309.06,0.792,0.778,0.05556,1.84,0
PX005975,9999,mandate_expired,wallet,saas,10,4,3,60,17,675,9588.31,1.043,0.714,0.06667,17.24,0
PX005976,19999,bank_timeout,wallet,saas,12,3,2,35,29,75,23805.92,0.84,0.8,0.08571,44.95,1
PX005977,1999,mandate_expired,upi,ecommerce,6,2,3,23,12,109,2434.61,0.821,0.75,0.08696,1.22,0
PX005978,499,bank_timeout,netbanking,saas,12,4,3,45,18,105,490.51,1.017,0.75,0.08889,8.23,0
PX005979,999,insufficient_funds,card,media,14,2,3,30,33,15,1228.38,0.813,0.875,0.06667,8.31,1
PX005980,9999,expired_card,wallet,ecommerce,7,3,0,34,32,473,8758.41,1.142,0.7,0.08824,41.36,0
PX005981,1999,expired_card,card,subscription,4,3,2,20,32,94,2378.38,0.84,0.571,0.15,28.81,0
PX005982,9999,insufficient_funds,card,ecommerce,4,1,3,53,7,217,9259.93,1.08,0.8,0.01887,8.51,1
PX005983,1999,mandate_expired,wallet,media,10,2,2,32,55,236,1559.31,1.282,0.833,0.0625,39.74,0
PX005984,9999,expired_card,netbanking,subscription,11,3,0,57,51,320,7962.99,1.256,0.786,0.05263,27.7,0
PX005985,499,expired_card,upi,subscription,7,5,2,21,2,678,631.06,0.791,0.583,0.2381,4.66,0
PX005986,1499,bank_timeout,card,ecommerce,5,1,3,48,30,28,1960.41,0.765,0.833,0.02083,42.84,1
PX005987,1499,mandate_expired,netbanking,ecommerce,10,3,2,17,37,388,1873.01,0.8,0.769,0.17647,43.48,0
PX005988,9999,bank_timeout,card,education,6,2,1,14,55,417,8348.18,1.198,0.75,0.14286,15.16,0
PX005989,19999,insufficient_funds,upi,subscription,10,4,2,33,23,314,12461.53,1.605,0.714,0.12121,36.05,1
PX005990,4999,bank_timeout,wallet,ecommerce,8,2,1,47,37,313,3316.77,1.507,0.8,0.04255,44.99,0
PX005991,4999,suspicious_reversal,card,education,7,4,0,8,13,361,4876.34,1.025,0.636,0.5,9.25,0
PX005992,999,suspicious_reversal,netbanking,subscription,6,3,2,3,14,271,878.23,1.138,0.667,1.0,33.57,0
PX005993,499,bank_timeout,card,saas,7,1,3,8,22,384,357.55,1.396,0.875,0.125,32.82,1
PX005994,2499,suspicious_reversal,card,subscription,5,1,0,58,11,623,1633.93,1.529,0.833,0.01724,17.2,1
PX005995,1999,expired_card,netbanking,subscription,2,2,3,52,18,185,2226.33,0.898,0.5,0.03846,11.63,0
PX005996,1999,mandate_expired,card,saas,12,3,2,18,41,361,1263.42,1.582,0.8,0.16667,17.25,0
PX005997,1999,insufficient_funds,netbanking,saas,7,2,3,47,42,507,1459.87,1.369,0.778,0.04255,22.93,1
PX005998,999,insufficient_funds,wallet,saas,10,0,1,24,16,473,1080.94,0.924,1.0,0.0,24.16,0
PX005999,999,mandate_expired,wallet,education,7,3,2,48,14,16,1083.35,0.922,0.7,0.0625,39.01,0
PX006000,4999,expired_card,card,ecommerce,6,2,1,55,17,562,3529.63,1.416,0.75,0.03636,31.75,1
PX006001,999,insufficient_funds,netbanking,ecommerce,12,6,0,12,12,220,604.03,1.654,0.667,0.5,1.77,0
PX006002,19999,suspicious_reversal,wallet,ecommerce,9,2,2,37,58,570,16598.24,1.205,0.818,0.05405,28.62,0
PX006003,499,mandate_expired,netbanking,media,7,0,0,3,47,288,485.4,1.028,1.0,0.0,37.23,0
PX006004,4999,suspicious_reversal,netbanking,saas,9,1,0,47,16,560,4599.09,1.087,0.9,0.02128,36.16,0
PX006005,19999,suspicious_reversal,wallet,education,9,3,3,43,54,678,22907.23,0.873,0.75,0.06977,27.99,0
PX006006,9999,expired_card,upi,media,4,2,0,38,3,650,6332.24,1.579,0.667,0.05263,10.71,1
PX006007,1999,bank_timeout,card,subscription,7,0,3,25,13,520,2616.52,0.764,1.0,0.0,3.89,1
PX006008,999,mandate_expired,card,media,13,1,3,21,7,343,692.04,1.444,0.929,0.04762,19.69,1
PX006009,999,expired_card,card,ecommerce,4,2,0,18,56,588,760.9,1.313,0.667,0.11111,1.17,1
PX006010,19999,mandate_expired,upi,media,8,0,3,46,24,130,26471.33,0.755,1.0,0.0,4.71,1
PX006011,499,mandate_expired,wallet,saas,10,1,2,40,40,511,497.76,1.002,0.909,0.025,35.49,1
PX006012,9999,suspicious_reversal,upi,subscription,4,1,0,45,38,586,9986.51,1.001,0.8,0.02222,38.06,0
PX006013,1499,bank_timeout,wallet,media,9,0,0,14,22,333,1467.19,1.022,1.0,0.0,46.48,1
PX006014,4999,mandate_expired,upi,ecommerce,6,2,1,20,35,427,6425.61,0.778,0.75,0.1,3.75,0
PX006015,1499,insufficient_funds,card,saas,4,4,1,40,38,508,1306.82,1.147,0.5,0.1,5.38,1
PX006016,1499,bank_timeout,card,media,8,1,0,53,13,160,1044.68,1.435,0.889,0.01887,46.56,1
PX006017,9999,insufficient_funds,upi,media,10,0,0,4,60,48,12317.57,0.812,1.0,0.0,43.4,1
PX006018,999,expired_card,card,ecommerce,5,3,2,52,27,546,1193.46,0.837,0.625,0.05769,29.58,0
PX006019,2499,bank_timeout,netbanking,media,4,0,3,38,6,475,2557.84,0.977,1.0,0.0,28.37,0
PX006020,9999,insufficient_funds,card,subscription,11,0,0,11,13,17,6315.44,1.583,1.0,0.0,5.55,0
PX006021,19999,insufficient_funds,wallet,media,10,3,3,22,52,39,24829.07,0.805,0.769,0.13636,5.3,1
PX006022,4999,suspicious_reversal,netbanking,education,1,2,3,31,38,247,6011.74,0.832,0.333,0.06452,32.9,0
PX006023,4999,suspicious_reversal,upi,media,14,2,2,32,42,714,5041.68,0.992,0.875,0.0625,20.31,0
PX006024,9999,insufficient_funds,card,media,7,2,0,44,5,161,8510.99,1.175,0.778,0.04545,39.64,1
PX006025,4999,expired_card,card,media,6,2,2,14,37,179,4569.09,1.094,0.75,0.14286,18.19,1
PX006026,9999,suspicious_reversal,netbanking,education,3,4,0,23,26,253,12754.1,0.784,0.429,0.17391,32.46,0
PX006027,2499,insufficient_funds,wallet,subscription,12,1,0,4,4,127,2507.56,0.997,0.923,0.25,4.39,1
PX006028,2499,expired_card,wallet,subscription,5,2,3,58,45,271,2739.96,0.912,0.714,0.03448,20.8,0
PX006029,1999,bank_timeout,card,saas,12,3,3,59,14,54,2460.98,0.812,0.8,0.05085,24.46,1
PX006030,999,insufficient_funds,upi,ecommerce,7,2,0,4,21,516,679.34,1.471,0.778,0.5,5.65,1
PX006031,19999,suspicious_reversal,wallet,education,11,1,3,6,23,645,14831.64,1.348,0.917,0.16667,43.44,1
PX006032,999,suspicious_reversal,upi,subscription,7,4,3,52,50,155,810.35,1.233,0.636,0.07692,20.14,0
PX006033,999,insufficient_funds,upi,subscription,15,3,2,11,11,13,1046.36,0.955,0.833,0.27273,4.4,1
PX006034,19999,mandate_expired,upi,media,8,6,1,59,9,530,15999.26,1.25,0.571,0.10169,40.1,1
PX006035,19999,suspicious_reversal,wallet,education,13,1,3,25,23,75,27843.95,0.718,0.929,0.04,16.64,0
PX006036,9999,expired_card,wallet,subscription,9,4,0,59,20,7,9732.22,1.027,0.692,0.0678,8.14,0
PX006037,499,mandate_expired,wallet,ecommerce,10,0,2,28,33,335,360.63,1.384,1.0,0.0,1.79,0
PX006038,2499,insufficient_funds,wallet,ecommerce,8,1,2,11,31,576,2606.57,0.959,0.889,0.09091,8.0,1
PX006039,1999,suspicious_reversal,netbanking,education,6,0,3,11,30,239,2575.58,0.776,1.0,0.0,42.7,0
PX006040,999,insufficient_funds,netbanking,saas,7,2,0,12,7,31,712.42,1.402,0.778,0.16667,35.18,1
PX006041,9999,bank_timeout,upi,subscription,11,1,0,57,26,368,12338.18,0.81,0.917,0.01754,36.62,1
PX006042,19999,bank_timeout,netbanking,media,11,2,1,14,24,501,18410.19,1.086,0.846,0.14286,7.21,1
PX006043,999,mandate_expired,netbanking,media,7,0,0,24,24,220,1332.63,0.75,1.0,0.0,41.33,1
PX006044,1999,mandate_expired,card,saas,9,3,2,57,11,613,1678.2,1.191,0.75,0.05263,23.94,0
PX006045,1499,bank_timeout,wallet,ecommerce,9,0,2,53,3,704,1673.08,0.896,1.0,0.0,25.65,1
PX006046,1999,expired_card,upi,media,9,1,0,9,37,518,2559.36,0.781,0.9,0.11111,23.68,0
PX006047,1499,bank_timeout,card,subscription,5,0,3,29,60,668,1760.81,0.851,1.0,0.0,28.79,1
PX006048,1499,expired_card,upi,education,6,2,0,60,36,126,1634.42,0.917,0.75,0.03333,5.75,0
PX006049,9999,mandate_expired,card,subscription,10,3,1,42,24,710,10831.44,0.923,0.769,0.07143,26.77,0
PX006050,499,mandate_expired,netbanking,ecommerce,6,3,0,60,30,215,617.4,0.808,0.667,0.05,43.38,1
PX006051,499,suspicious_reversal,wallet,media,5,2,1,43,9,322,509.5,0.979,0.714,0.04651,7.12,0
PX006052,1999,bank_timeout,card,media,3,1,3,2,32,213,2695.98,0.741,0.75,0.5,27.67,1
PX006053,1499,bank_timeout,upi,subscription,10,0,2,18,38,337,948.6,1.58,1.0,0.0,15.87,1
PX006054,9999,suspicious_reversal,wallet,subscription,6,1,3,7,40,529,11710.2,0.854,0.857,0.14286,19.01,0
PX006055,4999,bank_timeout,netbanking,education,6,3,2,38,52,676,4823.88,1.036,0.667,0.07895,35.91,1
PX006056,19999,bank_timeout,upi,ecommerce,7,5,2,60,24,654,25026.35,0.799,0.583,0.08333,43.18,1
PX006057,4999,suspicious_reversal,wallet,saas,4,3,1,51,34,127,4270.85,1.17,0.571,0.05882,41.12,1
PX006058,4999,suspicious_reversal,wallet,education,12,4,3,59,37,702,5383.94,0.929,0.75,0.0678,23.52,0
PX006059,4999,mandate_expired,upi,media,10,1,1,55,50,401,5911.5,0.846,0.909,0.01818,20.81,0
PX006060,9999,suspicious_reversal,wallet,saas,9,1,0,55,9,182,7962.69,1.256,0.9,0.01818,14.17,0
PX006061,1499,bank_timeout,netbanking,saas,3,3,0,12,48,82,1399.66,1.071,0.5,0.25,25.93,1
PX006062,2499,expired_card,upi,subscription,3,2,0,15,21,404,1511.71,1.653,0.6,0.13333,7.39,0
PX006063,1499,insufficient_funds,wallet,subscription,7,0,3,16,47,561,1119.37,1.339,1.0,0.0,48.0,1
PX006064,4999,insufficient_funds,upi,saas,4,1,0,28,38,306,5487.34,0.911,0.8,0.03571,16.02,1
PX006065,19999,expired_card,netbanking,education,9,4,0,42,46,16,27949.23,0.716,0.692,0.09524,2.82,0
PX006066,1499,suspicious_reversal,card,saas,8,1,2,53,56,255,2031.49,0.738,0.889,0.01887,6.66,0
PX006067,1499,bank_timeout,wallet,education,3,3,1,33,30,196,1495.74,1.002,0.5,0.09091,4.29,1
PX006068,1499,insufficient_funds,netbanking,media,7,2,1,1,41,215,978.58,1.532,0.778,2.0,44.67,1
PX006069,4999,mandate_expired,upi,ecommerce,8,0,1,32,18,463,3485.93,1.434,1.0,0.0,34.36,1
PX006070,4999,insufficient_funds,card,media,9,3,0,36,2,695,4171.77,1.198,0.75,0.08333,20.5,0
PX006071,19999,mandate_expired,netbanking,saas,8,1,0,30,57,577,22166.96,0.902,0.889,0.03333,40.28,0
PX006072,19999,insufficient_funds,wallet,media,10,3,0,51,41,126,22020.87,0.908,0.769,0.05882,45.27,1
PX006073,499,insufficient_funds,card,saas,10,3,3,8,60,325,472.23,1.057,0.769,0.375,16.23,1
PX006074,9999,bank_timeout,wallet,saas,5,1,2,35,29,686,12056.94,0.829,0.833,0.02857,15.28,1
PX006075,4999,insufficient_funds,upi,subscription,7,3,3,6,55,460,4670.28,1.07,0.7,0.5,27.71,1
PX006076,999,mandate_expired,upi,subscription,4,3,3,29,23,477,1378.76,0.725,0.571,0.10345,43.8,0
PX006077,9999,suspicious_reversal,card,education,11,1,2,55,23,287,12550.6,0.797,0.917,0.01818,19.59,0
PX006078,2499,bank_timeout,card,media,10,1,2,59,32,16,2416.12,1.034,0.909,0.01695,1.95,1
PX006079,999,expired_card,wallet,saas,7,2,3,31,12,660,599.85,1.665,0.778,0.06452,34.29,0
PX006080,9999,suspicious_reversal,netbanking,media,10,1,3,56,1,142,6836.09,1.463,0.909,0.01786,46.3,0
PX006081,1499,insufficient_funds,card,education,10,3,2,28,30,474,1590.34,0.943,0.769,0.10714,10.72,1
PX006082,19999,mandate_expired,upi,saas,11,1,3,22,1,570,20999.91,0.952,0.917,0.04545,23.22,0
PX006083,2499,expired_card,netbanking,saas,6,2,3,22,22,198,1785.73,1.399,0.75,0.09091,26.74,0
PX006084,1999,bank_timeout,wallet,saas,7,2,1,14,10,32,2196.17,0.91,0.778,0.14286,13.21,1
PX006085,4999,expired_card,netbanking,ecommerce,4,0,3,17,25,586,6206.01,0.806,1.0,0.0,14.01,0
PX006086,2499,expired_card,netbanking,saas,9,3,2,57,20,236,1813.21,1.378,0.75,0.05263,16.48,1
PX006087,9999,suspicious_reversal,card,media,8,2,2,6,14,505,6669.46,1.499,0.8,0.33333,16.93,1
PX006088,4999,expired_card,upi,saas,6,3,0,21,45,582,3172.56,1.576,0.667,0.14286,43.5,0
PX006089,9999,bank_timeout,netbanking,ecommerce,10,0,2,45,8,704,9840.04,1.016,1.0,0.0,38.9,1
PX006090,9999,insufficient_funds,netbanking,media,9,1,1,22,33,667,11316.66,0.884,0.9,0.04545,31.5,0
PX006091,1999,mandate_expired,netbanking,saas,9,4,3,2,41,434,2064.28,0.968,0.692,2.0,24.33,0
PX006092,9999,expired_card,upi,saas,8,2,1,6,16,389,7521.53,1.329,0.8,0.33333,39.55,0
PX006093,2499,insufficient_funds,wallet,ecommerce,9,2,0,25,18,485,2425.24,1.03,0.818,0.08,31.83,0
PX006094,1499,insufficient_funds,card,media,10,4,0,29,1,8,1186.31,1.264,0.714,0.13793,37.24,1
PX006095,4999,insufficient_funds,upi,saas,8,5,3,49,5,678,6157.5,0.812,0.615,0.10204,8.6,1
PX006096,19999,mandate_expired,upi,saas,10,2,2,42,53,244,13998.33,1.429,0.833,0.04762,27.55,1
PX006097,1499,bank_timeout,wallet,ecommerce,6,2,1,44,22,690,1941.89,0.772,0.75,0.04545,13.69,1
PX006098,499,insufficient_funds,wallet,media,9,5,1,1,58,540,310.61,1.607,0.643,5.0,7.84,0
PX006099,2499,mandate_expired,netbanking,education,6,1,1,44,15,387,1704.35,1.466,0.857,0.02273,31.76,1
PX006100,9999,insufficient_funds,upi,ecommerce,8,1,1,59,14,527,13061.68,0.766,0.889,0.01695,25.0,0
PX006101,1999,insufficient_funds,wallet,education,6,1,2,45,52,244,1456.97,1.372,0.857,0.02222,4.62,0
PX006102,1999,mandate_expired,netbanking,media,6,1,0,60,13,101,1440.42,1.388,0.857,0.01667,7.98,1
PX006103,499,bank_timeout,netbanking,saas,14,2,3,4,10,519,457.39,1.091,0.875,0.5,30.56,1
PX006104,4999,suspicious_reversal,wallet,saas,8,0,0,30,42,280,5406.76,0.925,1.0,0.0,22.37,1
PX006105,1499,suspicious_reversal,upi,education,7,1,2,18,1,68,1990.82,0.753,0.875,0.05556,16.91,0
PX006106,9999,mandate_expired,upi,subscription,7,4,3,45,38,533,8978.14,1.114,0.636,0.08889,25.15,0
PX006107,19999,insufficient_funds,card,ecommerce,8,1,1,59,23,252,14704.34,1.36,0.889,0.01695,34.02,1
PX006108,499,expired_card,wallet,subscription,2,1,0,33,11,717,660.37,0.756,0.667,0.0303,24.03,0
PX006109,499,suspicious_reversal,card,education,7,1,2,25,46,355,554.5,0.9,0.875,0.04,44.12,0
PX006110,4999,suspicious_reversal,upi,media,3,1,3,34,45,375,3448.56,1.45,0.75,0.02941,29.81,1
PX006111,2499,suspicious_reversal,upi,ecommerce,11,1,3,33,9,528,2796.23,0.894,0.917,0.0303,43.96,0
PX006112,2499,bank_timeout,upi,subscription,6,4,1,49,12,251,2425.07,1.03,0.6,0.08163,13.41,0
PX006113,1499,mandate_expired,netbanking,ecommerce,8,2,3,54,54,426,1273.72,1.177,0.8,0.03704,43.29,0
PX006114,4999,bank_timeout,netbanking,ecommerce,5,0,2,50,60,105,4467.66,1.119,1.0,0.0,35.64,0
PX006115,999,suspicious_reversal,wallet,ecommerce,13,5,0,7,19,5,924.56,1.081,0.722,0.71429,29.22,1
PX006116,499,bank_timeout,card,subscription,6,1,2,58,12,273,653.07,0.764,0.857,0.01724,4.32,1
PX006117,1999,mandate_expired,upi,media,8,1,3,31,2,597,1568.25,1.275,0.889,0.03226,43.95,1
PX006118,9999,suspicious_reversal,wallet,media,9,3,0,29,52,222,10652.61,0.939,0.75,0.10345,21.07,0
PX006119,1499,expired_card,card,saas,6,2,2,18,53,587,1465.98,1.023,0.75,0.11111,22.26,0
PX006120,499,insufficient_funds,upi,subscription,11,1,0,60,13,276,642.33,0.777,0.917,0.01667,39.03,1
PX006121,1499,suspicious_reversal,wallet,ecommerce,9,1,0,36,27,79,1731.62,0.866,0.9,0.02778,3.78,1
PX006122,19999,bank_timeout,wallet,saas,10,1,1,3,3,212,22761.61,0.879,0.909,0.33333,5.0,0
PX006123,2499,mandate_expired,netbanking,saas,12,3,1,37,53,686,2705.27,0.924,0.8,0.08108,15.07,0
PX006124,499,expired_card,netbanking,media,10,1,3,10,15,122,387.74,1.287,0.909,0.1,12.35,0
PX006125,1499,insufficient_funds,card,media,5,5,0,26,17,674,944.97,1.586,0.5,0.19231,2.07,0
PX006126,499,suspicious_reversal,upi,ecommerce,7,5,1,30,30,307,643.69,0.775,0.583,0.16667,21.92,0
PX006127,1499,mandate_expired,netbanking,subscription,11,1,0,32,32,90,1427.71,1.05,0.917,0.03125,13.87,0
PX006128,4999,suspicious_reversal,netbanking,subscription,10,1,2,19,51,477,4224.04,1.183,0.909,0.05263,10.65,1
PX006129,2499,suspicious_reversal,card,education,4,3,0,53,40,463,1948.76,1.282,0.571,0.0566,44.69,0
PX006130,9999,bank_timeout,netbanking,education,5,5,3,26,36,320,11994.68,0.834,0.5,0.19231,17.9,0
PX006131,1999,expired_card,wallet,education,9,1,1,25,46,70,1570.95,1.272,0.9,0.04,2.35,0
PX006132,2499,expired_card,card,ecommerce,7,4,0,20,27,258,3449.11,0.725,0.636,0.2,27.53,0
PX006133,2499,mandate_expired,upi,subscription,8,2,2,27,30,135,3112.97,0.803,0.8,0.07407,10.5,0
PX006134,2499,expired_card,card,saas,8,1,0,10,5,511,3096.86,0.807,0.889,0.1,25.12,0
PX006135,9999,mandate_expired,card,ecommerce,6,1,1,5,47,448,12530.5,0.798,0.857,0.2,2.48,1
PX006136,2499,insufficient_funds,card,ecommerce,10,2,2,30,31,626,3066.04,0.815,0.833,0.06667,36.95,1
PX006137,19999,mandate_expired,netbanking,ecommerce,9,2,3,2,5,44,24322.9,0.822,0.818,1.0,28.52,1
PX006138,499,expired_card,netbanking,education,6,1,2,2,40,197,308.77,1.616,0.857,0.5,14.92,0
PX006139,19999,mandate_expired,netbanking,subscription,14,0,0,48,60,362,13354.83,1.498,1.0,0.0,4.99,1
PX006140,999,expired_card,wallet,subscription,12,1,1,35,46,371,1299.57,0.769,0.923,0.02857,23.0,0
PX006141,19999,expired_card,wallet,education,9,2,2,12,42,411,14364.44,1.392,0.818,0.16667,40.18,1
PX006142,2499,suspicious_reversal,wallet,subscription,7,2,0,24,37,438,2323.86,1.075,0.778,0.08333,3.46,1
PX006143,1499,mandate_expired,card,saas,7,1,3,39,22,517,1058.47,1.416,0.875,0.02564,9.04,0
PX006144,19999,insufficient_funds,card,education,6,1,2,5,4,141,24525.37,0.815,0.857,0.2,10.45,0
PX006145,999,insufficient_funds,netbanking,ecommerce,12,1,1,10,38,724,734.84,1.359,0.923,0.1,29.04,1
PX006146,2499,suspicious_reversal,card,media,5,3,2,55,55,60,2927.1,0.854,0.625,0.05455,25.88,1
PX006147,1499,bank_timeout,netbanking,media,7,5,2,39,25,216,1400.87,1.07,0.583,0.12821,12.36,1
PX006148,4999,insufficient_funds,upi,subscription,10,6,1,20,3,148,5261.11,0.95,0.625,0.3,29.76,0
PX006149,499,suspicious_reversal,netbanking,subscription,6,2,3,10,51,397,606.36,0.823,0.75,0.2,47.96,1
PX006150,9999,insufficient_funds,upi,media,8,1,3,33,45,599,10081.13,0.992,0.889,0.0303,47.52,0
PX006151,499,mandate_expired,wallet,saas,6,1,1,6,48,191,447.21,1.116,0.857,0.16667,25.87,0
PX006152,999,mandate_expired,netbanking,media,11,2,2,1,55,554,815.81,1.225,0.846,2.0,11.42,0
PX006153,19999,insufficient_funds,card,ecommerce,9,2,0,60,42,15,23075.34,0.867,0.818,0.03333,19.02,0
PX006154,19999,bank_timeout,wallet,ecommerce,6,2,3,49,57,178,22138.3,0.903,0.75,0.04082,9.73,1
PX006155,2499,mandate_expired,netbanking,media,4,2,1,57,46,209,3492.02,0.716,0.667,0.03509,10.45,0
PX006156,9999,bank_timeout,wallet,education,9,1,1,16,13,205,9289.12,1.076,0.9,0.0625,35.78,0
PX006157,999,mandate_expired,wallet,saas,8,2,2,15,54,249,826.37,1.209,0.8,0.13333,41.89,0
PX006158,19999,expired_card,upi,ecommerce,8,1,1,4,10,309,25414.04,0.787,0.889,0.25,42.33,1
PX006159,999,expired_card,wallet,education,7,1,2,55,30,207,682.43,1.464,0.875,0.01818,18.85,0
PX006160,2499,suspicious_reversal,upi,saas,8,2,0,48,42,462,2612.79,0.956,0.8,0.04167,9.25,1
PX006161,9999,mandate_expired,wallet,saas,3,3,1,20,23,86,8117.75,1.232,0.5,0.15,31.85,1
PX006162,999,expired_card,wallet,ecommerce,8,2,1,37,43,10,1361.84,0.734,0.8,0.05405,24.06,0
PX006163,499,insufficient_funds,netbanking,ecommerce,6,0,2,22,35,684,542.32,0.92,1.0,0.0,28.75,0
PX006164,999,expired_card,netbanking,saas,6,2,2,6,37,576,1381.36,0.723,0.75,0.33333,46.7,1
PX006165,4999,expired_card,netbanking,subscription,7,1,2,28,48,586,3340.38,1.497,0.875,0.03571,16.26,1
PX006166,19999,mandate_expired,upi,media,3,1,3,10,2,6,20527.77,0.974,0.75,0.1,14.35,0
PX006167,4999,mandate_expired,card,saas,9,1,2,26,26,684,6614.87,0.756,0.9,0.03846,17.32,0
PX006168,1999,bank_timeout,upi,media,10,0,3,21,30,538,2360.18,0.847,1.0,0.0,26.3,0
PX006169,1999,insufficient_funds,netbanking,ecommerce,11,0,3,24,44,255,2719.5,0.735,1.0,0.0,39.16,0
PX006170,1499,suspicious_reversal,card,education,10,0,2,30,26,90,1416.53,1.058,1.0,0.0,1.1,0
PX006171,1499,mandate_expired,upi,subscription,7,2,3,41,34,15,1259.34,1.19,0.778,0.04878,34.67,0
PX006172,2499,mandate_expired,wallet,subscription,9,0,0,37,26,436,1738.97,1.437,1.0,0.0,42.66,1
PX006173,2499,mandate_expired,netbanking,media,8,3,1,9,22,187,2828.5,0.884,0.727,0.33333,38.07,0
PX006174,4999,insufficient_funds,netbanking,media,9,1,2,58,48,604,5335.12,0.937,0.9,0.01724,3.06,0
PX006175,9999,expired_card,upi,subscription,7,3,1,24,7,564,12897.75,0.775,0.7,0.125,24.17,0
PX006176,19999,insufficient_funds,wallet,subscription,9,0,0,60,34,542,12119.13,1.65,1.0,0.0,20.4,0
PX006177,1499,mandate_expired,card,saas,4,0,0,31,56,93,1743.12,0.86,1.0,0.0,5.44,1
PX006178,4999,expired_card,netbanking,subscription,11,1,3,41,1,122,6679.38,0.748,0.917,0.02439,42.26,0
PX006179,9999,expired_card,wallet,ecommerce,9,5,3,6,45,272,13594.02,0.736,0.643,0.83333,27.02,0
PX006180,499,insufficient_funds,card,ecommerce,11,3,3,9,50,377,444.56,1.122,0.786,0.33333,39.54,1
PX006181,499,bank_timeout,netbanking,education,10,3,3,36,13,281,669.4,0.745,0.769,0.08333,38.74,1
PX006182,1999,bank_timeout,card,media,4,3,2,11,12,8,1657.21,1.206,0.571,0.27273,32.48,1
PX006183,499,expired_card,wallet,education,9,1,1,48,34,177,428.64,1.164,0.9,0.02083,2.51,0
PX006184,1499,suspicious_reversal,upi,subscription,10,0,2,35,33,610,1162.25,1.29,1.0,0.0,4.18,1
PX006185,4999,mandate_expired,card,subscription,9,1,1,8,23,23,5424.56,0.922,0.9,0.125,42.95,0
PX006186,999,bank_timeout,netbanking,subscription,6,1,2,18,37,183,641.1,1.558,0.857,0.05556,36.85,1
PX006187,999,mandate_expired,netbanking,subscription,8,1,0,58,2,334,964.97,1.035,0.889,0.01724,7.77,0
PX006188,499,mandate_expired,card,subscription,7,3,3,40,20,96,595.88,0.837,0.7,0.075,39.55,1
PX006189,499,suspicious_reversal,wallet,media,6,1,1,41,57,179,360.65,1.384,0.857,0.02439,20.08,0
PX006190,19999,insufficient_funds,netbanking,saas,3,1,1,49,12,444,12674.71,1.578,0.75,0.02041,26.06,1
PX006191,9999,bank_timeout,netbanking,media,7,1,0,7,1,223,13173.7,0.759,0.875,0.14286,0.71,1
PX006192,2499,mandate_expired,netbanking,ecommerce,10,4,2,45,12,671,2623.85,0.952,0.714,0.08889,15.39,0
PX006193,1499,bank_timeout,netbanking,subscription,8,6,1,38,40,685,1328.39,1.128,0.571,0.15789,7.42,1
PX006194,1499,suspicious_reversal,wallet,subscription,3,2,1,48,27,690,1754.22,0.855,0.6,0.04167,12.13,0
PX006195,4999,expired_card,netbanking,saas,8,1,1,7,12,412,6009.0,0.832,0.889,0.14286,32.72,0
PX006196,19999,insufficient_funds,netbanking,saas,7,3,0,59,54,430,15712.75,1.273,0.7,0.05085,38.63,1
PX006197,1999,expired_card,netbanking,media,7,3,2,20,1,662,1424.08,1.404,0.7,0.15,43.5,0
PX006198,1999,insufficient_funds,wallet,ecommerce,9,1,2,60,6,217,2100.13,0.952,0.9,0.01667,10.63,1
PX006199,499,insufficient_funds,upi,education,13,1,1,27,17,584,482.31,1.035,0.929,0.03704,47.54,1
PX006200,499,bank_timeout,upi,saas,6,4,2,11,51,628,463.73,1.076,0.6,0.36364,38.54,0
PX006201,9999,insufficient_funds,upi,subscription,13,0,2,4,59,313,13941.37,0.717,1.0,0.0,45.0,1
PX006202,2499,bank_timeout,card,media,8,1,3,24,24,531,2050.65,1.219,0.889,0.04167,21.48,1
PX006203,2499,mandate_expired,netbanking,saas,4,1,2,30,3,201,2207.59,1.132,0.8,0.03333,4.28,1
PX006204,499,insufficient_funds,upi,education,6,3,0,56,43,196,434.32,1.149,0.667,0.05357,3.67,0
PX006205,19999,expired_card,card,subscription,11,3,3,49,3,221,14733.57,1.357,0.786,0.06122,39.34,1
PX006206,499,mandate_expired,netbanking,subscription,8,5,2,41,56,625,634.1,0.787,0.615,0.12195,22.74,0
PX006207,1499,expired_card,card,ecommerce,8,1,1,55,29,511,1114.22,1.345,0.889,0.01818,47.25,1
PX006208,499,mandate_expired,netbanking,subscription,11,2,3,59,46,299,589.95,0.846,0.846,0.0339,28.99,0
PX006209,2499,bank_timeout,wallet,education,7,3,1,23,21,58,3238.84,0.772,0.7,0.13043,8.35,1
PX006210,2499,suspicious_reversal,upi,subscription,11,3,0,6,1,621,2057.82,1.214,0.786,0.5,2.57,0
PX006211,9999,mandate_expired,upi,education,11,0,1,54,60,182,13979.66,0.715,1.0,0.0,38.44,0
PX006212,499,bank_timeout,wallet,education,11,3,3,1,42,387,332.99,1.499,0.786,3.0,45.5,1
PX006213,2499,suspicious_reversal,wallet,saas,6,3,2,50,54,207,2466.14,1.013,0.667,0.06,23.31,0
PX006214,9999,expired_card,netbanking,ecommerce,9,3,1,30,19,474,9031.99,1.107,0.75,0.1,7.42,0
PX006215,499,bank_timeout,card,media,6,2,2,44,37,22,521.83,0.956,0.75,0.04545,35.85,0
PX006216,1499,insufficient_funds,card,ecommerce,8,4,1,34,11,38,1822.79,0.822,0.667,0.11765,47.36,1
PX006217,4999,mandate_expired,netbanking,education,5,4,1,23,30,164,4103.3,1.218,0.556,0.17391,19.85,0
PX006218,9999,insufficient_funds,card,ecommerce,13,0,0,56,56,512,9424.97,1.061,1.0,0.0,4.5,1
PX006219,9999,expired_card,card,ecommerce,9,0,3,48,11,673,9192.11,1.088,1.0,0.0,14.34,1
PX006220,2499,suspicious_reversal,card,ecommerce,11,0,1,29,17,20,1928.21,1.296,1.0,0.0,9.26,1
PX006221,9999,insufficient_funds,netbanking,media,4,1,0,2,1,478,13901.36,0.719,0.8,0.5,28.67,1
PX006222,499,bank_timeout,netbanking,education,5,0,3,8,55,576,675.58,0.739,1.0,0.0,3.79,1
PX006223,2499,mandate_expired,wallet,subscription,5,2,0,6,53,165,2246.26,1.113,0.714,0.33333,30.02,0
PX006224,499,suspicious_reversal,netbanking,education,2,1,1,28,37,338,696.73,0.716,0.667,0.03571,44.4,1
PX006225,1999,suspicious_reversal,card,media,8,2,2,27,21,434,1271.48,1.572,0.8,0.07407,18.29,0
PX006226,499,mandate_expired,card,education,17,3,0,54,7,466,676.59,0.738,0.85,0.05556,1.0,0
PX006227,9999,expired_card,wallet,education,10,1,0,35,51,427,7104.58,1.407,0.909,0.02857,26.92,0
PX006228,9999,insufficient_funds,upi,ecommerce,7,2,3,48,53,620,11561.91,0.865,0.778,0.04167,27.52,0
PX006229,999,insufficient_funds,netbanking,saas,10,2,0,36,39,106,1164.88,0.858,0.833,0.05556,27.04,0
PX006230,499,bank_timeout,wallet,ecommerce,10,1,3,54,35,373,695.11,0.718,0.909,0.01852,23.52,1
PX006231,999,bank_timeout,netbanking,education,8,0,0,3,44,425,1284.85,0.778,1.0,0.0,21.79,1
PX006232,1999,bank_timeout,netbanking,media,6,1,0,59,20,97,2698.98,0.741,0.857,0.01695,14.88,1
PX006233,999,insufficient_funds,wallet,education,5,2,3,56,4,185,728.72,1.371,0.714,0.03571,41.41,0
PX006234,2499,insufficient_funds,netbanking,education,6,1,3,49,12,137,3023.16,0.827,0.857,0.02041,27.84,1
PX006235,2499,expired_card,wallet,saas,11,2,3,58,36,142,3013.03,0.829,0.846,0.03448,46.9,0
PX006236,1999,mandate_expired,wallet,media,10,4,1,12,60,62,1402.1,1.426,0.714,0.33333,37.87,0
PX006237,9999,suspicious_reversal,card,media,11,1,1,45,6,41,13962.6,0.716,0.917,0.02222,16.2,0
PX006238,2499,mandate_expired,upi,ecommerce,5,1,1,18,19,464,3170.65,0.788,0.833,0.05556,9.52,0
PX006239,1999,insufficient_funds,netbanking,media,6,0,0,9,34,238,2212.32,0.904,1.0,0.0,35.17,1
PX006240,1999,suspicious_reversal,netbanking,ecommerce,8,2,3,29,9,97,2415.83,0.827,0.8,0.06897,31.09,0
PX006241,499,expired_card,netbanking,education,14,3,2,42,46,390,467.61,1.067,0.824,0.07143,36.22,1
PX006242,1999,suspicious_reversal,netbanking,subscription,9,2,0,17,13,395,1954.41,1.023,0.818,0.11765,36.76,0
PX006243,2499,expired_card,netbanking,saas,4,3,2,31,20,454,2745.78,0.91,0.571,0.09677,45.65,0
PX006244,1499,suspicious_reversal,netbanking,media,10,4,3,48,47,667,1709.57,0.877,0.714,0.08333,23.56,0
PX006245,19999,expired_card,card,ecommerce,10,4,0,57,53,428,16311.3,1.226,0.714,0.07018,34.61,0
PX006246,4999,insufficient_funds,wallet,saas,10,2,0,22,30,476,4667.28,1.071,0.833,0.09091,43.84,0
PX006247,499,insufficient_funds,netbanking,media,9,2,2,29,23,310,465.39,1.072,0.818,0.06897,32.47,1
PX006248,999,bank_timeout,netbanking,education,8,2,2,20,23,527,804.72,1.241,0.8,0.1,23.76,1
PX006249,4999,insufficient_funds,card,subscription,10,1,0,48,39,200,6137.58,0.814,0.909,0.02083,14.11,1
PX006250,19999,expired_card,upi,media,4,1,3,25,30,129,27295.55,0.733,0.8,0.04,1.16,0
PX006251,1999,expired_card,card,education,6,2,2,30,31,682,2619.81,0.763,0.75,0.06667,46.59,0
PX006252,1499,mandate_expired,card,education,8,0,0,5,20,530,935.47,1.602,1.0,0.0,34.82,0
PX006253,19999,insufficient_funds,wallet,subscription,12,1,3,16,45,340,22541.87,0.887,0.923,0.0625,38.73,1
PX006254,999,mandate_expired,card,media,5,0,2,56,46,570,734.82,1.36,1.0,0.0,26.03,0
PX006255,999,insufficient_funds,card,subscription,7,3,2,31,1,169,973.85,1.026,0.7,0.09677,34.89,0
PX006256,1499,expired_card,card,education,11,4,0,10,40,193,1284.59,1.167,0.733,0.4,7.85,1
PX006257,1499,expired_card,upi,education,4,1,0,25,1,503,1385.03,1.082,0.8,0.04,31.15,1
PX006258,4999,expired_card,card,ecommerce,9,5,3,42,10,723,4629.47,1.08,0.643,0.11905,40.77,0
PX006259,9999,mandate_expired,netbanking,saas,5,2,3,26,12,552,8745.1,1.143,0.714,0.07692,31.36,0
PX006260,4999,bank_timeout,wallet,saas,4,2,0,11,35,653,5067.11,0.987,0.667,0.18182,31.31,1
PX006261,499,expired_card,upi,subscription,7,3,2,36,25,476,572.15,0.872,0.7,0.08333,10.46,0
PX006262,1499,mandate_expired,netbanking,ecommerce,9,0,1,4,49,347,1996.71,0.751,1.0,0.0,29.31,0
PX006263,499,bank_timeout,upi,ecommerce,6,1,0,51,43,708,396.73,1.258,0.857,0.01961,17.79,1
PX006264,999,mandate_expired,netbanking,saas,7,5,1,57,42,287,767.72,1.301,0.583,0.08772,20.26,0
PX006265,4999,mandate_expired,card,subscription,5,2,2,19,22,88,5876.7,0.851,0.714,0.10526,27.77,1
PX006266,19999,suspicious_reversal,netbanking,subscription,11,3,1,13,52,718,20153.83,0.992,0.786,0.23077,8.0,0
PX006267,9999,mandate_expired,wallet,saas,12,1,0,16,27,221,12222.3,0.818,0.923,0.0625,15.29,1
PX006268,9999,expired_card,upi,media,6,2,0,41,38,111,6186.62,1.616,0.75,0.04878,21.45,0
PX006269,2499,insufficient_funds,wallet,education,9,1,0,24,39,679,2401.33,1.041,0.9,0.04167,25.79,0
PX006270,1999,bank_timeout,wallet,ecommerce,4,0,2,35,10,396,2323.09,0.86,1.0,0.0,1.98,1
PX006271,4999,mandate_expired,card,media,7,0,2,2,46,552,4810.25,1.039,1.0,0.0,16.54,0
PX006272,2499,bank_timeout,netbanking,education,9,3,0,36,5,449,2870.99,0.87,0.75,0.08333,29.51,1
PX006273,2499,mandate_expired,wallet,education,15,1,3,19,5,524,3354.88,0.745,0.938,0.05263,24.63,1
PX006274,19999,insufficient_funds,upi,media,13,1,0,13,41,114,13373.49,1.495,0.929,0.07692,28.08,0
PX006275,499,expired_card,netbanking,media,4,3,2,12,50,372,544.49,0.916,0.571,0.25,43.51,0
PX006276,19999,mandate_expired,wallet,education,9,0,2,46,4,314,20222.82,0.989,1.0,0.0,21.99,1
PX006277,1999,expired_card,upi,media,13,2,1,47,1,23,1327.87,1.505,0.867,0.04255,34.35,0
PX006278,2499,bank_timeout,upi,saas,8,5,0,29,14,716,2299.24,1.087,0.615,0.17241,14.94,1
PX006279,1999,bank_timeout,wallet,media,10,3,1,27,6,468,2703.6,0.739,0.769,0.11111,10.74,1
PX006280,2499,mandate_expired,card,media,9,2,2,28,47,176,3189.78,0.783,0.818,0.07143,2.41,0
PX006281,1999,insufficient_funds,wallet,education,9,3,0,56,17,480,1288.96,1.551,0.75,0.05357,45.33,1
PX006282,9999,suspicious_reversal,card,subscription,7,4,3,13,45,667,8739.61,1.144,0.636,0.30769,16.96,0
PX006283,1499,mandate_expired,wallet,subscription,6,1,1,4,50,302,1664.66,0.9,0.857,0.25,34.1,1
PX006284,19999,mandate_expired,wallet,saas,13,1,3,52,32,726,22522.94,0.888,0.929,0.01923,41.87,0
PX006285,9999,insufficient_funds,card,subscription,6,0,1,22,14,87,6199.61,1.613,1.0,0.0,39.23,0
PX006286,9999,mandate_expired,netbanking,media,13,2,3,1,6,235,7816.41,1.279,0.867,2.0,45.09,0
PX006287,4999,insufficient_funds,netbanking,ecommerce,5,3,3,33,14,150,4738.49,1.055,0.625,0.09091,22.01,0
PX006288,9999,insufficient_funds,card,ecommerce,14,1,3,44,19,424,13619.13,0.734,0.933,0.02273,10.77,1
PX006289,4999,bank_timeout,wallet,ecommerce,4,1,2,42,12,123,5858.27,0.853,0.8,0.02381,11.23,1
PX006290,1999,mandate_expired,card,subscription,6,3,1,45,1,57,2608.09,0.766,0.667,0.06667,44.2,1
PX006291,2499,expired_card,upi,saas,13,0,0,25,49,119,1754.03,1.425,1.0,0.0,2.52,0
PX006292,4999,mandate_expired,wallet,ecommerce,7,2,1,12,50,172,4514.69,1.107,0.778,0.16667,12.65,0
PX006293,1499,insufficient_funds,wallet,saas,10,3,1,50,58,356,1512.97,0.991,0.769,0.06,40.1,1
PX006294,19999,suspicious_reversal,wallet,subscription,8,3,0,4,59,429,25200.24,0.794,0.727,0.75,1.48,1
PX006295,499,suspicious_reversal,wallet,ecommerce,8,2,3,53,21,696,320.26,1.558,0.8,0.03774,46.21,0
PX006296,999,suspicious_reversal,wallet,subscription,8,0,3,36,11,31,1110.49,0.9,1.0,0.0,16.85,0
PX006297,4999,suspicious_reversal,upi,education,9,3,3,2,6,153,5303.57,0.943,0.75,1.5,45.18,0
PX006298,9999,bank_timeout,upi,subscription,10,1,0,1,30,325,9126.69,1.096,0.909,1.0,7.09,1
PX006299,1499,bank_timeout,netbanking,saas,6,3,3,15,31,275,1605.59,0.934,0.667,0.2,1.06,0
PX006300,1499,bank_timeout,upi,media,9,4,0,17,14,248,1296.03,1.157,0.692,0.23529,13.83,1
PX006301,1999,bank_timeout,netbanking,saas,7,2,1,27,28,478,2222.17,0.9,0.778,0.07407,25.47,1
PX006302,999,suspicious_reversal,card,ecommerce,5,4,3,17,41,146,1100.68,0.908,0.556,0.23529,1.35,0
PX006303,9999,expired_card,card,education,9,2,3,60,25,434,13516.48,0.74,0.818,0.03333,42.95,0
PX006304,999,suspicious_reversal,upi,saas,14,3,2,37,2,679,977.16,1.022,0.824,0.08108,41.16,1
PX006305,499,expired_card,wallet,media,11,1,3,17,10,362,575.02,0.868,0.917,0.05882,4.39,0
PX006306,999,insufficient_funds,card,subscription,14,3,3,50,23,531,837.94,1.192,0.824,0.06,28.6,0
PX006307,1999,insufficient_funds,card,saas,7,1,0,23,58,710,2115.91,0.945,0.875,0.04348,14.48,1
PX006308,9999,expired_card,upi,media,6,4,3,57,52,371,8900.11,1.123,0.6,0.07018,18.75,1
PX006309,499,expired_card,upi,saas,11,1,0,37,59,575,561.77,0.888,0.917,0.02703,10.71,0
PX006310,2499,expired_card,netbanking,ecommerce,10,1,2,31,6,114,3466.05,0.721,0.909,0.03226,1.97,1
PX006311,499,insufficient_funds,upi,media,2,2,2,35,46,76,351.79,1.418,0.5,0.05714,34.81,1
PX006312,19999,suspicious_reversal,netbanking,saas,8,1,2,50,46,221,24388.18,0.82,0.889,0.02,43.28,0
PX006313,1499,insufficient_funds,card,ecommerce,10,0,3,31,15,443,1962.3,0.764,1.0,0.0,11.2,1
PX006314,2499,insufficient_funds,upi,media,6,1,1,57,14,100,2005.21,1.246,0.857,0.01754,20.49,1
PX006315,999,suspicious_reversal,upi,media,8,1,3,17,12,701,637.71,1.567,0.889,0.05882,36.56,0
PX006316,2499,insufficient_funds,card,education,6,3,0,13,45,356,2105.24,1.187,0.667,0.23077,12.39,1
PX006317,4999,insufficient_funds,netbanking,saas,13,2,0,56,51,718,6567.95,0.761,0.867,0.03571,44.03,0
PX006318,19999,insufficient_funds,wallet,subscription,6,2,3,29,55,352,21913.35,0.913,0.75,0.06897,25.74,1
PX006319,499,suspicious_reversal,card,education,10,1,1,58,1,450,387.64,1.287,0.909,0.01724,34.63,0
PX006320,9999,mandate_expired,netbanking,saas,8,3,0,37,50,623,11005.74,0.909,0.727,0.08108,42.25,1
PX006321,999,bank_timeout,wallet,subscription,10,1,2,26,33,416,1246.65,0.801,0.909,0.03846,5.98,1
PX006322,1499,insufficient_funds,netbanking,ecommerce,7,3,2,56,4,2,1384.72,1.083,0.7,0.05357,47.31,0
PX006323,2499,bank_timeout,card,saas,10,5,2,1,5,639,1782.24,1.402,0.667,5.0,16.96,0
PX006324,9999,mandate_expired,upi,subscription,6,0,3,37,26,12,11404.5,0.877,1.0,0.0,10.75,0
PX006325,2499,insufficient_funds,netbanking,subscription,7,6,0,45,24,631,2694.96,0.927,0.538,0.13333,22.91,1
PX006326,1499,expired_card,card,ecommerce,9,0,2,38,35,593,1473.89,1.017,1.0,0.0,7.43,1
PX006327,4999,bank_timeout,wallet,media,12,2,2,51,9,614,3549.27,1.408,0.857,0.03922,27.26,1
PX006328,499,expired_card,upi,ecommerce,8,1,3,53,58,100,304.74,1.637,0.889,0.01887,31.28,0
PX006329,2499,mandate_expired,card,subscription,6,0,1,26,44,314,1951.02,1.281,1.0,0.0,33.03,0
PX006330,499,suspicious_reversal,card,media,8,1,1,31,42,549,658.75,0.757,0.889,0.03226,20.36,0
PX006331,4999,insufficient_funds,upi,ecommerce,5,0,1,22,44,156,5380.75,0.929,1.0,0.0,41.73,1
PX006332,499,expired_card,upi,education,5,4,2,17,21,66,697.29,0.716,0.556,0.23529,19.46,0
PX006333,19999,mandate_expired,card,media,5,3,3,20,49,211,26622.04,0.751,0.625,0.15,22.52,0
PX006334,4999,suspicious_reversal,netbanking,education,10,4,2,21,39,16,4810.09,1.039,0.714,0.19048,39.9,0
PX006335,1999,insufficient_funds,upi,subscription,7,3,1,5,10,98,2008.18,0.995,0.7,0.6,28.27,1
PX006336,1499,expired_card,upi,media,7,1,2,11,49,538,1879.1,0.798,0.875,0.09091,15.4,0
PX006337,999,insufficient_funds,card,media,4,2,1,21,55,565,1392.29,0.718,0.667,0.09524,12.85,1
PX006338,19999,suspicious_reversal,upi,saas,11,4,1,19,44,143,24937.57,0.802,0.733,0.21053,16.33,0
PX006339,4999,bank_timeout,wallet,saas,8,2,1,35,46,43,5395.18,0.927,0.8,0.05714,47.62,1
PX006340,9999,insufficient_funds,card,media,7,1,0,44,2,347,13499.97,0.741,0.875,0.02273,14.56,1
PX006341,4999,bank_timeout,wallet,subscription,7,1,3,51,31,262,4101.26,1.219,0.875,0.01961,46.81,1
PX006342,1999,expired_card,upi,saas,10,2,1,34,6,407,1303.89,1.533,0.833,0.05882,4.38,0
PX006343,4999,mandate_expired,card,media,6,0,2,4,47,590,6480.02,0.771,1.0,0.0,29.64,1
PX006344,999,mandate_expired,card,saas,7,3,2,7,19,427,1111.25,0.899,0.7,0.42857,29.16,1
PX006345,1499,bank_timeout,card,education,7,4,0,24,52,435,1989.56,0.753,0.636,0.16667,21.15,1
PX006346,1499,suspicious_reversal,netbanking,education,5,1,0,12,47,468,1433.47,1.046,0.833,0.08333,23.37,1
PX006347,9999,bank_timeout,netbanking,saas,5,3,2,30,48,512,13135.14,0.761,0.625,0.1,3.76,1
PX006348,999,bank_timeout,upi,saas,10,4,1,26,15,555,639.11,1.563,0.714,0.15385,6.22,1
PX006349,2499,expired_card,card,ecommerce,8,1,1,29,29,567,2499.67,1.0,0.889,0.03448,8.41,1
PX006350,19999,expired_card,upi,subscription,7,3,3,11,48,704,25947.56,0.771,0.7,0.27273,19.74,1
PX006351,19999,expired_card,card,ecommerce,11,2,1,6,58,521,22793.05,0.877,0.846,0.33333,39.52,1
PX006352,19999,insufficient_funds,wallet,ecommerce,5,1,1,6,5,65,25087.22,0.797,0.833,0.16667,31.3,0
PX006353,4999,bank_timeout,wallet,ecommerce,10,1,1,9,45,344,4855.65,1.03,0.909,0.11111,32.52,1
PX006354,4999,suspicious_reversal,netbanking,education,10,1,0,51,24,561,6905.78,0.724,0.909,0.01961,2.08,1
PX006355,19999,suspicious_reversal,wallet,saas,9,3,3,2,18,40,16956.42,1.179,0.75,1.5,40.41,0
PX006356,4999,insufficient_funds,netbanking,ecommerce,7,1,2,44,54,682,5360.15,0.933,0.875,0.02273,34.92,1
PX006357,9999,mandate_expired,card,subscription,6,1,2,48,10,534,9765.53,1.024,0.857,0.02083,3.61,0
PX006358,4999,bank_timeout,upi,media,8,3,1,57,5,116,3813.79,1.311,0.727,0.05263,31.05,0
PX006359,999,insufficient_funds,upi,saas,8,3,3,47,54,702,1304.62,0.766,0.727,0.06383,42.91,1
PX006360,1999,insufficient_funds,upi,media,8,3,2,25,43,315,1720.79,1.162,0.727,0.12,29.41,0
PX006361,999,bank_timeout,card,ecommerce,9,1,3,55,3,83,1377.73,0.725,0.9,0.01818,4.77,0
PX006362,2499,bank_timeout,wallet,ecommerce,4,2,1,49,46,272,3367.57,0.742,0.667,0.04082,20.41,1
PX006363,9999,expired_card,netbanking,ecommerce,10,3,1,56,43,647,10360.19,0.965,0.769,0.05357,45.28,0
PX006364,2499,bank_timeout,netbanking,subscription,14,4,2,38,40,375,2950.8,0.847,0.778,0.10526,12.33,1
PX006365,4999,expired_card,netbanking,saas,8,2,3,34,7,675,4975.58,1.005,0.8,0.05882,34.1,0
PX006366,2499,mandate_expired,wallet,education,9,5,0,48,16,172,1866.99,1.339,0.643,0.10417,1.23,1
PX006367,9999,insufficient_funds,card,ecommerce,7,1,0,16,34,221,9238.38,1.082,0.875,0.0625,47.55,1
PX006368,19999,suspicious_reversal,upi,media,10,1,3,26,30,261,22419.26,0.892,0.909,0.03846,19.57,0
PX006369,499,insufficient_funds,card,ecommerce,10,1,0,39,22,695,593.73,0.84,0.909,0.02564,34.11,1
PX006370,1499,insufficient_funds,upi,education,11,2,3,22,46,620,1219.4,1.229,0.846,0.09091,47.42,0
PX006371,19999,insufficient_funds,wallet,subscription,8,3,2,3,47,90,18369.58,1.089,0.727,1.0,1.34,0
PX006372,999,expired_card,upi,education,10,1,1,30,28,169,835.6,1.196,0.909,0.03333,22.81,1
PX006373,2499,mandate_expired,wallet,ecommerce,9,1,1,25,44,464,2806.18,0.891,0.9,0.04,28.7,0
PX006374,1499,insufficient_funds,netbanking,education,17,0,2,3,40,210,1043.94,1.436,1.0,0.0,10.32,1
PX006375,499,bank_timeout,upi,media,6,2,3,28,36,81,552.49,0.903,0.75,0.07143,23.29,1
PX006376,4999,suspicious_reversal,card,ecommerce,8,0,0,35,24,273,5764.05,0.867,1.0,0.0,10.16,1
PX006377,4999,bank_timeout,upi,ecommerce,7,1,0,3,23,63,4649.4,1.075,0.875,0.33333,3.29,1
PX006378,9999,expired_card,card,education,8,0,2,13,30,593,8411.09,1.189,1.0,0.0,37.22,1
PX006379,499,suspicious_reversal,wallet,ecommerce,4,3,1,19,28,15,434.42,1.149,0.571,0.15789,21.66,1
PX006380,1999,bank_timeout,netbanking,ecommerce,14,2,2,2,41,265,1731.97,1.154,0.875,1.0,42.29,1
PX006381,2499,bank_timeout,wallet,subscription,8,3,1,49,24,324,3138.61,0.796,0.727,0.06122,6.22,0
PX006382,4999,expired_card,upi,media,4,4,0,47,1,414,3356.51,1.489,0.5,0.08511,42.39,1
PX006383,9999,insufficient_funds,netbanking,saas,8,1,3,53,23,39,7888.73,1.268,0.889,0.01887,28.63,1
PX006384,499,expired_card,card,subscription,5,2,3,11,17,17,382.26,1.305,0.714,0.18182,17.25,1
PX006385,1499,mandate_expired,netbanking,media,5,3,1,48,38,590,1726.2,0.868,0.625,0.0625,20.38,0
PX006386,499,suspicious_reversal,upi,ecommerce,4,4,3,39,18,69,361.47,1.38,0.5,0.10256,33.12,0
PX006387,9999,mandate_expired,netbanking,subscription,6,2,2,55,22,356,9726.07,1.028,0.75,0.03636,5.69,0
PX006388,9999,bank_timeout,upi,media,13,2,0,16,26,484,9181.71,1.089,0.867,0.125,26.77,1
PX006389,9999,expired_card,upi,saas,9,3,1,48,7,546,12801.46,0.781,0.75,0.0625,44.72,1
PX006390,9999,insufficient_funds,wallet,subscription,14,1,3,55,25,451,9318.94,1.073,0.933,0.01818,15.3,0
PX006391,499,expired_card,upi,education,8,3,0,47,45,543,475.05,1.05,0.727,0.06383,20.6,0
PX006392,2499,suspicious_reversal,card,saas,6,1,3,50,7,376,3255.42,0.768,0.857,0.02,45.43,0
PX006393,4999,mandate_expired,card,education,12,0,0,44,12,66,3772.4,1.325,1.0,0.0,16.87,1
PX006394,9999,insufficient_funds,netbanking,saas,5,4,2,29,12,134,12845.09,0.778,0.556,0.13793,22.29,0
PX006395,19999,expired_card,card,saas,8,2,1,38,30,502,13371.12,1.496,0.8,0.05263,21.62,0
PX006396,999,mandate_expired,upi,education,11,1,1,37,28,688,711.21,1.405,0.917,0.02703,30.1,0
PX006397,4999,bank_timeout,card,ecommerce,5,3,3,55,53,587,4595.92,1.088,0.625,0.05455,40.38,0
PX006398,19999,bank_timeout,card,education,9,2,0,30,46,187,24232.29,0.825,0.818,0.06667,2.95,1
PX006399,999,mandate_expired,upi,ecommerce,6,2,1,17,45,109,955.22,1.046,0.75,0.11765,0.96,0
PX006400,1499,insufficient_funds,netbanking,media,7,2,3,22,35,622,1090.61,1.374,0.778,0.09091,40.44,1
PX006401,2499,expired_card,wallet,ecommerce,11,2,3,5,23,214,2137.79,1.169,0.846,0.4,39.54,1
PX006402,2499,bank_timeout,card,saas,6,0,2,57,31,699,1522.67,1.641,1.0,0.0,32.04,1
PX006403,1999,expired_card,netbanking,ecommerce,8,1,1,9,2,672,1942.53,1.029,0.889,0.11111,46.98,0
PX006404,19999,mandate_expired,card,ecommerce,5,0,3,37,58,311,25021.79,0.799,1.0,0.0,28.6,1
PX006405,4999,mandate_expired,card,education,7,0,3,42,54,280,4772.45,1.047,1.0,0.0,3.22,1
PX006406,999,mandate_expired,card,subscription,12,2,0,58,43,695,912.72,1.095,0.857,0.03448,38.82,1
PX006407,1999,mandate_expired,upi,subscription,7,9,3,3,59,173,2732.29,0.732,0.438,3.0,12.51,1
PX006408,2499,expired_card,card,subscription,7,2,1,28,30,588,3469.0,0.72,0.778,0.07143,18.16,0
PX006409,9999,expired_card,wallet,subscription,11,2,2,33,8,64,8801.4,1.136,0.846,0.06061,45.56,0
PX006410,4999,suspicious_reversal,upi,saas,8,0,2,46,27,312,5709.12,0.876,1.0,0.0,0.92,0
PX006411,9999,suspicious_reversal,wallet,subscription,10,2,1,31,59,217,10167.55,0.983,0.833,0.06452,34.26,0
PX006412,1999,suspicious_reversal,card,media,10,2,1,57,25,728,1821.63,1.097,0.833,0.03509,34.09,0
PX006413,1499,insufficient_funds,card,ecommerce,11,1,1,6,53,643,1716.28,0.873,0.917,0.16667,19.69,1
PX006414,999,suspicious_reversal,upi,education,5,2,1,23,45,90,1020.21,0.979,0.714,0.08696,6.24,0
PX006415,1499,mandate_expired,upi,media,6,0,3,31,25,672,1694.73,0.885,1.0,0.0,7.71,1
PX006416,4999,insufficient_funds,netbanking,media,9,2,2,43,51,571,6337.47,0.789,0.818,0.04651,33.36,0
PX006417,999,suspicious_reversal,upi,subscription,9,2,1,54,13,23,1268.55,0.788,0.818,0.03704,5.16,0
PX006418,4999,insufficient_funds,wallet,ecommerce,9,2,0,14,53,155,4316.26,1.158,0.818,0.14286,41.77,1
PX006419,9999,expired_card,netbanking,saas,5,4,3,55,46,279,10133.39,0.987,0.556,0.07273,35.76,0
PX006420,2499,insufficient_funds,card,ecommerce,10,3,2,29,4,360,1636.07,1.527,0.769,0.10345,34.7,1
PX006421,999,insufficient_funds,netbanking,education,8,1,1,39,48,346,1333.34,0.749,0.889,0.02564,7.19,1
PX006422,2499,suspicious_reversal,upi,subscription,8,2,1,48,56,543,2795.22,0.894,0.8,0.04167,43.73,0
PX006423,2499,bank_timeout,card,media,9,2,1,3,32,79,2193.85,1.139,0.818,0.66667,28.38,1
PX006424,19999,expired_card,upi,subscription,7,2,2,41,52,367,13353.17,1.498,0.778,0.04878,28.96,0
PX006425,9999,mandate_expired,netbanking,education,10,1,3,43,18,669,11659.69,0.858,0.909,0.02326,25.17,0
PX006426,499,suspicious_reversal,card,education,8,6,0,7,29,245,676.34,0.738,0.571,0.85714,25.26,0
PX006427,2499,mandate_expired,netbanking,subscription,8,2,1,30,19,39,3047.49,0.82,0.8,0.06667,23.12,0
PX006428,4999,insufficient_funds,wallet,subscription,4,3,0,24,25,150,5793.52,0.863,0.571,0.125,10.52,1
PX006429,999,expired_card,card,saas,9,1,0,4,36,77,820.98,1.217,0.9,0.25,14.99,1
PX006430,2499,mandate_expired,netbanking,ecommerce,10,1,2,11,49,56,2930.23,0.853,0.909,0.09091,26.97,0
PX006431,19999,suspicious_reversal,wallet,education,5,1,3,38,36,512,18237.28,1.097,0.833,0.02632,18.05,0
PX006432,4999,bank_timeout,wallet,media,5,1,2,11,34,305,6545.31,0.764,0.833,0.09091,0.84,1
PX006433,1999,insufficient_funds,wallet,saas,7,2,1,32,28,625,1357.85,1.472,0.778,0.0625,31.05,1
PX006434,9999,bank_timeout,card,education,7,0,2,16,26,458,8285.04,1.207,1.0,0.0,18.51,1
PX006435,1499,insufficient_funds,card,saas,5,1,3,43,36,68,1072.33,1.398,0.833,0.02326,4.06,1
PX006436,19999,bank_timeout,wallet,education,8,3,0,13,29,488,14705.57,1.36,0.727,0.23077,41.0,1
PX006437,4999,bank_timeout,upi,education,8,1,2,12,14,662,6513.66,0.767,0.889,0.08333,24.62,1
PX006438,1499,mandate_expired,wallet,media,10,4,1,10,10,542,1549.35,0.968,0.714,0.4,15.44,1
PX006439,19999,suspicious_reversal,netbanking,subscription,10,2,0,7,20,437,21711.65,0.921,0.833,0.28571,39.31,0
PX006440,2499,bank_timeout,card,education,4,1,2,18,45,572,2544.28,0.982,0.8,0.05556,11.9,0
PX006441,999,expired_card,upi,saas,8,0,3,33,29,148,942.04,1.06,1.0,0.0,45.16,0
PX006442,1999,bank_timeout,netbanking,media,8,2,0,14,60,80,1746.69,1.144,0.8,0.14286,31.7,1
PX006443,1499,insufficient_funds,netbanking,saas,11,1,0,16,9,622,2049.91,0.731,0.917,0.0625,16.39,1
PX006444,2499,bank_timeout,upi,ecommerce,10,2,2,15,57,56,2212.18,1.13,0.833,0.13333,38.67,1
PX006445,999,suspicious_reversal,wallet,saas,10,2,0,3,33,68,1272.75,0.785,0.833,0.66667,7.94,1
PX006446,1999,insufficient_funds,netbanking,ecommerce,10,1,3,10,14,275,2691.34,0.743,0.909,0.1,10.47,1
PX006447,4999,expired_card,upi,education,15,1,2,41,25,730,4260.62,1.173,0.938,0.02439,4.93,1
PX006448,9999,mandate_expired,netbanking,education,9,3,0,25,33,724,10563.76,0.947,0.75,0.12,34.79,0
PX006449,19999,insufficient_funds,wallet,ecommerce,7,3,3,12,20,87,26318.09,0.76,0.7,0.25,29.82,0
PX006450,1499,mandate_expired,netbanking,saas,7,3,0,43,37,2,1257.59,1.192,0.7,0.06977,41.58,1
PX006451,1499,insufficient_funds,upi,subscription,11,1,0,6,7,52,1536.27,0.976,0.917,0.16667,3.73,1
PX006452,999,mandate_expired,netbanking,media,6,1,3,26,50,371,1374.03,0.727,0.857,0.03846,4.8,0
PX006453,1499,suspicious_reversal,netbanking,ecommerce,12,1,0,4,7,692,945.98,1.585,0.923,0.25,28.71,0
PX006454,1499,mandate_expired,netbanking,education,7,2,0,57,24,6,1149.0,1.305,0.778,0.03509,43.08,1
PX006455,1999,expired_card,netbanking,saas,5,5,0,13,46,248,2790.81,0.716,0.5,0.38462,5.09,0
PX006456,9999,bank_timeout,card,subscription,9,0,0,33,44,651,6824.44,1.465,1.0,0.0,32.04,1
PX006457,19999,insufficient_funds,upi,subscription,9,2,3,37,48,455,17346.33,1.153,0.818,0.05405,9.85,1
PX006458,4999,suspicious_reversal,upi,subscription,10,2,3,58,25,634,5197.0,0.962,0.833,0.03448,12.97,0
PX006459,9999,expired_card,wallet,media,4,3,2,43,45,714,8723.85,1.146,0.571,0.06977,33.84,0
PX006460,2499,expired_card,netbanking,media,8,2,3,51,38,417,2829.19,0.883,0.8,0.03922,43.21,0
PX006461,499,insufficient_funds,upi,education,9,2,2,1,11,580,651.59,0.766,0.818,2.0,22.39,1
PX006462,2499,mandate_expired,card,education,6,1,0,47,14,455,2035.66,1.228,0.857,0.02128,40.36,0
PX006463,1499,insufficient_funds,netbanking,education,5,6,2,14,37,86,1537.74,0.975,0.455,0.42857,43.17,0
PX006464,1999,expired_card,upi,education,10,5,3,28,46,172,2396.87,0.834,0.667,0.17857,26.38,0
PX006465,1499,insufficient_funds,wallet,saas,9,2,0,41,39,428,1191.15,1.258,0.818,0.04878,7.7,1
PX006466,1999,bank_timeout,netbanking,ecommerce,11,2,0,42,24,337,2320.57,0.861,0.846,0.04762,2.83,1
PX006467,19999,expired_card,wallet,subscription,19,2,1,7,47,336,13694.05,1.46,0.905,0.28571,47.79,0
PX006468,1999,insufficient_funds,upi,ecommerce,3,1,3,13,11,576,1939.31,1.031,0.75,0.07692,27.45,0
PX006469,9999,suspicious_reversal,upi,ecommerce,4,1,1,39,49,491,13040.0,0.767,0.8,0.02564,23.02,0
PX006470,19999,insufficient_funds,wallet,media,12,3,0,55,45,56,13904.06,1.438,0.8,0.05455,31.24,1
PX006471,999,insufficient_funds,wallet,saas,5,1,3,30,9,216,1016.68,0.983,0.833,0.03333,19.21,1
PX006472,2499,insufficient_funds,card,education,11,1,1,53,8,720,3138.9,0.796,0.917,0.01887,39.12,1
PX006473,1499,insufficient_funds,card,ecommerce,12,1,1,34,51,246,1501.38,0.998,0.923,0.02941,26.12,1
PX006474,499,suspicious_reversal,netbanking,ecommerce,7,3,3,16,11,675,443.52,1.125,0.7,0.1875,45.25,0
PX006475,9999,mandate_expired,wallet,education,9,3,1,48,35,542,7611.18,1.314,0.75,0.0625,36.21,1
PX006476,2499,expired_card,upi,ecommerce,8,5,2,57,49,140,3345.04,0.747,0.615,0.08772,4.76,0
PX006477,9999,bank_timeout,upi,education,10,1,0,9,54,500,8658.43,1.155,0.909,0.11111,2.27,1
PX006478,499,insufficient_funds,wallet,subscription,12,3,1,21,4,618,521.24,0.957,0.8,0.14286,17.9,0
PX006479,2499,expired_card,upi,education,4,1,1,23,38,629,3047.84,0.82,0.8,0.04348,38.24,1
PX006480,9999,suspicious_reversal,netbanking,media,7,0,3,38,28,454,7388.4,1.353,1.0,0.0,12.18,0
PX006481,9999,expired_card,netbanking,media,9,4,3,50,56,213,9508.1,1.052,0.692,0.08,30.44,0
PX006482,499,expired_card,upi,education,4,2,3,15,37,613,583.67,0.855,0.667,0.13333,34.24,1
PX006483,999,suspicious_reversal,upi,media,8,2,1,23,18,42,1224.23,0.816,0.8,0.08696,38.35,0
PX006484,9999,bank_timeout,card,subscription,9,1,0,58,38,379,6170.86,1.62,0.9,0.01724,37.71,1
PX006485,499,expired_card,card,media,9,1,3,19,19,602,350.47,1.424,0.9,0.05263,32.24,1
PX006486,999,mandate_expired,card,ecommerce,10,2,1,38,4,244,1341.81,0.745,0.833,0.05263,1.49,0
PX006487,2499,bank_timeout,netbanking,education,5,3,1,49,3,491,2411.37,1.036,0.625,0.06122,3.67,1
PX006488,999,insufficient_funds,card,media,11,1,2,60,29,486,879.12,1.136,0.917,0.01667,31.28,0
PX006489,1999,expired_card,upi,subscription,6,1,2,50,13,238,1570.11,1.273,0.857,0.02,47.77,0
PX006490,19999,bank_timeout,card,saas,7,1,1,15,7,496,14753.62,1.356,0.875,0.06667,36.07,0
PX006491,19999,mandate_expired,netbanking,subscription,5,2,2,45,32,14,19600.15,1.02,0.714,0.04444,45.54,0
PX006492,19999,suspicious_reversal,wallet,subscription,10,1,1,56,39,415,14499.98,1.379,0.909,0.01786,29.36,0
PX006493,499,suspicious_reversal,upi,ecommerce,7,6,3,31,20,91,600.72,0.831,0.538,0.19355,42.81,0
PX006494,4999,insufficient_funds,card,education,5,3,0,57,60,490,5714.95,0.875,0.625,0.05263,34.92,1
PX006495,19999,suspicious_reversal,upi,education,3,2,0,47,20,295,23382.87,0.855,0.6,0.04255,34.72,0
PX006496,9999,mandate_expired,wallet,saas,3,0,3,18,24,394,11149.56,0.897,1.0,0.0,11.26,1
PX006497,2499,suspicious_reversal,card,saas,13,4,3,35,22,220,3309.09,0.755,0.765,0.11429,45.75,0
PX006498,2499,insufficient_funds,wallet,subscription,4,3,2,26,52,548,2487.63,1.005,0.571,0.11538,29.41,1
PX006499,2499,insufficient_funds,card,ecommerce,8,4,3,30,9,357,3179.65,0.786,0.667,0.13333,10.69,0
PX006500,9999,insufficient_funds,netbanking,media,7,3,2,3,42,608,9527.82,1.049,0.7,1.0,25.78,0
PX006501,1499,bank_timeout,card,saas,6,2,1,35,36,51,1090.17,1.375,0.75,0.05714,23.68,1
PX006502,499,suspicious_reversal,upi,ecommerce,5,0,0,44,14,632,418.7,1.192,1.0,0.0,29.34,0
PX006503,19999,mandate_expired,wallet,media,4,0,2,53,10,360,27440.08,0.729,1.0,0.0,10.12,0
PX006504,19999,bank_timeout,netbanking,ecommerce,16,3,2,48,54,312,19255.62,1.039,0.842,0.0625,0.96,0
PX006505,1999,insufficient_funds,netbanking,saas,6,3,2,40,32,65,1659.75,1.204,0.667,0.075,8.38,1
PX006506,4999,expired_card,card,education,6,4,1,55,4,41,4220.74,1.184,0.6,0.07273,26.62,0
PX006507,4999,suspicious_reversal,wallet,education,9,2,2,3,7,598,3133.06,1.596,0.818,0.66667,29.92,0
PX006508,999,suspicious_reversal,card,media,4,1,0,13,46,429,899.2,1.111,0.8,0.07692,7.28,0
PX006509,1999,insufficient_funds,upi,subscription,8,2,2,17,13,29,1962.23,1.019,0.8,0.11765,43.49,0
PX006510,1499,bank_timeout,wallet,education,7,1,3,43,16,606,2037.63,0.736,0.875,0.02326,43.59,0
PX006511,1999,suspicious_reversal,upi,saas,7,1,1,37,58,35,1405.31,1.422,0.875,0.02703,36.35,1
PX006512,999,mandate_expired,wallet,saas,9,0,0,58,34,195,1128.38,0.885,1.0,0.0,43.08,0
PX006513,9999,insufficient_funds,upi,education,8,1,1,8,24,193,8202.36,1.219,0.889,0.125,20.23,1
PX006514,2499,expired_card,upi,media,8,2,3,24,2,730,2182.36,1.145,0.8,0.08333,39.9,0
PX006515,1999,mandate_expired,wallet,subscription,9,0,3,11,18,697,2611.28,0.766,1.0,0.0,24.21,1
PX006516,9999,suspicious_reversal,card,saas,12,2,1,42,12,352,6539.48,1.529,0.857,0.04762,8.22,1
PX006517,19999,insufficient_funds,wallet,ecommerce,11,2,2,37,4,157,21186.9,0.944,0.846,0.05405,21.02,0
PX006518,9999,expired_card,card,media,6,2,2,23,33,300,13587.13,0.736,0.75,0.08696,44.2,1
PX006519,499,mandate_expired,netbanking,ecommerce,6,5,3,45,35,345,580.23,0.86,0.545,0.11111,5.62,0
PX006520,1499,mandate_expired,wallet,saas,9,4,3,39,12,65,1623.54,0.923,0.692,0.10256,45.72,1
PX006521,499,suspicious_reversal,netbanking,ecommerce,7,2,2,46,29,9,415.03,1.202,0.778,0.04348,28.03,1
PX006522,1999,expired_card,wallet,ecommerce,5,2,2,1,44,78,1848.56,1.081,0.714,2.0,45.33,1
PX006523,1999,suspicious_reversal,upi,saas,9,1,0,8,49,506,2734.87,0.731,0.9,0.125,6.02,1
PX006524,9999,mandate_expired,card,media,7,3,2,47,7,37,13349.27,0.749,0.7,0.06383,20.23,0
PX006525,4999,bank_timeout,wallet,education,12,0,0,13,10,190,5833.37,0.857,1.0,0.0,40.84,1
PX006526,4999,suspicious_reversal,netbanking,subscription,5,2,3,23,9,349,5960.92,0.839,0.714,0.08696,28.01,0
PX006527,4999,expired_card,wallet,media,11,2,3,4,38,687,6169.7,0.81,0.846,0.5,2.38,0
PX006528,499,bank_timeout,card,saas,7,2,1,9,46,419,456.77,1.092,0.778,0.22222,5.54,1
PX006529,1999,suspicious_reversal,upi,media,7,3,0,14,40,435,2042.78,0.979,0.7,0.21429,32.75,0
PX006530,1499,mandate_expired,upi,ecommerce,8,0,2,44,16,728,1930.9,0.776,1.0,0.0,38.35,0
PX006531,2499,mandate_expired,netbanking,subscription,8,3,0,51,34,152,3003.2,0.832,0.727,0.05882,9.99,0
PX006532,9999,insufficient_funds,upi,saas,14,2,0,5,23,63,13151.93,0.76,0.875,0.4,29.91,1
PX006533,999,suspicious_reversal,netbanking,education,12,0,2,42,39,459,881.46,1.133,1.0,0.0,1.48,0
PX006534,9999,expired_card,upi,media,11,1,3,41,20,684,8337.76,1.199,0.917,0.02439,9.99,0
PX006535,2499,mandate_expired,wallet,education,5,2,0,29,52,452,2197.19,1.137,0.714,0.06897,4.21,0
PX006536,19999,suspicious_reversal,netbanking,education,6,4,2,18,31,152,20330.54,0.984,0.6,0.22222,14.82,0
PX006537,999,suspicious_reversal,netbanking,subscription,5,1,3,35,54,688,826.43,1.209,0.833,0.02857,21.34,0
PX006538,1499,suspicious_reversal,wallet,media,8,2,2,29,44,154,1535.8,0.976,0.8,0.06897,9.76,0
PX006539,1499,bank_timeout,wallet,education,11,3,0,32,47,152,1360.47,1.102,0.786,0.09375,22.89,1
PX006540,2499,suspicious_reversal,upi,ecommerce,8,2,0,49,54,619,2132.32,1.172,0.8,0.04082,38.58,1
PX006541,19999,mandate_expired,wallet,subscription,7,2,2,9,4,696,22165.19,0.902,0.778,0.22222,47.3,0
PX006542,19999,insufficient_funds,wallet,ecommerce,4,1,0,8,37,440,16214.21,1.233,0.8,0.125,42.61,0
PX006543,19999,insufficient_funds,upi,media,7,4,1,39,37,160,23807.25,0.84,0.636,0.10256,42.7,1
PX006544,1999,insufficient_funds,card,media,9,2,0,57,7,590,1887.94,1.059,0.818,0.03509,34.58,0
PX006545,19999,expired_card,netbanking,ecommerce,9,2,2,21,27,712,23152.2,0.864,0.818,0.09524,22.86,0
PX006546,4999,expired_card,wallet,media,8,0,0,6,45,167,4681.37,1.068,1.0,0.0,23.91,0
PX006547,999,mandate_expired,wallet,media,8,5,3,60,29,574,901.85,1.108,0.615,0.08333,34.2,1
PX006548,4999,mandate_expired,wallet,education,5,2,0,29,50,79,6692.69,0.747,0.714,0.06897,37.64,1
PX006549,2499,bank_timeout,upi,education,6,1,1,22,2,440,1640.18,1.524,0.857,0.04545,40.74,1
PX006550,1499,expired_card,netbanking,saas,5,1,2,46,8,61,1789.97,0.837,0.833,0.02174,27.12,0
PX006551,999,bank_timeout,upi,subscription,4,1,1,51,50,5,1151.3,0.868,0.8,0.01961,38.47,1
PX006552,4999,insufficient_funds,upi,education,10,1,0,35,34,35,3471.93,1.44,0.909,0.02857,27.3,1
PX006553,1499,mandate_expired,netbanking,saas,9,4,1,35,57,294,1167.98,1.283,0.692,0.11429,5.72,0
PX006554,1499,insufficient_funds,netbanking,ecommerce,10,5,2,29,44,222,936.88,1.6,0.667,0.17241,42.98,1
PX006555,2499,mandate_expired,netbanking,ecommerce,8,4,3,12,6,190,2134.73,1.171,0.667,0.33333,22.11,1
PX006556,999,bank_timeout,card,saas,5,1,2,26,43,420,988.76,1.01,0.833,0.03846,28.17,0
PX006557,1999,expired_card,netbanking,subscription,8,1,1,42,7,77,2158.25,0.926,0.889,0.02381,43.4,1
PX006558,499,insufficient_funds,upi,education,8,2,1,55,7,689,641.27,0.778,0.8,0.03636,40.29,1
PX006559,2499,suspicious_reversal,wallet,ecommerce,7,2,0,3,22,421,2851.15,0.876,0.778,0.66667,44.77,0
PX006560,1999,insufficient_funds,card,saas,8,2,3,56,1,35,1700.76,1.175,0.8,0.03571,1.94,0
PX006561,9999,expired_card,netbanking,subscription,14,2,3,51,49,143,8762.58,1.141,0.875,0.03922,28.3,0
PX006562,999,suspicious_reversal,upi,saas,11,1,3,25,48,576,778.07,1.284,0.917,0.04,29.07,0
PX006563,1999,expired_card,wallet,media,9,4,0,41,18,269,1543.34,1.295,0.692,0.09756,6.63,0
PX006564,4999,suspicious_reversal,wallet,saas,7,2,0,11,46,543,4864.55,1.028,0.778,0.18182,39.35,0
PX006565,1999,expired_card,upi,subscription,8,2,0,21,12,44,2492.95,0.802,0.8,0.09524,22.57,0
PX006566,19999,bank_timeout,netbanking,subscription,13,3,3,9,44,283,19261.25,1.038,0.812,0.33333,30.63,1
PX006567,2499,insufficient_funds,wallet,ecommerce,5,0,3,11,31,140,3340.91,0.748,1.0,0.0,16.56,0
PX006568,499,suspicious_reversal,wallet,saas,9,0,3,28,48,506,492.37,1.013,1.0,0.0,31.29,0
PX006569,9999,insufficient_funds,wallet,media,4,3,0,2,11,279,12764.38,0.783,0.571,1.5,6.54,1
PX006570,2499,suspicious_reversal,netbanking,media,10,2,1,52,42,218,3304.02,0.756,0.833,0.03846,32.39,0
PX006571,1499,mandate_expired,wallet,education,7,3,1,22,30,352,2052.77,0.73,0.7,0.13636,44.27,1
PX006572,1499,suspicious_reversal,netbanking,ecommerce,8,0,2,60,20,170,1348.09,1.112,1.0,0.0,15.79,0
PX006573,19999,suspicious_reversal,card,ecommerce,11,1,2,8,56,104,23656.34,0.845,0.917,0.125,25.21,0
PX006574,4999,bank_timeout,upi,subscription,6,2,0,40,34,319,4886.13,1.023,0.75,0.05,47.99,1
PX006575,19999,mandate_expired,upi,ecommerce,9,0,2,43,30,502,18350.69,1.09,1.0,0.0,28.81,1
PX006576,1499,bank_timeout,netbanking,education,10,0,2,28,32,416,1354.29,1.107,1.0,0.0,13.82,1
PX006577,9999,mandate_expired,upi,ecommerce,4,4,1,43,6,538,7088.36,1.411,0.5,0.09302,17.12,0
PX006578,1999,bank_timeout,wallet,subscription,4,1,1,7,6,588,2225.37,0.898,0.8,0.14286,17.53,1
PX006579,9999,suspicious_reversal,card,education,10,3,3,38,56,160,6756.44,1.48,0.769,0.07895,9.75,0
PX006580,19999,bank_timeout,netbanking,education,10,3,0,46,23,680,26551.17,0.753,0.769,0.06522,34.83,1
PX006581,1999,insufficient_funds,card,ecommerce,3,1,3,3,1,576,1955.22,1.022,0.75,0.33333,33.5,0
PX006582,499,expired_card,upi,media,7,1,1,17,10,606,633.94,0.787,0.875,0.05882,3.08,1
PX006583,999,mandate_expired,netbanking,education,9,3,3,52,34,338,1152.62,0.867,0.75,0.05769,35.43,0
PX006584,999,expired_card,card,ecommerce,5,3,3,29,7,329,773.66,1.291,0.625,0.10345,20.19,0
PX006585,499,suspicious_reversal,card,subscription,15,3,2,28,51,65,622.39,0.802,0.833,0.10714,47.01,1
PX006586,999,mandate_expired,upi,ecommerce,11,2,1,40,38,87,839.99,1.189,0.846,0.05,33.88,0
PX006587,1499,bank_timeout,netbanking,ecommerce,7,1,2,45,20,703,979.56,1.53,0.875,0.02222,27.11,1
PX006588,999,expired_card,netbanking,education,10,2,3,22,13,86,1002.79,0.996,0.833,0.09091,18.46,0
PX006589,1499,suspicious_reversal,upi,saas,7,1,1,55,47,547,1917.57,0.782,0.875,0.01818,10.56,0
PX006590,499,insufficient_funds,upi,saas,10,4,3,24,16,692,687.92,0.725,0.714,0.16667,26.61,1
PX006591,1999,insufficient_funds,netbanking,education,13,3,1,25,40,556,2389.25,0.837,0.812,0.12,21.6,0
PX006592,9999,suspicious_reversal,wallet,saas,4,1,0,40,39,62,8299.2,1.205,0.8,0.025,27.74,1
PX006593,1999,insufficient_funds,netbanking,ecommerce,6,4,1,37,56,278,2123.68,0.941,0.6,0.10811,11.81,0
PX006594,19999,insufficient_funds,card,saas,6,1,1,45,1,609,21435.55,0.933,0.857,0.02222,37.07,1
PX006595,19999,bank_timeout,card,ecommerce,7,2,2,6,23,435,18414.37,1.086,0.778,0.33333,34.97,0
PX006596,4999,insufficient_funds,wallet,saas,8,2,0,18,12,59,6579.95,0.76,0.8,0.11111,12.7,1
PX006597,1999,expired_card,card,ecommerce,6,0,3,11,23,96,1882.91,1.062,1.0,0.0,29.71,0
PX006598,19999,suspicious_reversal,upi,saas,10,1,1,56,1,472,25678.86,0.779,0.909,0.01786,16.79,0
PX006599,1499,bank_timeout,card,ecommerce,4,0,2,2,37,489,1279.54,1.172,1.0,0.0,46.7,1
PX006600,19999,expired_card,card,subscription,9,3,0,33,5,451,24887.22,0.804,0.75,0.09091,47.03,0
PX006601,499,mandate_expired,card,saas,10,1,3,17,27,522,430.33,1.16,0.909,0.05882,32.31,1
PX006602,2499,mandate_expired,netbanking,subscription,15,2,0,40,22,493,1726.91,1.447,0.882,0.05,44.04,1
PX006603,9999,insufficient_funds,netbanking,education,11,1,2,15,42,34,13205.34,0.757,0.917,0.06667,20.25,0
PX006604,999,mandate_expired,card,subscription,10,2,0,42,9,530,1140.0,0.876,0.833,0.04762,20.77,1
PX006605,1499,suspicious_reversal,card,saas,6,1,2,9,58,231,1328.88,1.128,0.857,0.11111,28.86,1
PX006606,9999,bank_timeout,card,media,10,1,0,37,14,334,11567.28,0.864,0.909,0.02703,36.61,1
PX006607,999,insufficient_funds,upi,ecommerce,12,0,2,39,10,544,665.0,1.502,1.0,0.0,33.0,0
PX006608,4999,expired_card,netbanking,education,9,2,3,58,43,116,6216.9,0.804,0.818,0.03448,11.12,0
PX006609,4999,mandate_expired,upi,ecommerce,20,2,0,30,60,178,6207.53,0.805,0.909,0.06667,36.93,0
PX006610,2499,mandate_expired,card,ecommerce,10,1,3,33,54,62,2580.48,0.968,0.909,0.0303,39.13,1
PX006611,9999,bank_timeout,upi,subscription,6,2,1,40,30,619,8855.79,1.129,0.75,0.05,32.96,1
PX006612,1499,insufficient_funds,card,subscription,10,1,1,28,58,86,1948.34,0.769,0.909,0.03571,17.16,1
PX006613,1499,mandate_expired,upi,ecommerce,10,2,0,28,23,479,1926.79,0.778,0.833,0.07143,44.4,1
PX006614,2499,suspicious_reversal,card,ecommerce,6,1,2,22,47,484,3060.67,0.816,0.857,0.04545,21.89,1
PX006615,999,suspicious_reversal,wallet,saas,6,3,2,45,58,99,1327.79,0.752,0.667,0.06667,29.63,0
PX006616,1499,suspicious_reversal,netbanking,saas,1,3,3,21,6,73,1531.84,0.979,0.25,0.14286,25.69,0
PX006617,499,insufficient_funds,netbanking,ecommerce,3,2,2,3,31,559,661.0,0.755,0.6,0.66667,5.48,1
PX006618,499,suspicious_reversal,wallet,saas,9,4,2,33,48,551,596.25,0.837,0.692,0.12121,32.63,1
PX006619,499,suspicious_reversal,card,media,6,3,0,56,53,617,393.18,1.269,0.667,0.05357,32.28,0
PX006620,1999,bank_timeout,card,education,6,2,1,20,44,75,1555.45,1.285,0.75,0.1,37.81,0
PX006621,2499,suspicious_reversal,card,subscription,4,3,3,34,17,671,1506.86,1.658,0.571,0.08824,29.9,0
PX006622,1999,mandate_expired,upi,ecommerce,9,0,1,19,33,723,1635.95,1.222,1.0,0.0,44.18,0
PX006623,1999,expired_card,wallet,education,9,1,3,55,40,32,1796.74,1.113,0.9,0.01818,6.19,0
PX006624,2499,expired_card,upi,ecommerce,7,4,1,23,30,63,3273.78,0.763,0.636,0.17391,44.69,0
PX006625,9999,mandate_expired,netbanking,media,11,0,1,50,59,180,10287.77,0.972,1.0,0.0,10.88,1
PX006626,999,bank_timeout,upi,saas,14,1,1,25,51,708,620.66,1.61,0.933,0.04,28.01,1
PX006627,1999,suspicious_reversal,netbanking,ecommerce,8,1,3,19,44,50,2023.67,0.988,0.889,0.05263,47.77,0
PX006628,19999,expired_card,netbanking,ecommerce,8,1,1,30,58,30,19975.37,1.001,0.889,0.03333,2.96,0
PX006629,9999,bank_timeout,wallet,media,11,2,0,4,33,587,11131.57,0.898,0.846,0.5,41.68,1
PX006630,1499,expired_card,upi,ecommerce,6,1,3,25,49,579,1081.03,1.387,0.857,0.04,30.86,1
PX006631,1499,expired_card,netbanking,media,11,0,0,30,39,464,2054.49,0.73,1.0,0.0,34.51,0
PX006632,1999,insufficient_funds,card,media,8,0,2,25,29,181,1377.92,1.451,1.0,0.0,13.12,1
PX006633,9999,expired_card,netbanking,ecommerce,6,2,1,54,55,161,7072.67,1.414,0.75,0.03704,19.65,0
PX006634,4999,insufficient_funds,netbanking,education,7,0,3,53,30,18,5384.49,0.928,1.0,0.0,33.84,1
PX006635,1999,expired_card,netbanking,education,13,2,2,7,37,60,1634.21,1.223,0.867,0.28571,47.26,0
PX006636,19999,bank_timeout,wallet,saas,5,3,3,33,36,16,14086.51,1.42,0.625,0.09091,21.97,1
PX006637,4999,suspicious_reversal,upi,education,5,4,3,31,58,158,4654.46,1.074,0.556,0.12903,34.56,0
PX006638,499,bank_timeout,card,ecommerce,8,3,2,14,42,664,385.3,1.295,0.727,0.21429,5.68,1
PX006639,9999,bank_timeout,netbanking,ecommerce,9,1,1,32,38,564,13385.49,0.747,0.9,0.03125,32.55,0
PX006640,9999,suspicious_reversal,netbanking,saas,7,1,0,15,4,341,7187.88,1.391,0.875,0.06667,31.03,0
PX006641,1999,insufficient_funds,upi,education,6,1,0,59,7,321,1300.06,1.538,0.857,0.01695,39.37,0
PX006642,1499,expired_card,wallet,subscription,7,2,3,25,5,625,1291.06,1.161,0.778,0.08,24.97,0
PX006643,1999,mandate_expired,card,saas,7,4,2,56,4,282,1581.6,1.264,0.636,0.07143,40.27,1
PX006644,1499,expired_card,wallet,subscription,8,1,0,33,58,186,2048.14,0.732,0.889,0.0303,32.58,0
PX006645,2499,expired_card,card,subscription,8,1,0,45,60,108,2080.17,1.201,0.889,0.02222,45.5,0
PX006646,999,expired_card,netbanking,education,3,2,3,56,6,48,677.59,1.474,0.6,0.03571,15.04,0
PX006647,999,bank_timeout,card,ecommerce,10,2,0,39,56,365,1101.85,0.907,0.833,0.05128,14.95,1
PX006648,1999,bank_timeout,card,education,12,2,2,47,4,599,1394.16,1.434,0.857,0.04255,32.24,1
PX006649,1999,mandate_expired,upi,education,11,2,0,15,48,207,2595.22,0.77,0.846,0.13333,41.33,0
PX006650,9999,expired_card,upi,media,11,0,3,25,23,405,9080.81,1.101,1.0,0.0,29.19,0
PX006651,999,insufficient_funds,card,subscription,7,1,2,14,8,620,1015.43,0.984,0.875,0.07143,18.84,1
PX006652,19999,insufficient_funds,netbanking,media,17,3,3,38,47,165,14824.08,1.349,0.85,0.07895,22.61,1
PX006653,499,suspicious_reversal,card,media,8,1,0,25,42,501,490.01,1.018,0.889,0.04,5.06,0
PX006654,19999,insufficient_funds,wallet,media,5,2,3,9,40,241,24384.75,0.82,0.714,0.22222,30.24,1
PX006655,999,expired_card,netbanking,media,5,2,1,48,58,161,717.38,1.393,0.714,0.04167,12.06,1
PX006656,1499,suspicious_reversal,netbanking,education,8,3,3,29,27,173,1868.45,0.802,0.727,0.10345,22.89,0
PX006657,999,mandate_expired,wallet,education,8,1,2,40,27,450,740.08,1.35,0.889,0.025,29.31,0
PX006658,19999,mandate_expired,card,education,15,3,3,20,28,463,25807.58,0.775,0.833,0.15,31.83,0
PX006659,9999,insufficient_funds,card,media,7,1,1,34,31,51,12148.15,0.823,0.875,0.02941,37.73,1
PX006660,999,expired_card,card,ecommerce,8,2,3,23,58,682,900.19,1.11,0.8,0.08696,17.84,1
PX006661,9999,mandate_expired,upi,subscription,5,2,1,8,11,552,13745.17,0.727,0.714,0.25,33.77,0
PX006662,4999,insufficient_funds,wallet,subscription,7,2,1,60,12,63,5916.04,0.845,0.778,0.03333,39.82,0
PX006663,2499,bank_timeout,wallet,subscription,11,3,1,41,38,292,3443.19,0.726,0.786,0.07317,9.53,1
PX006664,999,expired_card,wallet,saas,11,1,0,7,13,448,877.31,1.139,0.917,0.14286,35.3,0
PX006665,4999,mandate_expired,card,ecommerce,5,0,0,21,15,23,3898.47,1.282,1.0,0.0,22.49,1
PX006666,2499,mandate_expired,wallet,education,2,5,1,10,11,144,2937.24,0.851,0.286,0.5,4.32,1
PX006667,1499,suspicious_reversal,wallet,saas,10,3,3,56,41,500,2059.68,0.728,0.769,0.05357,47.98,0
PX006668,499,bank_timeout,netbanking,ecommerce,8,3,2,29,28,649,519.69,0.96,0.727,0.10345,23.11,0
PX006669,499,expired_card,wallet,subscription,12,2,3,30,52,331,299.58,1.666,0.857,0.06667,30.75,0
PX006670,19999,suspicious_reversal,card,subscription,8,1,3,36,51,478,14486.33,1.381,0.889,0.02778,21.61,1
PX006671,999,expired_card,card,subscription,8,3,0,12,54,36,786.33,1.27,0.727,0.25,32.53,0
PX006672,9999,suspicious_reversal,upi,media,7,0,0,46,19,320,6511.67,1.536,1.0,0.0,15.98,0
PX006673,2499,suspicious_reversal,upi,media,6,1,3,33,33,514,2544.15,0.982,0.857,0.0303,39.34,0
PX006674,1499,suspicious_reversal,wallet,education,5,2,1,6,26,628,1271.43,1.179,0.714,0.33333,12.08,0
PX006675,1499,mandate_expired,wallet,media,4,1,1,17,46,692,1344.49,1.115,0.8,0.05882,22.33,0
PX006676,499,bank_timeout,netbanking,media,8,2,0,13,17,427,560.25,0.891,0.8,0.15385,32.63,1
PX006677,19999,expired_card,wallet,education,8,2,0,50,33,322,17796.89,1.124,0.8,0.04,38.31,0
PX006678,4999,bank_timeout,wallet,media,5,1,2,33,28,509,4185.11,1.194,0.833,0.0303,9.84,1
PX006679,499,suspicious_reversal,card,education,6,3,0,32,3,39,516.3,0.967,0.667,0.09375,29.58,0
PX006680,999,suspicious_reversal,wallet,saas,7,2,2,14,51,563,1130.02,0.884,0.778,0.14286,2.58,1
PX006681,19999,bank_timeout,card,ecommerce,6,2,0,2,14,76,23788.37,0.841,0.75,1.0,9.75,1
PX006682,999,suspicious_reversal,upi,ecommerce,8,2,3,28,15,269,1125.81,0.887,0.8,0.07143,24.39,0
PX006683,19999,suspicious_reversal,card,saas,11,2,0,18,16,71,18617.31,1.074,0.846,0.11111,7.57,0
PX006684,499,mandate_expired,upi,media,8,2,0,5,14,353,430.15,1.16,0.8,0.4,38.39,1
PX006685,499,expired_card,card,subscription,7,2,1,3,32,338,551.25,0.905,0.778,0.66667,16.94,0
PX006686,9999,insufficient_funds,upi,ecommerce,12,2,2,28,36,2,6445.0,1.551,0.857,0.07143,8.29,0
PX006687,19999,mandate_expired,upi,ecommerce,11,3,0,7,2,709,21397.93,0.935,0.786,0.42857,32.53,0
PX006688,1999,suspicious_reversal,upi,education,3,2,1,7,49,288,2708.14,0.738,0.6,0.28571,6.37,0
PX006689,19999,insufficient_funds,upi,ecommerce,10,1,2,38,52,213,26323.67,0.76,0.909,0.02632,10.47,1
PX006690,9999,bank_timeout,netbanking,education,9,6,3,22,28,392,13033.33,0.767,0.6,0.27273,23.4,1
PX006691,499,suspicious_reversal,upi,saas,8,0,0,11,57,433,361.72,1.38,1.0,0.0,21.53,1
PX006692,2499,bank_timeout,netbanking,saas,7,1,1,41,28,471,3441.1,0.726,0.875,0.02439,35.33,1
PX006693,999,bank_timeout,wallet,subscription,5,2,1,6,46,630,1347.97,0.741,0.714,0.33333,1.96,1
PX006694,499,mandate_expired,netbanking,ecommerce,7,0,0,11,19,342,458.59,1.088,1.0,0.0,15.71,1
PX006695,1999,mandate_expired,netbanking,media,5,2,2,18,39,197,1673.69,1.194,0.714,0.11111,14.61,0
PX006696,9999,insufficient_funds,upi,ecommerce,12,5,0,47,16,664,6603.81,1.514,0.706,0.10638,28.69,1
PX006697,9999,mandate_expired,wallet,subscription,8,3,3,3,3,261,8876.72,1.126,0.727,1.0,19.77,0
PX006698,1999,bank_timeout,wallet,media,9,2,3,37,26,163,1352.74,1.478,0.818,0.05405,11.84,1
PX006699,9999,suspicious_reversal,card,subscription,13,1,3,24,25,549,10870.16,0.92,0.929,0.04167,24.68,1
PX006700,9999,mandate_expired,card,subscription,10,0,3,25,25,396,6970.39,1.434,1.0,0.0,15.04,0
PX006701,2499,insufficient_funds,wallet,media,7,1,0,30,34,552,1716.93,1.456,0.875,0.03333,3.39,1
PX006702,4999,bank_timeout,netbanking,ecommerce,6,3,1,43,60,690,5697.98,0.877,0.667,0.06977,4.31,1
PX006703,1499,mandate_expired,upi,subscription,13,4,0,32,7,306,1764.67,0.849,0.765,0.125,36.9,0
PX006704,1999,bank_timeout,card,ecommerce,9,3,0,57,40,494,2698.63,0.741,0.75,0.05263,11.83,1
PX006705,9999,mandate_expired,card,subscription,9,1,3,55,36,504,10111.65,0.989,0.9,0.01818,10.77,1
PX006706,4999,mandate_expired,netbanking,saas,8,2,2,49,22,39,3712.87,1.346,0.8,0.04082,8.33,1
PX006707,1999,mandate_expired,card,education,11,3,2,12,8,312,1311.52,1.524,0.786,0.25,36.22,0
PX006708,1499,expired_card,card,ecommerce,6,2,2,30,23,651,1039.54,1.442,0.75,0.06667,44.31,1
PX006709,19999,mandate_expired,netbanking,saas,6,2,3,19,57,322,13521.45,1.479,0.75,0.10526,44.89,0
PX006710,9999,expired_card,wallet,subscription,9,0,0,2,27,340,8701.79,1.149,1.0,0.0,1.54,0
PX006711,499,suspicious_reversal,card,subscription,8,3,1,44,10,514,643.19,0.776,0.727,0.06818,31.67,0
PX006712,1499,insufficient_funds,wallet,saas,8,0,3,50,50,398,1238.1,1.211,1.0,0.0,13.72,1
PX006713,9999,suspicious_reversal,netbanking,subscription,6,2,2,30,39,721,9810.88,1.019,0.75,0.06667,13.14,1
PX006714,19999,insufficient_funds,netbanking,education,15,1,2,36,56,9,16479.12,1.214,0.938,0.02778,3.71,1
PX006715,999,bank_timeout,upi,ecommerce,7,1,3,40,8,307,644.86,1.549,0.875,0.025,19.91,1
PX006716,499,suspicious_reversal,netbanking,education,7,1,3,1,57,191,401.04,1.244,0.875,1.0,11.81,1
PX006717,499,bank_timeout,card,subscription,11,2,2,36,57,600,461.21,1.082,0.846,0.05556,19.83,1
PX006718,4999,suspicious_reversal,wallet,ecommerce,8,1,3,24,44,527,4964.45,1.007,0.889,0.04167,3.01,1
PX006719,19999,suspicious_reversal,wallet,ecommerce,9,4,1,20,57,415,15093.19,1.325,0.692,0.2,7.07,0
PX006720,499,mandate_expired,card,saas,9,1,0,41,13,387,405.96,1.229,0.9,0.02439,36.24,0
PX006721,4999,insufficient_funds,card,subscription,9,3,2,49,47,227,4803.86,1.041,0.75,0.06122,20.47,1
PX006722,499,insufficient_funds,card,subscription,7,1,1,35,12,219,487.72,1.023,0.875,0.02857,18.36,0
PX006723,9999,suspicious_reversal,card,media,4,2,0,39,27,527,8919.02,1.121,0.667,0.05128,13.64,1
PX006724,999,bank_timeout,netbanking,ecommerce,8,1,1,1,8,299,868.84,1.15,0.889,1.0,14.42,1
PX006725,9999,mandate_expired,upi,media,9,0,0,35,29,687,6358.58,1.573,1.0,0.0,34.5,1
PX006726,9999,mandate_expired,netbanking,media,8,2,1,31,34,399,7199.97,1.389,0.8,0.06452,32.87,0
PX006727,4999,insufficient_funds,netbanking,saas,9,3,3,37,48,418,6964.59,0.718,0.75,0.08108,19.28,1
PX006728,999,bank_timeout,upi,saas,5,1,3,16,36,498,936.9,1.066,0.833,0.0625,45.39,0
PX006729,499,bank_timeout,upi,subscription,8,2,2,30,19,569,414.72,1.203,0.8,0.06667,22.56,1
PX006730,4999,insufficient_funds,upi,ecommerce,4,1,0,32,8,693,3993.41,1.252,0.8,0.03125,5.03,1
PX006731,9999,mandate_expired,netbanking,ecommerce,7,1,1,21,52,502,10705.37,0.934,0.875,0.04762,33.03,0
PX006732,19999,suspicious_reversal,wallet,saas,8,2,1,44,5,183,25563.93,0.782,0.8,0.04545,14.86,0
PX006733,2499,insufficient_funds,wallet,saas,3,2,0,13,39,43,1543.92,1.619,0.6,0.15385,22.66,1
PX006734,9999,bank_timeout,wallet,subscription,4,5,0,5,26,275,7671.68,1.303,0.444,1.0,24.77,1
PX006735,1499,insufficient_funds,upi,ecommerce,11,3,0,7,10,570,1111.32,1.349,0.786,0.42857,46.04,1
PX006736,2499,bank_timeout,netbanking,media,9,0,0,47,7,699,2608.52,0.958,1.0,0.0,28.67,1
PX006737,19999,mandate_expired,wallet,subscription,2,2,0,14,50,17,27462.4,0.728,0.5,0.14286,8.28,0
PX006738,9999,suspicious_reversal,card,education,13,1,3,47,16,111,6812.48,1.468,0.929,0.02128,39.04,0
PX006739,1499,expired_card,netbanking,education,7,2,1,22,22,570,987.94,1.517,0.778,0.09091,12.76,0
PX006740,1499,insufficient_funds,netbanking,saas,9,4,3,51,20,636,1274.71,1.176,0.692,0.07843,1.37,0
PX006741,1999,expired_card,upi,ecommerce,8,4,0,33,20,613,2350.05,0.851,0.667,0.12121,12.42,1
PX006742,9999,expired_card,card,subscription,3,0,0,11,21,300,11274.89,0.887,1.0,0.0,1.82,1
PX006743,499,expired_card,wallet,saas,3,1,2,28,52,225,404.49,1.234,0.75,0.03571,28.7,1
PX006744,1999,suspicious_reversal,wallet,education,5,1,1,18,39,169,1223.33,1.634,0.833,0.05556,33.51,0
PX006745,1499,insufficient_funds,card,subscription,8,0,0,17,21,455,2053.83,0.73,1.0,0.0,38.3,0
PX006746,999,mandate_expired,netbanking,subscription,7,2,2,46,14,310,1147.36,0.871,0.778,0.04348,32.19,0
PX006747,9999,expired_card,upi,subscription,6,0,2,25,19,631,12349.09,0.81,1.0,0.0,6.77,0
PX006748,1499,bank_timeout,wallet,subscription,9,2,1,26,49,283,1047.19,1.431,0.818,0.07692,6.67,0
PX006749,1999,bank_timeout,wallet,education,9,1,3,58,50,78,2446.13,0.817,0.9,0.01724,17.78,0
PX006750,1999,expired_card,wallet,ecommerce,9,2,0,22,46,89,1981.95,1.009,0.818,0.09091,15.63,0
PX006751,1999,expired_card,wallet,saas,3,1,0,12,51,30,1671.58,1.196,0.75,0.08333,36.04,1
PX006752,499,suspicious_reversal,upi,saas,4,3,2,29,13,86,652.01,0.765,0.571,0.10345,46.53,0
PX006753,1499,expired_card,netbanking,media,5,2,3,29,1,558,1676.43,0.894,0.714,0.06897,12.73,0
PX006754,999,bank_timeout,card,education,8,3,1,9,2,413,743.01,1.345,0.727,0.33333,44.1,1
PX006755,1499,suspicious_reversal,netbanking,subscription,9,1,1,16,25,719,2043.3,0.734,0.9,0.0625,30.57,1
PX006756,999,bank_timeout,wallet,ecommerce,8,2,2,38,2,126,1022.32,0.977,0.8,0.05263,19.25,1
PX006757,9999,insufficient_funds,card,subscription,15,1,2,4,55,481,10778.42,0.928,0.938,0.25,47.04,1
PX006758,2499,bank_timeout,wallet,education,8,2,0,9,18,134,1788.1,1.398,0.8,0.22222,38.87,1
PX006759,9999,bank_timeout,netbanking,ecommerce,10,1,3,40,37,244,7341.35,1.362,0.909,0.025,10.95,1
PX006760,1999,bank_timeout,wallet,education,3,0,2,2,39,654,1352.69,1.478,1.0,0.0,29.68,1
PX006761,4999,expired_card,upi,subscription,7,4,0,30,29,107,6167.14,0.811,0.636,0.13333,22.8,0
PX006762,1999,expired_card,upi,subscription,6,1,2,21,23,83,1485.07,1.346,0.857,0.04762,13.98,1
PX006763,19999,suspicious_reversal,upi,saas,13,1,1,27,27,567,19490.03,1.026,0.929,0.03704,13.19,0
PX006764,999,expired_card,card,education,10,2,1,26,51,524,1197.2,0.834,0.833,0.07692,16.58,0
PX006765,1999,expired_card,netbanking,ecommerce,4,1,1,24,43,624,2252.28,0.888,0.8,0.04167,32.18,0
PX006766,4999,expired_card,card,ecommerce,11,1,2,40,9,684,3156.62,1.584,0.917,0.025,20.05,1
PX006767,499,suspicious_reversal,wallet,education,8,0,2,5,57,375,411.87,1.212,1.0,0.0,3.64,1
PX006768,4999,suspicious_reversal,wallet,media,10,4,2,53,54,579,3956.17,1.264,0.714,0.07547,29.83,0
PX006769,19999,expired_card,upi,saas,7,3,0,46,30,698,19722.24,1.014,0.7,0.06522,16.55,1
PX006770,1499,suspicious_reversal,upi,subscription,7,2,2,27,2,264,1410.64,1.063,0.778,0.07407,26.23,0
PX006771,9999,expired_card,netbanking,education,9,1,3,34,31,193,11270.78,0.887,0.9,0.02941,17.99,1
PX006772,1999,insufficient_funds,card,saas,7,2,3,52,58,111,2094.15,0.955,0.778,0.03846,38.78,1
PX006773,19999,suspicious_reversal,upi,ecommerce,8,2,3,14,27,497,19901.57,1.005,0.8,0.14286,20.28,0
PX006774,2499,insufficient_funds,upi,saas,4,1,3,2,16,191,2665.63,0.937,0.8,0.5,26.88,0
PX006775,499,suspicious_reversal,netbanking,saas,11,2,2,52,39,358,575.91,0.866,0.846,0.03846,30.64,0
PX006776,1499,bank_timeout,netbanking,ecommerce,6,2,3,38,5,404,910.98,1.645,0.75,0.05263,40.29,0
PX006777,999,insufficient_funds,netbanking,media,11,2,1,58,38,492,1320.33,0.757,0.846,0.03448,24.02,1
PX006778,2499,mandate_expired,card,saas,15,3,0,35,45,89,1886.66,1.325,0.833,0.08571,44.41,1
PX006779,499,insufficient_funds,card,ecommerce,9,1,3,17,55,430,558.81,0.893,0.9,0.05882,16.06,0
PX006780,9999,suspicious_reversal,wallet,saas,10,2,1,33,12,78,12851.33,0.778,0.833,0.06061,30.03,1
PX006781,999,expired_card,wallet,subscription,5,3,2,54,12,83,788.62,1.267,0.625,0.05556,24.03,0
PX006782,4999,bank_timeout,upi,saas,5,3,3,39,18,611,3902.8,1.281,0.625,0.07692,43.65,1
PX006783,19999,insufficient_funds,upi,education,9,1,2,51,41,226,17744.22,1.127,0.9,0.01961,8.05,0
PX006784,9999,insufficient_funds,netbanking,subscription,2,2,1,60,23,248,9797.23,1.021,0.5,0.03333,12.03,0
PX006785,19999,insufficient_funds,netbanking,saas,7,5,1,41,26,217,20187.97,0.991,0.583,0.12195,5.5,1
PX006786,999,expired_card,card,ecommerce,13,1,3,32,20,79,769.39,1.298,0.929,0.03125,30.43,0
PX006787,19999,suspicious_reversal,wallet,ecommerce,8,1,0,17,28,16,18713.72,1.069,0.889,0.05882,4.15,0
PX006788,999,mandate_expired,wallet,media,10,3,2,22,13,290,601.25,1.662,0.769,0.13636,35.19,1
PX006789,9999,expired_card,netbanking,subscription,8,1,1,44,56,141,7412.44,1.349,0.889,0.02273,47.41,1
PX006790,19999,suspicious_reversal,card,education,10,0,3,43,22,29,27135.58,0.737,1.0,0.0,31.76,0
PX006791,499,suspicious_reversal,netbanking,media,9,3,1,16,51,493,346.42,1.44,0.75,0.1875,25.94,0
PX006792,1499,expired_card,netbanking,education,18,1,2,27,33,418,1745.67,0.859,0.947,0.03704,9.49,1
PX006793,19999,expired_card,wallet,subscription,6,0,1,58,24,689,23019.41,0.869,1.0,0.0,26.97,0
PX006794,4999,expired_card,wallet,subscription,7,1,1,49,28,701,4512.07,1.108,0.875,0.02041,34.36,0
PX006795,4999,mandate_expired,netbanking,education,3,5,1,38,29,242,6697.12,0.746,0.375,0.13158,3.38,0
PX006796,9999,bank_timeout,card,saas,7,0,0,37,22,258,7953.33,1.257,1.0,0.0,24.01,1
PX006797,1499,expired_card,upi,ecommerce,5,3,2,14,47,450,1755.23,0.854,0.625,0.21429,18.6,0
PX006798,2499,mandate_expired,card,education,9,3,0,56,42,667,2453.27,1.019,0.75,0.05357,15.64,1
PX006799,999,suspicious_reversal,wallet,subscription,9,1,2,44,5,59,1199.17,0.833,0.9,0.02273,37.13,0
PX006800,9999,suspicious_reversal,netbanking,subscription,9,0,1,47,45,376,10780.55,0.928,1.0,0.0,27.02,0
PX006801,999,suspicious_reversal,wallet,saas,6,4,1,51,47,232,1008.33,0.991,0.6,0.07843,11.95,0
PX006802,4999,suspicious_reversal,netbanking,saas,9,4,3,52,4,414,4159.04,1.202,0.692,0.07692,43.44,0
PX006803,4999,mandate_expired,wallet,media,6,2,1,36,45,248,4225.01,1.183,0.75,0.05556,24.16,0
PX006804,999,expired_card,card,subscription,10,1,2,43,28,74,972.75,1.027,0.909,0.02326,33.59,0
PX006805,1499,suspicious_reversal,wallet,media,7,3,3,11,22,647,1108.81,1.352,0.7,0.27273,23.87,0
PX006806,499,suspicious_reversal,netbanking,education,10,1,3,25,18,74,388.76,1.284,0.909,0.04,23.36,0
PX006807,4999,mandate_expired,card,ecommerce,6,3,2,8,35,177,6550.54,0.763,0.667,0.375,45.65,0
PX006808,4999,mandate_expired,wallet,saas,10,2,2,29,6,592,4203.66,1.189,0.833,0.06897,4.36,0
PX006809,1999,bank_timeout,upi,education,13,0,3,26,21,612,2476.5,0.807,1.0,0.0,6.09,1
PX006810,1499,bank_timeout,upi,education,12,0,0,46,51,502,2073.92,0.723,1.0,0.0,22.78,1
PX006811,19999,expired_card,wallet,saas,7,2,1,44,21,667,12314.07,1.624,0.778,0.04545,16.85,1
PX006812,1999,insufficient_funds,wallet,education,5,0,0,26,27,302,1741.76,1.148,1.0,0.0,13.8,1
PX006813,999,insufficient_funds,netbanking,education,11,2,2,58,22,403,1209.24,0.826,0.846,0.03448,31.38,0
PX006814,4999,mandate_expired,netbanking,subscription,7,1,0,11,39,606,5891.61,0.848,0.875,0.09091,20.88,1
PX006815,1499,bank_timeout,wallet,subscription,5,2,2,8,26,255,2039.14,0.735,0.714,0.25,30.66,0
PX006816,19999,bank_timeout,wallet,education,6,0,0,47,58,37,14768.1,1.354,1.0,0.0,1.24,1
PX006817,2499,bank_timeout,card,education,7,3,3,58,4,188,1707.99,1.463,0.7,0.05172,0.9,1
PX006818,2499,bank_timeout,card,education,8,1,1,45,13,354,1791.7,1.395,0.889,0.02222,13.44,1
PX006819,1999,mandate_expired,upi,saas,8,1,1,55,44,375,2173.32,0.92,0.889,0.01818,39.51,1
PX006820,1499,insufficient_funds,card,subscription,4,3,0,29,21,143,2091.2,0.717,0.571,0.10345,6.43,1
PX006821,4999,insufficient_funds,upi,ecommerce,4,0,0,23,52,327,3577.21,1.397,1.0,0.0,9.25,1
PX006822,4999,insufficient_funds,netbanking,subscription,5,3,2,30,17,699,4201.33,1.19,0.625,0.1,1.61,1
PX006823,999,expired_card,card,saas,9,4,1,33,8,595,792.09,1.261,0.692,0.12121,44.16,1
PX006824,9999,suspicious_reversal,wallet,saas,7,0,3,11,2,531,12988.95,0.77,1.0,0.0,22.41,0
PX006825,499,mandate_expired,upi,ecommerce,8,0,0,47,15,540,690.16,0.723,1.0,0.0,23.24,1
PX006826,999,mandate_expired,upi,subscription,5,4,2,50,53,409,1302.04,0.767,0.556,0.08,33.12,0
PX006827,2499,expired_card,wallet,education,5,2,2,16,53,709,2596.42,0.962,0.714,0.125,31.69,1
PX006828,1499,suspicious_reversal,wallet,subscription,7,2,2,36,48,668,1178.62,1.272,0.778,0.05556,31.94,0
PX006829,999,suspicious_reversal,wallet,education,6,4,1,24,48,471,1262.97,0.791,0.6,0.16667,28.03,0
PX006830,499,insufficient_funds,netbanking,education,7,1,2,59,7,241,676.05,0.738,0.875,0.01695,33.89,1
PX006831,999,suspicious_reversal,netbanking,ecommerce,6,2,3,24,6,340,1038.05,0.962,0.75,0.08333,20.84,0
PX006832,2499,suspicious_reversal,upi,media,8,3,2,47,58,447,2464.51,1.014,0.727,0.06383,43.11,1
PX006833,499,mandate_expired,upi,media,5,5,2,15,55,176,415.15,1.202,0.5,0.33333,13.5,1
PX006834,1499,expired_card,netbanking,education,8,1,2,26,30,353,1462.48,1.025,0.889,0.03846,8.99,1
PX006835,499,bank_timeout,upi,ecommerce,5,3,2,18,11,42,484.24,1.03,0.625,0.16667,46.98,1
PX006836,2499,expired_card,card,education,7,2,3,30,38,143,2440.03,1.024,0.778,0.06667,30.64,0
PX006837,1499,suspicious_reversal,card,education,9,3,1,48,56,135,1498.42,1.0,0.75,0.0625,26.25,1
PX006838,19999,expired_card,wallet,ecommerce,5,1,2,36,5,153,20989.64,0.953,0.833,0.02778,4.23,0
PX006839,19999,expired_card,wallet,saas,12,1,1,18,4,333,13305.95,1.503,0.923,0.05556,10.71,0
PX006840,999,expired_card,wallet,saas,7,0,0,54,40,662,1246.4,0.802,1.0,0.0,17.6,0
PX006841,2499,insufficient_funds,netbanking,subscription,9,1,3,47,39,91,1963.3,1.273,0.9,0.02128,41.8,1
PX006842,4999,suspicious_reversal,card,media,7,4,2,9,12,359,4809.89,1.039,0.636,0.44444,28.98,0
PX006843,19999,mandate_expired,wallet,media,6,1,3,44,58,108,16705.76,1.197,0.857,0.02273,43.08,0
PX006844,999,suspicious_reversal,wallet,ecommerce,7,3,3,23,23,16,1020.0,0.979,0.7,0.13043,40.09,0
PX006845,19999,expired_card,upi,ecommerce,6,3,2,44,23,15,24693.82,0.81,0.667,0.06818,21.38,0
PX006846,4999,expired_card,wallet,ecommerce,10,2,3,7,1,312,3987.75,1.254,0.833,0.28571,2.22,0
PX006847,9999,bank_timeout,upi,ecommerce,4,2,1,4,2,281,11277.13,0.887,0.667,0.5,27.13,1
PX006848,4999,expired_card,card,subscription,11,2,3,28,47,126,3969.45,1.259,0.846,0.07143,25.97,1
PX006849,2499,insufficient_funds,upi,subscription,6,3,3,51,33,481,3229.32,0.774,0.667,0.05882,12.06,1
PX006850,19999,mandate_expired,wallet,saas,8,1,0,25,11,48,24873.21,0.804,0.889,0.04,30.02,1
PX006851,2499,mandate_expired,netbanking,media,8,1,3,28,37,476,3199.72,0.781,0.889,0.03571,46.29,1
PX006852,1999,suspicious_reversal,wallet,subscription,6,2,0,48,56,360,2216.11,0.902,0.75,0.04167,4.97,1
PX006853,4999,insufficient_funds,upi,subscription,9,1,0,42,4,725,6307.88,0.793,0.9,0.02381,33.2,1
PX006854,1499,expired_card,card,saas,13,1,2,4,21,190,1249.03,1.2,0.929,0.25,12.43,1
PX006855,4999,mandate_expired,upi,saas,6,0,3,23,33,269,6135.28,0.815,1.0,0.0,34.03,1
PX006856,1499,mandate_expired,netbanking,media,6,3,0,53,54,695,1429.44,1.049,0.667,0.0566,26.77,0
PX006857,1999,expired_card,wallet,subscription,6,1,0,57,21,156,2611.45,0.765,0.857,0.01754,20.78,1
PX006858,9999,bank_timeout,netbanking,saas,7,1,0,31,11,623,13407.73,0.746,0.875,0.03226,24.16,1
PX006859,4999,expired_card,card,media,4,2,0,23,41,695,3272.4,1.528,0.667,0.08696,26.58,0
PX006860,999,suspicious_reversal,netbanking,ecommerce,9,2,2,41,55,526,1117.05,0.894,0.818,0.04878,46.0,0
PX006861,2499,expired_card,wallet,ecommerce,10,2,0,51,55,253,2446.52,1.021,0.833,0.03922,37.09,0
PX006862,9999,insufficient_funds,netbanking,ecommerce,4,1,1,52,43,503,10552.94,0.948,0.8,0.01923,38.9,1
PX006863,4999,bank_timeout,wallet,ecommerce,7,2,1,7,44,675,5540.38,0.902,0.778,0.28571,42.98,1
PX006864,19999,suspicious_reversal,wallet,ecommerce,8,5,3,40,16,193,24567.97,0.814,0.615,0.125,9.2,0
PX006865,499,suspicious_reversal,card,subscription,6,1,2,35,24,144,644.12,0.775,0.857,0.02857,37.06,0
PX006866,19999,bank_timeout,upi,media,10,1,0,9,2,563,26742.02,0.748,0.909,0.11111,47.97,1
PX006867,999,bank_timeout,netbanking,ecommerce,6,2,0,42,13,539,676.88,1.476,0.75,0.04762,34.67,1
PX006868,1499,suspicious_reversal,wallet,education,6,4,2,11,15,706,1552.24,0.966,0.6,0.36364,3.99,0
PX006869,999,insufficient_funds,netbanking,education,3,4,2,6,45,159,837.35,1.193,0.429,0.66667,11.87,1
PX006870,1499,insufficient_funds,upi,media,11,1,1,3,51,472,1014.27,1.478,0.917,0.33333,32.13,1
PX006871,2499,bank_timeout,wallet,saas,6,3,2,14,55,438,3258.01,0.767,0.667,0.21429,46.08,1
PX006872,9999,mandate_expired,card,education,9,1,2,46,5,49,10164.16,0.984,0.9,0.02174,32.85,0
PX006873,1499,mandate_expired,upi,education,10,3,0,16,23,619,1483.75,1.01,0.769,0.1875,21.9,0
PX006874,999,insufficient_funds,wallet,education,9,2,2,3,60,31,817.99,1.221,0.818,0.66667,15.34,0
PX006875,19999,insufficient_funds,netbanking,media,6,2,1,8,25,71,21477.52,0.931,0.75,0.25,9.78,0
PX006876,1999,expired_card,netbanking,saas,10,3,2,29,5,222,1955.55,1.022,0.769,0.10345,31.21,0
PX006877,19999,mandate_expired,netbanking,education,10,0,3,4,15,609,19850.39,1.007,1.0,0.0,41.92,0
PX006878,2499,expired_card,wallet,subscription,3,4,3,45,37,691,1501.83,1.664,0.429,0.08889,6.76,0
PX006879,1999,suspicious_reversal,upi,saas,6,2,3,42,26,23,1790.56,1.116,0.75,0.04762,18.22,0
PX006880,9999,expired_card,wallet,ecommerce,6,2,0,45,35,318,6638.66,1.506,0.75,0.04444,14.83,1
PX006881,4999,bank_timeout,wallet,ecommerce,10,2,2,27,34,427,4243.69,1.178,0.833,0.07407,0.74,1
PX006882,1999,suspicious_reversal,netbanking,subscription,9,1,1,27,14,550,2083.38,0.959,0.9,0.03704,27.61,0
PX006883,4999,insufficient_funds,netbanking,subscription,7,2,2,38,40,183,3478.94,1.437,0.778,0.05263,40.79,1
PX006884,9999,expired_card,netbanking,media,16,1,0,15,33,3,6183.61,1.617,0.941,0.06667,47.31,1
PX006885,9999,bank_timeout,netbanking,media,6,1,3,10,7,640,7047.58,1.419,0.857,0.1,22.39,1
PX006886,499,expired_card,netbanking,media,7,1,1,55,50,103,330.19,1.511,0.875,0.01818,35.93,1
PX006887,4999,suspicious_reversal,upi,media,12,0,3,21,44,88,3139.55,1.592,1.0,0.0,32.88,0
PX006888,1999,mandate_expired,wallet,media,11,3,0,17,8,326,1624.19,1.231,0.786,0.17647,37.73,1
PX006889,1999,bank_timeout,upi,education,10,1,2,25,41,469,2559.43,0.781,0.909,0.04,27.92,1
PX006890,1499,suspicious_reversal,netbanking,subscription,8,2,2,3,58,636,1410.45,1.063,0.8,0.66667,47.27,0
PX006891,9999,expired_card,upi,subscription,11,1,1,8,44,223,12215.34,0.819,0.917,0.125,20.4,1
PX006892,1999,expired_card,upi,education,13,3,1,1,25,666,2495.76,0.801,0.812,3.0,40.97,1
PX006893,9999,expired_card,wallet,media,8,1,1,25,39,343,7118.39,1.405,0.889,0.04,15.72,0
PX006894,9999,mandate_expired,wallet,media,4,0,1,4,7,400,12864.02,0.777,1.0,0.0,46.83,0
PX006895,1499,bank_timeout,wallet,education,9,2,0,17,47,221,1011.1,1.483,0.818,0.11765,29.67,1
PX006896,1499,bank_timeout,wallet,ecommerce,10,4,2,13,56,115,951.37,1.576,0.714,0.30769,8.57,1
PX006897,4999,bank_timeout,upi,education,6,3,2,46,5,354,5454.16,0.917,0.667,0.06522,16.66,1
PX006898,1999,insufficient_funds,card,education,3,2,1,1,6,679,1570.87,1.273,0.6,2.0,40.44,1
PX006899,9999,bank_timeout,upi,ecommerce,10,1,2,4,18,450,13504.05,0.74,0.909,0.25,17.63,1
PX006900,19999,insufficient_funds,netbanking,ecommerce,9,5,1,52,8,338,25293.65,0.791,0.643,0.09615,9.54,1
PX006901,1499,insufficient_funds,wallet,subscription,10,4,2,47,12,332,999.67,1.499,0.714,0.08511,19.91,1
PX006902,1999,bank_timeout,card,saas,8,1,1,31,26,439,1697.61,1.178,0.889,0.03226,11.4,1
PX006903,2499,bank_timeout,netbanking,media,8,0,3,9,40,148,3128.39,0.799,1.0,0.0,18.23,1
PX006904,4999,mandate_expired,card,saas,10,2,1,4,22,239,3614.19,1.383,0.833,0.5,35.6,1
PX006905,4999,expired_card,netbanking,saas,8,2,1,21,43,390,3838.09,1.302,0.8,0.09524,7.04,1
PX006906,1499,suspicious_reversal,upi,saas,8,2,2,36,53,596,1833.62,0.818,0.8,0.05556,10.45,0
PX006907,999,insufficient_funds,netbanking,education,9,3,2,6,7,277,904.5,1.104,0.75,0.5,23.82,1
PX006908,1999,mandate_expired,netbanking,education,7,0,3,31,22,123,2460.28,0.813,1.0,0.0,36.99,0
PX006909,19999,expired_card,upi,ecommerce,9,3,0,13,47,382,16510.22,1.211,0.75,0.23077,9.63,1
PX006910,1499,bank_timeout,wallet,saas,6,2,3,16,21,376,1812.12,0.827,0.75,0.125,41.98,1
PX006911,1499,expired_card,upi,media,8,3,0,5,26,527,1198.94,1.25,0.727,0.6,8.06,0
PX006912,2499,mandate_expired,upi,saas,7,3,1,1,49,299,2110.98,1.184,0.7,3.0,17.93,0
PX006913,999,suspicious_reversal,wallet,media,6,4,0,34,12,558,953.95,1.047,0.6,0.11765,7.73,0
PX006914,19999,mandate_expired,netbanking,education,8,3,2,19,34,388,18004.6,1.111,0.727,0.15789,6.86,0
PX006915,2499,suspicious_reversal,netbanking,saas,5,2,2,56,58,265,2305.33,1.084,0.714,0.03571,25.83,0
PX006916,1999,mandate_expired,wallet,subscription,8,1,1,27,14,200,2532.63,0.789,0.889,0.03704,13.82,1
PX006917,499,expired_card,wallet,ecommerce,6,2,2,50,14,56,625.78,0.797,0.75,0.04,41.1,0
PX006918,499,expired_card,card,education,5,2,2,39,29,689,359.63,1.388,0.714,0.05128,35.16,0
PX006919,999,suspicious_reversal,upi,ecommerce,6,0,1,42,28,429,1019.93,0.979,1.0,0.0,38.0,0
PX006920,19999,suspicious_reversal,wallet,subscription,15,1,1,7,45,246,21717.83,0.921,0.938,0.14286,19.47,0
PX006921,499,expired_card,card,education,3,1,0,50,13,124,633.62,0.788,0.75,0.02,10.25,0
PX006922,499,mandate_expired,wallet,media,8,3,0,5,38,94,500.79,0.996,0.727,0.6,10.12,1
PX006923,999,expired_card,card,subscription,5,3,3,19,15,479,703.4,1.42,0.625,0.15789,44.21,0
PX006924,2499,expired_card,netbanking,subscription,9,1,3,11,22,52,3256.07,0.767,0.9,0.09091,26.97,1
PX006925,4999,suspicious_reversal,wallet,media,10,1,2,19,13,306,4974.72,1.005,0.909,0.05263,41.4,0
PX006926,1999,mandate_expired,card,saas,1,1,1,38,40,398,2008.68,0.995,0.5,0.02632,25.89,1
PX006927,19999,mandate_expired,wallet,education,10,2,3,46,25,68,21635.41,0.924,0.833,0.04348,12.02,0
PX006928,19999,insufficient_funds,netbanking,subscription,5,1,0,22,53,146,22729.91,0.88,0.833,0.04545,43.18,1
PX006929,999,mandate_expired,netbanking,subscription,6,5,3,5,16,507,1122.14,0.89,0.545,1.0,13.39,1
PX006930,1999,mandate_expired,wallet,saas,5,2,0,44,20,282,2381.17,0.84,0.714,0.04545,23.9,0
PX006931,1999,bank_timeout,card,ecommerce,15,1,1,57,28,570,2228.11,0.897,0.938,0.01754,46.75,1
PX006932,999,expired_card,netbanking,ecommerce,12,2,2,17,36,387,1208.97,0.826,0.857,0.11765,2.72,1
PX006933,19999,expired_card,wallet,ecommerce,10,1,2,12,56,28,22766.5,0.878,0.909,0.08333,25.42,0
PX006934,9999,expired_card,card,media,3,1,0,56,14,234,11743.75,0.851,0.75,0.01786,12.05,0
PX006935,2499,insufficient_funds,card,subscription,6,4,3,54,22,367,2109.58,1.185,0.6,0.07407,10.97,1
PX006936,9999,insufficient_funds,wallet,subscription,10,3,0,27,56,228,13476.43,0.742,0.769,0.11111,43.79,1
PX006937,2499,suspicious_reversal,netbanking,saas,4,2,3,59,12,269,2286.94,1.093,0.667,0.0339,4.55,0
PX006938,19999,expired_card,wallet,saas,9,4,0,36,24,595,12807.59,1.561,0.692,0.11111,28.69,0
PX006939,999,suspicious_reversal,netbanking,subscription,9,4,1,37,37,242,721.62,1.384,0.692,0.10811,15.36,0
PX006940,499,expired_card,upi,subscription,6,0,0,43,22,557,360.97,1.382,1.0,0.0,15.89,0
PX006941,2499,suspicious_reversal,wallet,media,4,3,0,5,50,589,2590.07,0.965,0.571,0.6,46.94,0
PX006942,999,insufficient_funds,upi,media,3,5,3,51,32,193,638.66,1.564,0.375,0.09804,20.61,1
PX006943,1499,bank_timeout,wallet,saas,8,2,2,12,11,584,2050.08,0.731,0.8,0.16667,19.61,1
PX006944,1999,insufficient_funds,upi,subscription,8,3,3,9,20,355,1919.73,1.041,0.727,0.33333,35.56,1
PX006945,999,expired_card,wallet,media,5,2,3,36,59,165,981.03,1.018,0.714,0.05556,43.93,1
PX006946,499,suspicious_reversal,card,ecommerce,3,0,0,22,31,261,469.1,1.064,1.0,0.0,36.36,0
PX006947,19999,bank_timeout,card,saas,10,3,2,57,59,478,22037.96,0.907,0.769,0.05263,6.8,0
PX006948,9999,bank_timeout,netbanking,education,7,3,1,13,11,485,10815.32,0.925,0.7,0.23077,0.88,1
PX006949,2499,expired_card,upi,media,10,3,0,57,5,398,2226.19,1.123,0.769,0.05263,34.07,0
PX006950,9999,insufficient_funds,netbanking,subscription,6,1,0,18,32,322,12410.65,0.806,0.857,0.05556,20.9,1
PX006951,2499,bank_timeout,upi,saas,13,2,1,46,47,702,2332.2,1.072,0.867,0.04348,29.22,1
PX006952,999,mandate_expired,card,saas,7,2,1,36,33,140,1035.69,0.965,0.778,0.05556,45.74,1
PX006953,2499,bank_timeout,netbanking,subscription,9,2,2,10,21,64,2291.9,1.09,0.818,0.2,25.19,0
PX006954,9999,mandate_expired,wallet,ecommerce,6,3,0,30,24,526,9419.58,1.062,0.667,0.1,5.88,1
PX006955,499,bank_timeout,upi,ecommerce,12,4,1,29,1,685,635.51,0.785,0.75,0.13793,8.97,1
PX006956,9999,expired_card,netbanking,saas,11,2,2,20,48,223,11914.59,0.839,0.846,0.1,12.68,0
PX006957,4999,bank_timeout,card,education,13,2,2,35,26,643,4547.0,1.099,0.867,0.05714,24.43,1
PX006958,19999,mandate_expired,upi,media,5,1,1,54,33,247,26431.9,0.757,0.833,0.01852,4.42,0
PX006959,2499,bank_timeout,netbanking,subscription,8,4,2,8,3,323,2106.28,1.186,0.667,0.5,12.89,0
PX006960,19999,mandate_expired,wallet,media,8,1,2,9,28,570,12932.53,1.546,0.889,0.11111,45.54,1
PX006961,1999,bank_timeout,netbanking,education,6,3,2,30,54,127,2197.64,0.91,0.667,0.1,4.98,0
PX006962,2499,insufficient_funds,netbanking,subscription,7,0,2,7,50,130,1693.2,1.476,1.0,0.0,41.53,1
PX006963,499,expired_card,card,education,6,3,3,54,13,327,596.13,0.837,0.667,0.05556,19.94,0
PX006964,4999,expired_card,card,subscription,4,5,0,11,47,458,5056.62,0.989,0.444,0.45455,33.15,1
PX006965,1499,suspicious_reversal,card,ecommerce,6,0,2,8,51,82,2007.36,0.747,1.0,0.0,44.41,0
PX006966,4999,suspicious_reversal,wallet,education,9,3,1,48,15,686,3754.48,1.331,0.75,0.0625,20.93,0
PX006967,1999,mandate_expired,netbanking,subscription,8,0,0,15,60,499,1852.44,1.079,1.0,0.0,41.18,1
PX006968,1499,bank_timeout,netbanking,subscription,8,0,0,11,49,644,1084.6,1.382,1.0,0.0,37.73,1
PX006969,1999,insufficient_funds,wallet,media,14,3,3,33,31,140,1876.51,1.065,0.824,0.09091,28.48,0
PX006970,4999,insufficient_funds,upi,media,8,3,2,2,2,545,3498.45,1.429,0.727,1.5,26.52,0
PX006971,1999,bank_timeout,upi,saas,12,3,0,19,15,276,2178.13,0.918,0.8,0.15789,19.74,1
PX006972,2499,suspicious_reversal,wallet,saas,7,1,2,55,29,244,2848.14,0.877,0.875,0.01818,23.25,0
PX006973,1999,insufficient_funds,wallet,media,6,1,1,38,12,661,1865.95,1.071,0.857,0.02632,12.73,1
PX006974,4999,mandate_expired,netbanking,education,13,0,1,2,19,614,6118.46,0.817,1.0,0.0,34.1,1
PX006975,499,suspicious_reversal,card,education,11,2,1,58,46,172,649.67,0.768,0.846,0.03448,28.35,1
PX006976,19999,expired_card,wallet,education,12,2,2,51,22,21,14829.88,1.349,0.857,0.03922,6.51,0
PX006977,499,expired_card,upi,media,8,2,0,52,40,360,304.24,1.64,0.8,0.03846,27.46,1
PX006978,9999,mandate_expired,upi,media,8,1,3,11,18,383,13746.24,0.727,0.889,0.09091,41.63,1
PX006979,999,bank_timeout,upi,ecommerce,6,2,1,22,45,277,610.89,1.635,0.75,0.09091,36.66,1
PX006980,4999,bank_timeout,wallet,subscription,7,2,0,41,34,244,3124.08,1.6,0.778,0.04878,35.29,1
PX006981,2499,bank_timeout,card,education,13,4,2,42,22,63,2627.67,0.951,0.765,0.09524,14.99,1
PX006982,19999,insufficient_funds,wallet,education,10,0,3,52,25,474,24891.02,0.803,1.0,0.0,23.51,1
PX006983,499,expired_card,wallet,subscription,11,3,3,47,44,82,491.25,1.016,0.786,0.06383,46.38,0
PX006984,9999,mandate_expired,wallet,ecommerce,4,3,3,26,42,643,13114.39,0.762,0.571,0.11538,10.92,0
PX006985,2499,mandate_expired,netbanking,education,8,1,0,43,45,674,2939.35,0.85,0.889,0.02326,22.34,0
PX006986,1499,suspicious_reversal,wallet,media,4,3,3,14,10,299,1629.76,0.92,0.571,0.21429,0.74,0
PX006987,19999,mandate_expired,netbanking,subscription,8,3,2,50,17,432,16464.9,1.215,0.727,0.06,45.37,1
PX006988,1999,suspicious_reversal,netbanking,saas,7,2,0,13,13,596,1277.64,1.565,0.778,0.15385,26.76,0
PX006989,4999,expired_card,wallet,media,4,1,3,18,35,121,6341.74,0.788,0.8,0.05556,20.65,1
PX006990,1999,bank_timeout,netbanking,education,14,1,0,25,37,366,1895.21,1.055,0.933,0.04,38.23,1
PX006991,19999,insufficient_funds,upi,ecommerce,3,2,1,31,37,415,24060.8,0.831,0.6,0.06452,9.84,0
PX006992,999,bank_timeout,upi,saas,11,2,3,56,23,123,1062.67,0.94,0.846,0.03571,10.84,1
PX006993,4999,bank_timeout,wallet,ecommerce,6,3,2,35,22,594,5220.54,0.958,0.667,0.08571,13.41,1
PX006994,19999,insufficient_funds,netbanking,media,8,2,3,15,20,144,18625.08,1.074,0.8,0.13333,20.53,0
PX006995,2499,insufficient_funds,card,ecommerce,14,3,1,7,35,414,2989.99,0.836,0.824,0.42857,40.19,1
PX006996,2499,mandate_expired,upi,education,6,1,3,17,9,686,3361.46,0.743,0.857,0.05882,9.21,1
PX006997,4999,bank_timeout,netbanking,ecommerce,6,2,0,54,42,133,4351.2,1.149,0.75,0.03704,41.47,1
PX006998,1999,suspicious_reversal,card,saas,5,1,0,14,25,317,1799.02,1.111,0.833,0.07143,22.71,0
PX006999,19999,expired_card,upi,subscription,10,2,1,56,41,191,18161.46,1.101,0.833,0.03571,33.82,0
PX007000,1999,bank_timeout,netbanking,saas,11,1,2,3,5,580,1348.29,1.483,0.917,0.33333,6.96,1
PX007001,9999,mandate_expired,wallet,ecommerce,9,2,0,50,11,655,6768.02,1.477,0.818,0.04,41.94,1
PX007002,4999,expired_card,netbanking,education,13,2,2,30,40,209,5518.49,0.906,0.867,0.06667,35.34,0
PX007003,19999,suspicious_reversal,netbanking,education,13,0,3,8,15,439,18765.72,1.066,1.0,0.0,43.54,0
PX007004,2499,bank_timeout,card,education,6,2,2,42,27,370,1995.83,1.252,0.75,0.04762,27.71,0
PX007005,1999,mandate_expired,card,subscription,6,1,1,34,7,624,2073.31,0.964,0.857,0.02941,33.5,0
PX007006,2499,expired_card,wallet,media,5,3,3,19,34,229,2399.59,1.041,0.625,0.15789,19.65,0
PX007007,1999,expired_card,upi,education,9,4,3,16,12,585,2444.4,0.818,0.692,0.25,33.01,1
PX007008,1499,bank_timeout,wallet,ecommerce,11,4,1,37,49,697,908.06,1.651,0.733,0.10811,34.34,1
PX007009,1499,expired_card,card,saas,6,4,0,42,21,352,1425.8,1.051,0.6,0.09524,6.27,1
PX007010,9999,suspicious_reversal,upi,saas,6,1,1,35,5,291,7076.71,1.413,0.857,0.02857,34.94,0
PX007011,9999,insufficient_funds,netbanking,media,14,1,1,15,6,198,9399.92,1.064,0.933,0.06667,13.08,1
PX007012,1999,suspicious_reversal,netbanking,education,4,5,3,14,47,291,1990.72,1.004,0.444,0.35714,34.57,0
PX007013,2499,expired_card,netbanking,media,10,2,0,44,47,128,1578.93,1.583,0.833,0.04545,17.02,0
PX007014,999,suspicious_reversal,card,media,7,2,3,55,47,179,989.22,1.01,0.778,0.03636,14.03,0
PX007015,999,suspicious_reversal,wallet,subscription,2,2,2,45,5,210,1395.09,0.716,0.5,0.04444,29.01,0
PX007016,19999,suspicious_reversal,upi,media,11,1,3,4,30,308,22992.83,0.87,0.917,0.25,23.06,0
PX007017,1499,suspicious_reversal,upi,ecommerce,6,1,3,24,22,661,1539.19,0.974,0.857,0.04167,17.98,0
PX007018,4999,mandate_expired,netbanking,saas,5,3,3,30,13,629,3429.5,1.458,0.625,0.1,20.78,0
PX007019,499,insufficient_funds,wallet,saas,9,0,3,16,31,39,393.2,1.269,1.0,0.0,37.51,0
PX007020,499,bank_timeout,card,education,7,2,0,38,38,72,621.91,0.802,0.778,0.05263,12.04,1
PX007021,2499,expired_card,wallet,media,7,3,1,49,36,515,2816.79,0.887,0.7,0.06122,31.54,1
PX007022,4999,insufficient_funds,upi,saas,11,3,1,14,49,600,3755.49,1.331,0.786,0.21429,3.47,1
PX007023,2499,insufficient_funds,netbanking,ecommerce,8,2,3,43,35,659,3191.09,0.783,0.8,0.04651,13.8,1
PX007024,2499,insufficient_funds,upi,education,8,1,3,24,14,50,2752.27,0.908,0.889,0.04167,2.17,0
PX007025,1999,mandate_expired,card,saas,5,0,1,60,9,117,1793.47,1.115,1.0,0.0,42.34,1
PX007026,1999,suspicious_reversal,upi,saas,4,1,2,30,6,188,2749.98,0.727,0.8,0.03333,7.46,1
PX007027,19999,suspicious_reversal,wallet,saas,6,2,2,20,19,267,23906.14,0.837,0.75,0.1,10.53,0
PX007028,19999,insufficient_funds,card,education,15,6,1,34,57,278,21504.24,0.93,0.714,0.17647,12.44,1
PX007029,19999,mandate_expired,upi,media,6,1,2,17,46,497,14052.15,1.423,0.857,0.05882,23.96,1
PX007030,1499,bank_timeout,upi,education,8,3,1,30,44,234,1352.81,1.108,0.727,0.1,40.06,1
PX007031,499,suspicious_reversal,card,media,9,4,3,32,9,394,447.88,1.114,0.692,0.125,17.09,0
PX007032,9999,expired_card,netbanking,subscription,10,1,1,7,43,88,12089.62,0.827,0.909,0.14286,31.47,1
PX007033,1499,mandate_expired,wallet,ecommerce,9,0,3,6,59,60,943.55,1.589,1.0,0.0,1.66,0
PX007034,4999,expired_card,upi,saas,12,2,3,49,51,312,6988.29,0.715,0.857,0.04082,27.06,1
PX007035,4999,expired_card,upi,saas,11,2,0,6,16,296,5142.71,0.972,0.846,0.33333,45.25,0
PX007036,999,insufficient_funds,netbanking,saas,3,1,1,35,10,665,788.01,1.268,0.75,0.02857,35.41,1
PX007037,4999,expired_card,wallet,subscription,6,1,0,50,38,347,4723.4,1.058,0.857,0.02,28.39,0
PX007038,2499,insufficient_funds,wallet,saas,7,0,3,30,36,440,1850.64,1.35,1.0,0.0,24.74,0
PX007039,999,expired_card,card,subscription,17,1,3,40,52,633,806.76,1.238,0.944,0.025,31.41,0
PX007040,4999,mandate_expired,upi,ecommerce,6,0,3,22,45,527,5032.28,0.993,1.0,0.0,30.11,0
PX007041,4999,suspicious_reversal,card,ecommerce,14,1,1,45,14,419,6494.66,0.77,0.933,0.02222,22.05,1
PX007042,4999,insufficient_funds,card,subscription,3,0,3,35,36,349,5869.05,0.852,1.0,0.0,5.86,1
PX007043,499,expired_card,card,subscription,9,2,3,13,10,558,582.31,0.857,0.818,0.15385,13.15,1
PX007044,499,expired_card,upi,education,8,0,0,10,9,321,619.75,0.805,1.0,0.0,26.54,1
PX007045,4999,bank_timeout,netbanking,saas,7,2,3,43,8,293,4712.13,1.061,0.778,0.04651,25.2,1
PX007046,999,mandate_expired,upi,media,10,3,3,16,33,553,1273.83,0.784,0.769,0.1875,27.8,0
PX007047,499,suspicious_reversal,wallet,media,9,2,0,30,9,554,526.91,0.947,0.818,0.06667,31.58,1
PX007048,9999,mandate_expired,netbanking,education,9,1,0,25,45,196,9089.8,1.1,0.9,0.04,32.78,1
PX007049,1499,suspicious_reversal,wallet,saas,4,2,0,45,5,703,1990.1,0.753,0.667,0.04444,42.81,0
PX007050,2499,insufficient_funds,netbanking,saas,9,1,0,20,21,259,3010.69,0.83,0.9,0.05,8.85,1
PX007051,19999,mandate_expired,upi,education,8,1,3,30,24,655,26804.7,0.746,0.889,0.03333,41.24,1
PX007052,1499,insufficient_funds,upi,education,10,2,2,14,6,213,1319.83,1.136,0.833,0.14286,26.81,0
PX007053,4999,insufficient_funds,upi,education,13,4,3,36,53,642,4667.29,1.071,0.765,0.11111,28.11,0
PX007054,1999,bank_timeout,upi,subscription,9,1,2,60,49,230,1968.13,1.016,0.9,0.01667,11.47,1
PX007055,2499,mandate_expired,upi,saas,12,3,1,13,52,518,2718.06,0.919,0.8,0.23077,14.93,0
PX007056,999,bank_timeout,card,media,6,3,2,4,3,46,1231.84,0.811,0.667,0.75,21.81,1
PX007057,2499,expired_card,upi,media,7,0,0,24,4,233,2704.73,0.924,1.0,0.0,6.91,1
PX007058,19999,suspicious_reversal,upi,education,7,1,3,50,38,403,26141.73,0.765,0.875,0.02,29.29,0
PX007059,499,insufficient_funds,netbanking,saas,8,0,1,27,42,350,651.74,0.766,1.0,0.0,25.94,1
PX007060,1999,expired_card,wallet,ecommerce,10,0,0,13,7,290,1458.07,1.371,1.0,0.0,20.57,1
PX007061,19999,expired_card,upi,subscription,9,4,2,40,19,92,14782.13,1.353,0.692,0.1,5.04,0
PX007062,4999,insufficient_funds,netbanking,education,10,4,1,23,5,391,4448.21,1.124,0.714,0.17391,25.62,0
PX007063,1499,expired_card,card,subscription,5,1,0,14,3,729,1442.66,1.039,0.833,0.07143,21.88,0
PX007064,499,bank_timeout,card,ecommerce,7,0,2,4,43,128,396.89,1.257,1.0,0.0,41.42,1
PX007065,9999,mandate_expired,netbanking,subscription,6,3,1,48,32,146,6096.84,1.64,0.667,0.0625,23.58,1
PX007066,1999,insufficient_funds,upi,saas,8,2,3,21,41,359,1245.35,1.605,0.8,0.09524,28.7,0
PX007067,19999,mandate_expired,card,saas,12,2,0,57,38,293,16137.32,1.239,0.857,0.03509,21.5,1
PX007068,1999,expired_card,upi,subscription,9,3,2,35,23,484,1255.91,1.592,0.75,0.08571,16.41,0
PX007069,4999,insufficient_funds,netbanking,media,10,1,3,48,18,347,6523.4,0.766,0.909,0.02083,34.23,1
PX007070,999,mandate_expired,netbanking,ecommerce,3,5,1,41,50,527,786.49,1.27,0.375,0.12195,2.4,1
PX007071,999,mandate_expired,netbanking,education,8,1,3,31,47,710,1137.03,0.879,0.889,0.03226,18.08,1
PX007072,999,suspicious_reversal,netbanking,saas,6,4,0,12,16,308,1240.37,0.805,0.6,0.33333,8.65,0
PX007073,2499,insufficient_funds,netbanking,subscription,9,2,3,16,19,238,2721.93,0.918,0.818,0.125,15.02,0
PX007074,1999,bank_timeout,wallet,subscription,9,4,1,13,2,392,1610.64,1.241,0.692,0.30769,12.93,1
PX007075,999,bank_timeout,wallet,education,9,3,0,31,38,657,752.56,1.327,0.75,0.09677,29.33,1
PX007076,499,mandate_expired,upi,saas,6,0,2,48,59,83,373.55,1.336,1.0,0.0,25.76,0
PX007077,1999,mandate_expired,wallet,ecommerce,13,1,2,42,1,441,2586.31,0.773,0.929,0.02381,3.1,1
PX007078,9999,expired_card,netbanking,education,9,1,1,22,21,291,6590.29,1.517,0.9,0.04545,40.02,1
PX007079,1999,mandate_expired,netbanking,ecommerce,8,3,3,59,34,669,2704.83,0.739,0.727,0.05085,47.18,0
PX007080,2499,bank_timeout,wallet,subscription,7,0,2,51,12,182,2609.74,0.958,1.0,0.0,7.77,1
PX007081,4999,mandate_expired,upi,ecommerce,2,3,1,5,57,278,3336.52,1.498,0.4,0.6,46.04,0
PX007082,999,mandate_expired,card,ecommerce,6,1,0,28,38,432,1157.84,0.863,0.857,0.03571,19.48,1
PX007083,9999,suspicious_reversal,upi,education,7,0,1,9,11,82,11654.15,0.858,1.0,0.0,40.77,0
PX007084,19999,mandate_expired,upi,subscription,14,1,3,8,41,22,16370.84,1.222,0.933,0.125,29.12,0
PX007085,4999,bank_timeout,card,ecommerce,9,2,1,26,6,357,3423.11,1.46,0.818,0.07692,21.63,1
PX007086,4999,expired_card,upi,saas,11,3,3,23,6,222,6772.75,0.738,0.786,0.13043,47.21,1
PX007087,4999,mandate_expired,wallet,subscription,8,1,1,59,6,563,6043.46,0.827,0.889,0.01695,40.58,1
PX007088,1499,suspicious_reversal,card,media,6,1,3,34,5,326,1735.29,0.864,0.857,0.02941,11.18,0
PX007089,2499,insufficient_funds,card,saas,10,2,1,49,38,464,1617.46,1.545,0.833,0.04082,43.06,1
PX007090,9999,mandate_expired,card,saas,11,1,2,20,52,125,13596.63,0.735,0.917,0.05,43.36,0
PX007091,1999,insufficient_funds,wallet,education,4,3,1,55,60,681,1906.39,1.049,0.571,0.05455,3.42,1
PX007092,499,mandate_expired,upi,education,3,3,0,33,11,677,687.28,0.726,0.5,0.09091,15.02,0
PX007093,1999,bank_timeout,wallet,media,5,2,1,44,54,339,1587.14,1.26,0.714,0.04545,15.23,1
PX007094,499,suspicious_reversal,netbanking,ecommerce,8,1,1,26,53,244,542.07,0.921,0.889,0.03846,39.23,1
PX007095,1499,insufficient_funds,netbanking,subscription,11,0,2,14,45,664,1960.84,0.764,1.0,0.0,24.82,1
PX007096,4999,mandate_expired,card,education,4,0,1,39,48,581,4129.09,1.211,1.0,0.0,45.14,1
PX007097,19999,bank_timeout,upi,education,9,3,0,8,1,678,26287.76,0.761,0.75,0.375,26.64,1
PX007098,19999,mandate_expired,upi,subscription,9,2,1,45,25,645,27035.33,0.74,0.818,0.04444,11.1,0
PX007099,2499,expired_card,wallet,media,11,2,2,29,46,63,2337.39,1.069,0.846,0.06897,24.75,0
PX007100,499,expired_card,upi,subscription,12,2,1,17,47,380,624.09,0.8,0.857,0.11765,36.76,1
PX007101,1499,insufficient_funds,upi,ecommerce,7,0,2,40,10,609,1502.18,0.998,1.0,0.0,20.16,1
PX007102,1999,bank_timeout,wallet,education,8,3,1,5,36,53,1711.58,1.168,0.727,0.6,47.47,1
PX007103,1499,expired_card,card,saas,3,3,2,29,36,641,1285.2,1.166,0.5,0.10345,8.11,0
PX007104,999,bank_timeout,netbanking,media,5,5,2,4,31,403,1031.87,0.968,0.5,1.25,38.03,0
PX007105,999,expired_card,wallet,subscription,6,2,0,8,6,106,715.99,1.395,0.75,0.25,16.34,0
PX007106,2499,insufficient_funds,card,subscription,10,3,1,33,15,497,2647.57,0.944,0.769,0.09091,5.54,1
PX007107,2499,mandate_expired,upi,subscription,11,1,3,54,1,170,2358.25,1.06,0.917,0.01852,17.13,0
PX007108,1999,mandate_expired,netbanking,education,11,2,1,2,10,621,2585.73,0.773,0.846,1.0,19.21,1
PX007109,1999,bank_timeout,netbanking,media,6,2,1,53,39,132,1218.32,1.641,0.75,0.03774,8.14,1
PX007110,2499,bank_timeout,upi,media,8,3,1,43,43,329,1836.85,1.36,0.727,0.06977,20.92,1
PX007111,9999,bank_timeout,wallet,education,8,2,0,55,8,713,10424.84,0.959,0.8,0.03636,9.54,1
PX007112,1499,suspicious_reversal,wallet,saas,5,0,3,22,15,191,2092.37,0.716,1.0,0.0,18.53,0
PX007113,19999,suspicious_reversal,netbanking,education,9,2,0,52,33,7,14338.13,1.395,0.818,0.03846,47.02,0
PX007114,499,expired_card,netbanking,subscription,6,1,3,36,26,91,378.12,1.32,0.857,0.02778,32.64,0
PX007115,1499,insufficient_funds,wallet,media,11,2,0,34,7,204,1657.55,0.904,0.846,0.05882,1.6,1
PX007116,2499,expired_card,wallet,media,6,1,1,16,19,494,2454.81,1.018,0.857,0.0625,15.81,1
PX007117,4999,expired_card,upi,education,6,3,1,51,39,317,4261.12,1.173,0.667,0.05882,35.93,1
PX007118,4999,suspicious_reversal,upi,saas,9,3,2,26,12,436,4965.73,1.007,0.75,0.11538,40.4,0
PX007119,9999,bank_timeout,card,subscription,7,5,0,41,22,137,7690.87,1.3,0.583,0.12195,39.23,1
PX007120,2499,mandate_expired,upi,ecommerce,8,0,1,53,6,234,2316.23,1.079,1.0,0.0,43.31,0
PX007121,499,suspicious_reversal,card,media,8,3,1,5,43,373,390.66,1.277,0.727,0.6,1.58,0
PX007122,19999,mandate_expired,wallet,saas,9,0,1,47,1,111,25528.28,0.783,1.0,0.0,47.21,0
PX007123,4999,suspicious_reversal,card,education,7,4,2,55,12,93,3757.7,1.33,0.636,0.07273,7.65,0
PX007124,1999,expired_card,wallet,ecommerce,5,1,3,55,27,702,1833.91,1.09,0.833,0.01818,15.46,1
PX007125,1499,mandate_expired,upi,media,2,2,1,54,40,600,1272.2,1.178,0.5,0.03704,47.67,1
PX007126,9999,bank_timeout,upi,saas,13,3,0,12,50,440,7035.26,1.421,0.812,0.25,28.19,1
PX007127,4999,expired_card,card,ecommerce,10,2,0,39,57,255,6493.73,0.77,0.833,0.05128,37.01,1
PX007128,9999,expired_card,wallet,saas,5,0,2,6,60,64,13189.67,0.758,1.0,0.0,2.03,0
PX007129,1999,insufficient_funds,card,subscription,6,1,3,36,9,403,2502.69,0.799,0.857,0.02778,16.34,0
PX007130,1499,expired_card,netbanking,subscription,8,2,1,49,51,462,1630.17,0.92,0.8,0.04082,42.18,1
PX007131,1999,expired_card,netbanking,subscription,10,3,1,29,21,484,1379.08,1.45,0.769,0.10345,18.37,0
PX007132,499,mandate_expired,netbanking,media,7,5,1,9,19,456,697.79,0.715,0.583,0.55556,16.44,1
PX007133,1999,suspicious_reversal,wallet,education,7,2,2,50,43,622,1327.57,1.506,0.778,0.04,28.16,0
PX007134,499,mandate_expired,netbanking,ecommerce,8,1,1,17,20,455,619.35,0.806,0.889,0.05882,24.92,0
PX007135,999,expired_card,card,subscription,7,2,3,44,57,571,941.74,1.061,0.778,0.04545,34.58,1
PX007136,1999,bank_timeout,wallet,media,9,3,1,15,8,48,1714.05,1.166,0.75,0.2,47.44,0
PX007137,4999,bank_timeout,wallet,subscription,10,0,0,19,13,649,6367.21,0.785,1.0,0.0,31.07,1
PX007138,1499,mandate_expired,upi,ecommerce,4,0,2,24,28,227,1647.96,0.91,1.0,0.0,8.49,1
PX007139,1999,mandate_expired,card,media,11,0,0,14,4,57,2113.11,0.946,1.0,0.0,31.02,1
PX007140,2499,insufficient_funds,netbanking,ecommerce,6,1,2,38,49,265,1804.33,1.385,0.857,0.02632,20.95,1
PX007141,1499,bank_timeout,wallet,media,7,2,3,26,5,352,1824.34,0.822,0.778,0.07692,6.54,1
PX007142,19999,suspicious_reversal,wallet,saas,8,1,1,40,23,608,25107.59,0.797,0.889,0.025,23.67,0
PX007143,1999,suspicious_reversal,netbanking,ecommerce,9,5,0,27,24,650,1892.3,1.056,0.643,0.18519,11.91,0
PX007144,1999,suspicious_reversal,upi,saas,12,2,3,34,2,220,1558.32,1.283,0.857,0.05882,8.71,0
PX007145,4999,insufficient_funds,upi,saas,10,2,3,54,3,634,3374.02,1.482,0.833,0.03704,5.14,1
PX007146,19999,bank_timeout,wallet,ecommerce,9,2,3,6,18,351,14314.06,1.397,0.818,0.33333,31.14,1
PX007147,1499,expired_card,card,education,9,3,0,26,5,15,1143.63,1.311,0.75,0.11538,28.37,0
PX007148,4999,mandate_expired,upi,ecommerce,14,4,0,15,29,620,5384.54,0.928,0.778,0.26667,31.43,1
PX007149,499,suspicious_reversal,netbanking,subscription,10,1,0,1,27,545,304.39,1.639,0.909,1.0,5.87,1
PX007150,4999,suspicious_reversal,card,ecommerce,8,3,1,30,20,141,5244.02,0.953,0.727,0.1,35.26,1
PX007151,999,suspicious_reversal,wallet,media,7,2,0,34,47,641,1255.89,0.795,0.778,0.05882,39.4,0
PX007152,9999,suspicious_reversal,upi,education,7,3,3,1,13,680,11379.15,0.879,0.7,3.0,4.02,0
PX007153,999,expired_card,upi,subscription,8,3,1,18,53,690,1138.81,0.877,0.727,0.16667,32.56,1
PX007154,1999,mandate_expired,upi,media,3,2,0,26,24,84,1976.92,1.011,0.6,0.07692,35.57,0
PX007155,4999,expired_card,upi,media,12,0,1,42,34,178,3521.91,1.419,1.0,0.0,10.44,1
PX007156,2499,suspicious_reversal,wallet,media,12,3,0,8,49,595,3258.58,0.767,0.8,0.375,44.02,0
PX007157,9999,expired_card,card,subscription,3,1,3,12,42,41,6518.53,1.534,0.75,0.08333,41.89,0
PX007158,2499,bank_timeout,upi,saas,14,2,3,15,48,79,3487.61,0.717,0.875,0.13333,4.35,1
PX007159,1999,insufficient_funds,card,ecommerce,8,2,2,10,43,593,1788.89,1.117,0.8,0.2,33.1,1
PX007160,1999,bank_timeout,netbanking,ecommerce,9,4,0,29,5,345,2143.08,0.933,0.692,0.13793,36.17,1
PX007161,1999,expired_card,upi,subscription,11,2,2,28,58,308,2085.78,0.958,0.846,0.07143,0.71,0
PX007162,2499,expired_card,netbanking,subscription,11,1,2,30,44,179,3086.42,0.81,0.917,0.03333,44.29,0
PX007163,1499,bank_timeout,upi,saas,8,2,0,37,45,6,1546.33,0.969,0.8,0.05405,34.37,1
PX007164,1999,insufficient_funds,upi,media,9,3,0,40,6,165,2653.57,0.753,0.75,0.075,31.1,0
PX007165,4999,expired_card,netbanking,media,16,1,2,5,44,454,3754.79,1.331,0.941,0.2,3.75,0
PX007166,1999,bank_timeout,upi,ecommerce,9,1,0,10,54,261,1442.71,1.386,0.9,0.1,42.58,1
PX007167,2499,mandate_expired,card,education,8,4,3,25,42,404,3311.84,0.755,0.667,0.16,3.6,0
PX007168,2499,insufficient_funds,upi,media,5,1,1,27,46,158,3239.58,0.771,0.833,0.03704,8.76,1
PX007169,19999,suspicious_reversal,wallet,saas,9,4,2,57,45,224,16190.44,1.235,0.692,0.07018,20.45,0
PX007170,1999,expired_card,wallet,ecommerce,6,0,0,52,26,495,1725.61,1.158,1.0,0.0,32.3,0
PX007171,1499,insufficient_funds,upi,education,8,0,2,38,30,380,1068.84,1.402,1.0,0.0,13.5,1
PX007172,2499,expired_card,netbanking,subscription,8,1,1,11,47,253,2163.23,1.155,0.889,0.09091,23.03,1
PX007173,2499,bank_timeout,netbanking,saas,2,2,2,34,38,155,3185.94,0.784,0.5,0.05882,29.38,1
PX007174,19999,mandate_expired,card,subscription,9,1,3,52,2,504,18506.55,1.081,0.9,0.01923,30.4,0
PX007175,1499,suspicious_reversal,upi,subscription,6,3,1,31,44,15,1662.57,0.902,0.667,0.09677,11.85,0
PX007176,2499,expired_card,card,saas,4,4,0,25,41,127,2743.28,0.911,0.5,0.16,16.01,1
PX007177,4999,bank_timeout,upi,saas,7,6,1,26,57,287,6035.23,0.828,0.538,0.23077,25.26,1
PX007178,1999,suspicious_reversal,card,ecommerce,7,3,2,39,54,399,2062.14,0.969,0.7,0.07692,31.86,0
PX007179,2499,bank_timeout,card,ecommerce,7,2,2,43,54,207,2711.01,0.922,0.778,0.04651,39.64,1
PX007180,1999,mandate_expired,upi,education,8,0,3,46,57,229,1635.12,1.223,1.0,0.0,41.0,0
PX007181,2499,mandate_expired,wallet,subscription,12,2,3,51,25,253,2189.59,1.141,0.857,0.03922,10.0,1
PX007182,19999,mandate_expired,netbanking,education,10,3,0,35,19,10,21067.52,0.949,0.769,0.08571,19.34,0
PX007183,9999,expired_card,card,subscription,9,2,0,20,49,343,10138.76,0.986,0.818,0.1,17.08,0
PX007184,1999,insufficient_funds,card,ecommerce,7,3,2,40,22,7,1402.12,1.426,0.7,0.075,13.88,0
PX007185,9999,expired_card,upi,subscription,10,7,3,19,46,549,9456.84,1.057,0.588,0.36842,45.44,0
PX007186,499,bank_timeout,wallet,media,10,1,3,33,54,188,580.92,0.859,0.909,0.0303,27.1,1
PX007187,1999,insufficient_funds,wallet,saas,12,1,0,51,48,357,1252.5,1.596,0.923,0.01961,7.26,0
PX007188,19999,insufficient_funds,netbanking,ecommerce,7,1,3,16,32,214,12029.56,1.662,0.875,0.0625,46.78,1
PX007189,19999,bank_timeout,upi,saas,7,5,0,50,33,98,17749.55,1.127,0.583,0.1,29.3,1
PX007190,1999,mandate_expired,upi,subscription,8,0,3,15,59,328,2301.22,0.869,1.0,0.0,31.92,1
PX007191,9999,bank_timeout,card,media,12,0,3,5,27,201,10953.96,0.913,1.0,0.0,7.08,1
PX007192,2499,bank_timeout,upi,education,10,2,3,34,3,581,2318.69,1.078,0.833,0.05882,27.0,1
PX007193,999,suspicious_reversal,netbanking,ecommerce,7,0,2,34,55,667,660.06,1.514,1.0,0.0,46.46,0
PX007194,2499,insufficient_funds,wallet,subscription,13,2,3,45,33,228,2169.63,1.152,0.867,0.04444,40.42,1
PX007195,19999,insufficient_funds,card,subscription,11,1,0,7,45,277,12937.12,1.546,0.917,0.14286,8.7,1
PX007196,4999,expired_card,wallet,subscription,8,0,0,31,9,165,6797.52,0.735,1.0,0.0,10.96,1
PX007197,4999,bank_timeout,wallet,education,6,1,2,1,38,460,3655.05,1.368,0.857,1.0,37.77,1
PX007198,4999,bank_timeout,card,education,8,1,3,55,13,526,5071.4,0.986,0.889,0.01818,47.26,1
PX007199,9999,mandate_expired,card,saas,3,1,0,13,7,500,12116.01,0.825,0.75,0.07692,17.38,0
PX007200,999,suspicious_reversal,wallet,saas,14,1,3,46,36,633,1303.53,0.766,0.933,0.02174,13.08,0
PX007201,9999,suspicious_reversal,upi,subscription,13,1,2,30,22,481,11045.41,0.905,0.929,0.03333,0.56,0
PX007202,4999,insufficient_funds,netbanking,media,12,1,1,31,4,477,6855.46,0.729,0.923,0.03226,26.85,1
PX007203,499,expired_card,netbanking,saas,6,1,0,7,40,286,636.26,0.784,0.857,0.14286,43.42,0
PX007204,19999,suspicious_reversal,wallet,media,5,1,2,17,38,269,21808.19,0.917,0.833,0.05882,5.15,0
PX007205,1499,suspicious_reversal,card,ecommerce,7,0,0,56,16,623,1025.02,1.462,1.0,0.0,47.33,1
PX007206,4999,mandate_expired,wallet,education,8,4,1,1,13,17,4553.06,1.098,0.667,4.0,13.74,1
PX007207,499,bank_timeout,wallet,education,6,1,1,57,31,541,390.74,1.277,0.857,0.01754,12.69,1
PX007208,499,suspicious_reversal,wallet,ecommerce,11,2,3,23,39,477,401.27,1.244,0.846,0.08696,27.16,0
PX007209,1999,mandate_expired,netbanking,saas,8,1,2,44,46,96,2288.24,0.874,0.889,0.02273,6.64,1
PX007210,19999,insufficient_funds,card,media,5,2,0,48,27,66,22393.71,0.893,0.714,0.04167,25.08,1
PX007211,19999,expired_card,wallet,saas,7,0,1,12,22,462,13116.67,1.525,1.0,0.0,29.04,0
PX007212,1499,bank_timeout,netbanking,ecommerce,8,4,2,34,1,157,1949.26,0.769,0.667,0.11765,42.11,0
PX007213,2499,bank_timeout,netbanking,media,7,0,3,59,34,469,2566.6,0.974,1.0,0.0,8.97,0
PX007214,9999,expired_card,upi,media,4,4,0,29,58,407,11263.76,0.888,0.5,0.13793,43.26,1
PX007215,19999,expired_card,upi,education,7,0,3,12,35,712,27942.0,0.716,1.0,0.0,37.72,0
PX007216,19999,suspicious_reversal,wallet,education,10,1,0,36,15,14,25267.34,0.791,0.909,0.02778,24.35,1
PX007217,1499,mandate_expired,upi,education,14,1,2,22,41,385,1544.42,0.971,0.933,0.04545,37.16,0
PX007218,9999,insufficient_funds,netbanking,education,7,5,3,40,46,671,7756.53,1.289,0.583,0.125,25.12,0
PX007219,2499,bank_timeout,card,ecommerce,9,2,1,19,12,351,1867.32,1.338,0.818,0.10526,24.56,1
PX007220,1499,expired_card,wallet,media,7,1,2,52,1,51,1738.54,0.862,0.875,0.01923,36.84,0
PX007221,2499,mandate_expired,wallet,education,9,2,3,23,35,30,2347.45,1.065,0.818,0.08696,4.94,1
PX007222,2499,insufficient_funds,netbanking,subscription,14,3,0,27,33,130,2779.13,0.899,0.824,0.11111,3.23,1
PX007223,2499,mandate_expired,upi,ecommerce,8,2,3,22,14,124,1562.1,1.6,0.8,0.09091,29.05,0
PX007224,1999,expired_card,upi,ecommerce,7,1,2,39,10,219,1717.14,1.164,0.875,0.02564,26.22,0
PX007225,9999,suspicious_reversal,card,media,10,1,1,18,33,592,6494.34,1.54,0.909,0.05556,24.12,0
PX007226,999,mandate_expired,wallet,media,3,2,2,26,18,227,1088.74,0.918,0.6,0.07692,41.32,0
PX007227,1499,suspicious_reversal,wallet,ecommerce,6,2,1,28,12,708,1523.41,0.984,0.75,0.07143,10.61,1
PX007228,999,suspicious_reversal,upi,subscription,7,1,3,16,42,676,962.31,1.038,0.875,0.0625,5.94,0
PX007229,19999,mandate_expired,netbanking,media,10,1,3,16,39,379,23797.45,0.84,0.909,0.0625,41.65,0
PX007230,1499,bank_timeout,card,education,8,1,1,52,52,488,1377.85,1.088,0.889,0.01923,6.67,1
PX007231,1499,bank_timeout,upi,education,8,1,1,48,58,622,1381.18,1.085,0.889,0.02083,2.99,1
PX007232,499,bank_timeout,card,saas,15,1,2,49,44,722,542.93,0.919,0.938,0.02041,4.29,1
PX007233,999,suspicious_reversal,upi,subscription,11,2,1,38,12,596,1175.04,0.85,0.846,0.05263,28.51,0
PX007234,4999,bank_timeout,card,education,12,1,1,43,23,74,4361.95,1.146,0.923,0.02326,32.64,1
PX007235,1499,bank_timeout,card,education,15,3,2,22,3,316,918.45,1.632,0.833,0.13636,27.05,0
PX007236,2499,suspicious_reversal,netbanking,ecommerce,5,0,2,24,7,581,2449.24,1.02,1.0,0.0,2.35,0
PX007237,1499,insufficient_funds,upi,education,6,3,0,12,40,117,1793.15,0.836,0.667,0.25,8.9,1
PX007238,19999,insufficient_funds,card,education,7,3,3,12,48,709,26326.23,0.76,0.7,0.25,13.15,0
PX007239,499,suspicious_reversal,card,media,7,0,1,40,27,421,681.2,0.733,1.0,0.0,16.3,0
PX007240,2499,bank_timeout,card,media,3,2,1,2,24,700,2545.25,0.982,0.6,1.0,32.26,1
PX007241,2499,bank_timeout,wallet,ecommerce,9,1,3,12,26,659,3195.55,0.782,0.9,0.08333,36.11,0
PX007242,2499,bank_timeout,upi,subscription,4,2,1,13,8,328,2473.12,1.01,0.667,0.15385,31.92,1
PX007243,1499,suspicious_reversal,netbanking,education,10,3,1,41,21,643,1968.23,0.762,0.769,0.07317,40.79,0
PX007244,2499,suspicious_reversal,wallet,education,17,2,1,6,31,726,3438.25,0.727,0.895,0.33333,15.0,0
PX007245,9999,mandate_expired,card,subscription,16,1,3,19,39,528,7568.05,1.321,0.941,0.05263,47.46,0
PX007246,4999,bank_timeout,netbanking,saas,8,3,2,56,58,288,6344.44,0.788,0.727,0.05357,34.56,1
PX007247,2499,suspicious_reversal,card,ecommerce,12,1,1,16,41,205,2019.15,1.238,0.923,0.0625,4.97,0
PX007248,1499,expired_card,netbanking,education,6,0,3,57,22,165,1359.25,1.103,1.0,0.0,36.51,0
PX007249,2499,insufficient_funds,card,subscription,2,7,1,4,26,263,2917.3,0.857,0.222,1.75,28.07,0
PX007250,1499,suspicious_reversal,card,ecommerce,12,4,0,55,10,438,1102.8,1.359,0.75,0.07273,32.97,0
PX007251,1999,expired_card,wallet,media,7,1,3,6,43,33,2251.99,0.888,0.875,0.16667,46.46,0
PX007252,2499,suspicious_reversal,card,education,13,2,2,33,45,324,3106.33,0.804,0.867,0.06061,22.81,1
PX007253,2499,mandate_expired,netbanking,subscription,6,3,0,42,15,342,3037.87,0.823,0.667,0.07143,9.82,0
PX007254,4999,bank_timeout,card,media,6,0,2,36,10,232,6948.33,0.719,1.0,0.0,38.29,1
PX007255,999,bank_timeout,upi,ecommerce,6,2,3,7,19,27,1173.01,0.852,0.75,0.28571,19.19,1
PX007256,1499,suspicious_reversal,wallet,subscription,8,1,0,58,30,64,1929.07,0.777,0.889,0.01724,20.66,1
PX007257,9999,insufficient_funds,netbanking,subscription,6,3,1,42,30,171,13194.42,0.758,0.667,0.07143,39.75,1
PX007258,9999,suspicious_reversal,upi,education,5,2,1,1,36,221,6632.61,1.508,0.714,2.0,21.36,0
PX007259,2499,suspicious_reversal,upi,media,4,1,2,32,10,204,3145.28,0.795,0.8,0.03125,23.3,0
PX007260,499,bank_timeout,card,education,8,3,3,11,10,123,693.07,0.72,0.727,0.27273,18.4,0
PX007261,9999,mandate_expired,wallet,ecommerce,9,2,3,1,53,548,6011.6,1.663,0.818,2.0,9.42,1
PX007262,499,expired_card,netbanking,subscription,7,2,3,30,49,286,385.88,1.293,0.778,0.06667,42.35,1
PX007263,499,bank_timeout,upi,subscription,12,0,1,47,31,96,586.52,0.851,1.0,0.0,41.04,1
PX007264,1999,mandate_expired,card,saas,11,2,1,53,38,710,1485.57,1.346,0.846,0.03774,16.79,0
PX007265,499,bank_timeout,wallet,media,7,2,2,36,5,414,329.46,1.515,0.778,0.05556,14.98,1
PX007266,1999,mandate_expired,card,media,10,1,0,39,56,519,2335.32,0.856,0.909,0.02564,26.91,1
PX007267,1499,mandate_expired,card,subscription,9,2,1,20,36,343,1669.74,0.898,0.818,0.1,34.13,1
PX007268,4999,insufficient_funds,wallet,media,6,2,2,58,6,611,6940.35,0.72,0.75,0.03448,14.04,1
PX007269,19999,mandate_expired,netbanking,saas,9,2,3,45,44,550,21101.4,0.948,0.818,0.04444,6.47,0
PX007270,499,bank_timeout,wallet,media,10,1,2,50,45,713,337.39,1.479,0.909,0.02,15.04,1
PX007271,999,expired_card,card,saas,6,2,0,38,10,567,870.05,1.148,0.75,0.05263,7.43,1
PX007272,9999,mandate_expired,card,subscription,7,2,0,29,52,229,11787.01,0.848,0.778,0.06897,11.75,1
PX007273,1999,suspicious_reversal,wallet,ecommerce,4,1,3,54,15,499,1291.44,1.548,0.8,0.01852,14.8,0
PX007274,1999,suspicious_reversal,netbanking,ecommerce,6,2,1,16,45,112,1722.32,1.161,0.75,0.125,37.05,0
PX007275,1999,expired_card,card,education,9,1,3,34,28,438,2612.01,0.765,0.9,0.02941,9.34,0
PX007276,9999,insufficient_funds,card,education,13,2,1,25,33,238,11461.22,0.872,0.867,0.08,16.6,1
PX007277,999,suspicious_reversal,upi,saas,8,2,2,27,9,674,1273.53,0.784,0.8,0.07407,10.27,0
PX007278,499,bank_timeout,card,subscription,10,1,2,17,23,685,580.84,0.859,0.909,0.05882,18.6,1
PX007279,499,insufficient_funds,wallet,media,6,3,1,1,37,222,632.49,0.789,0.667,3.0,29.56,1
PX007280,2499,insufficient_funds,netbanking,education,4,3,2,33,34,361,3224.41,0.775,0.571,0.09091,2.56,0
PX007281,4999,insufficient_funds,netbanking,education,4,4,3,6,22,585,6280.56,0.796,0.5,0.66667,16.79,1
PX007282,999,bank_timeout,netbanking,saas,10,1,2,8,17,468,1308.98,0.763,0.909,0.125,12.05,1
PX007283,1999,suspicious_reversal,wallet,media,9,1,0,32,32,362,2420.84,0.826,0.9,0.03125,18.41,0
PX007284,4999,insufficient_funds,netbanking,ecommerce,6,2,2,42,4,359,4661.38,1.072,0.75,0.04762,10.91,1
PX007285,1999,insufficient_funds,netbanking,ecommerce,9,2,2,40,50,250,1971.18,1.014,0.818,0.05,46.72,1
PX007286,9999,mandate_expired,wallet,subscription,10,1,2,25,47,665,12144.23,0.823,0.909,0.04,23.37,1
PX007287,4999,insufficient_funds,netbanking,subscription,7,4,1,49,2,641,5213.24,0.959,0.636,0.08163,37.29,1
PX007288,2499,suspicious_reversal,card,media,2,1,1,35,27,3,2564.01,0.975,0.667,0.02857,43.67,0
PX007289,4999,bank_timeout,card,saas,11,3,3,35,41,521,4028.45,1.241,0.786,0.08571,42.74,1
PX007290,1999,mandate_expired,upi,subscription,10,0,1,60,18,387,2716.91,0.736,1.0,0.0,26.21,1
PX007291,1999,expired_card,wallet,saas,14,3,2,19,31,218,2661.18,0.751,0.824,0.15789,16.75,0
PX007292,4999,bank_timeout,netbanking,media,12,4,2,30,47,69,5971.12,0.837,0.75,0.13333,4.2,1
PX007293,499,bank_timeout,upi,media,9,2,3,22,15,684,347.19,1.437,0.818,0.09091,11.57,1
PX007294,1999,bank_timeout,upi,subscription,6,0,0,20,24,260,2160.29,0.925,1.0,0.0,21.03,1
PX007295,999,mandate_expired,netbanking,saas,8,5,2,60,36,239,668.89,1.494,0.615,0.08333,39.45,0
PX007296,4999,bank_timeout,card,saas,6,1,0,60,11,194,6255.14,0.799,0.857,0.01667,13.54,1
PX007297,999,bank_timeout,netbanking,media,8,1,3,11,41,453,909.66,1.098,0.889,0.09091,36.12,0
PX007298,1999,bank_timeout,wallet,media,7,0,3,37,39,591,2722.78,0.734,1.0,0.0,26.52,1
PX007299,499,bank_timeout,netbanking,saas,9,1,2,35,13,76,609.54,0.819,0.9,0.02857,11.75,1
PX007300,1499,mandate_expired,upi,subscription,6,0,0,48,29,290,1707.35,0.878,1.0,0.0,42.49,1
PX007301,999,mandate_expired,card,media,6,2,1,41,28,228,1241.54,0.805,0.75,0.04878,12.71,0
PX007302,1499,insufficient_funds,card,ecommerce,5,2,3,19,24,456,1290.54,1.162,0.714,0.10526,42.9,1
PX007303,1999,expired_card,card,media,6,0,3,45,10,480,2709.96,0.738,1.0,0.0,14.98,0
PX007304,999,bank_timeout,upi,ecommerce,12,6,3,8,60,362,1197.33,0.834,0.667,0.75,13.85,0
PX007305,2499,bank_timeout,card,ecommerce,9,0,2,50,57,342,2517.52,0.993,1.0,0.0,47.51,1
PX007306,9999,mandate_expired,card,ecommerce,10,0,1,35,11,304,10338.19,0.967,1.0,0.0,25.04,0
PX007307,1499,insufficient_funds,upi,media,10,0,0,27,46,551,1568.37,0.956,1.0,0.0,45.69,0
PX007308,2499,mandate_expired,wallet,education,9,0,3,14,29,244,3047.66,0.82,1.0,0.0,21.06,0
PX007309,19999,bank_timeout,upi,saas,2,0,2,15,52,542,18871.61,1.06,1.0,0.0,42.2,1
PX007310,9999,expired_card,upi,saas,9,3,2,52,16,453,13703.61,0.73,0.75,0.05769,24.5,1
PX007311,4999,mandate_expired,wallet,education,8,1,3,47,58,158,3841.24,1.301,0.889,0.02128,31.08,0
PX007312,19999,bank_timeout,card,media,5,0,0,45,29,609,24930.76,0.802,1.0,0.0,2.35,1
PX007313,19999,suspicious_reversal,wallet,education,3,5,3,55,57,640,12514.27,1.598,0.375,0.09091,32.34,0
PX007314,1499,expired_card,wallet,education,9,3,3,27,60,135,1446.88,1.036,0.75,0.11111,2.52,0
PX007315,2499,mandate_expired,netbanking,subscription,6,1,2,5,10,105,2188.22,1.142,0.857,0.2,21.59,0
PX007316,499,suspicious_reversal,wallet,saas,8,3,3,11,30,677,558.55,0.893,0.727,0.27273,38.22,0
PX007317,19999,bank_timeout,wallet,subscription,8,4,1,57,12,654,15129.4,1.322,0.667,0.07018,21.5,1
PX007318,1499,expired_card,netbanking,subscription,7,4,0,26,12,330,1337.13,1.121,0.636,0.15385,37.09,1
PX007319,1499,bank_timeout,upi,ecommerce,3,3,1,47,18,389,1863.05,0.805,0.5,0.06383,24.96,1
PX007320,4999,bank_timeout,netbanking,education,4,4,0,28,6,636,3483.12,1.435,0.5,0.14286,16.82,1
PX007321,19999,expired_card,card,saas,9,2,2,42,55,350,26435.83,0.757,0.818,0.04762,3.06,0
PX007322,1999,expired_card,netbanking,ecommerce,6,3,3,57,34,640,1765.18,1.132,0.667,0.05263,37.51,0
PX007323,999,insufficient_funds,upi,subscription,12,2,1,31,10,515,617.78,1.617,0.857,0.06452,46.21,0
PX007324,19999,mandate_expired,upi,media,8,1,3,42,19,296,24904.5,0.803,0.889,0.02381,39.16,0
PX007325,999,bank_timeout,card,saas,7,6,1,55,5,288,686.86,1.454,0.538,0.10909,23.22,0
PX007326,2499,expired_card,upi,education,7,3,0,60,51,388,3393.26,0.736,0.7,0.05,44.95,0
PX007327,19999,mandate_expired,upi,education,11,2,0,48,23,534,17354.46,1.152,0.846,0.04167,18.94,0
PX007328,19999,mandate_expired,card,ecommerce,8,0,2,49,26,574,22265.57,0.898,1.0,0.0,6.13,0
PX007329,1499,insufficient_funds,wallet,saas,12,3,2,26,41,159,1824.09,0.822,0.8,0.11538,20.77,0
PX007330,4999,suspicious_reversal,upi,education,11,2,3,60,30,347,6616.64,0.756,0.846,0.03333,28.01,0
PX007331,1499,bank_timeout,wallet,subscription,11,3,3,50,21,216,1477.07,1.015,0.786,0.06,5.53,0
PX007332,4999,insufficient_funds,upi,saas,8,1,1,39,41,30,4780.07,1.046,0.889,0.02564,40.22,1
PX007333,1999,suspicious_reversal,netbanking,ecommerce,8,0,3,2,56,301,1251.38,1.597,1.0,0.0,23.21,0
PX007334,9999,insufficient_funds,card,subscription,6,6,2,39,39,252,6046.96,1.654,0.5,0.15385,21.16,0
PX007335,19999,bank_timeout,card,media,2,0,1,8,59,134,16399.71,1.219,1.0,0.0,14.68,1
PX007336,499,mandate_expired,card,media,11,1,1,8,22,165,685.94,0.727,0.917,0.125,31.23,0
PX007337,2499,suspicious_reversal,wallet,media,4,1,1,56,52,343,2120.67,1.178,0.8,0.01786,10.52,0
PX007338,4999,insufficient_funds,netbanking,subscription,7,1,0,14,27,373,5895.96,0.848,0.875,0.07143,8.04,1
PX007339,999,mandate_expired,netbanking,subscription,7,5,1,30,20,257,904.52,1.104,0.583,0.16667,28.93,1
PX007340,1999,insufficient_funds,card,subscription,6,5,3,57,41,648,2294.04,0.871,0.545,0.08772,23.03,1
PX007341,19999,insufficient_funds,card,subscription,3,1,0,40,7,445,20829.64,0.96,0.75,0.025,11.98,1
PX007342,499,bank_timeout,card,saas,5,3,2,38,4,276,491.27,1.016,0.625,0.07895,24.23,1
PX007343,9999,insufficient_funds,netbanking,ecommerce,9,1,2,58,31,297,12338.8,0.81,0.9,0.01724,37.47,1
PX007344,4999,bank_timeout,wallet,subscription,11,2,2,60,46,168,5997.63,0.833,0.846,0.03333,25.16,1
PX007345,19999,expired_card,upi,ecommerce,13,3,3,31,12,700,15888.57,1.259,0.812,0.09677,15.89,0
PX007346,4999,suspicious_reversal,netbanking,media,12,2,3,52,49,665,6178.44,0.809,0.857,0.03846,41.27,0
PX007347,4999,mandate_expired,netbanking,media,6,2,0,1,41,397,3877.56,1.289,0.75,2.0,43.33,0
PX007348,9999,expired_card,wallet,subscription,8,0,1,19,50,438,6034.23,1.657,1.0,0.0,37.6,1
PX007349,1999,bank_timeout,card,saas,8,4,0,51,4,35,2407.94,0.83,0.667,0.07843,22.21,1
PX007350,19999,expired_card,upi,education,15,2,3,4,3,407,14093.33,1.419,0.882,0.5,16.57,0
PX007351,1499,bank_timeout,wallet,subscription,7,3,2,22,47,8,1225.23,1.223,0.7,0.13636,11.23,1
PX007352,499,insufficient_funds,netbanking,media,5,0,3,23,60,730,308.67,1.617,1.0,0.0,26.44,1
PX007353,1999,expired_card,card,media,7,2,2,20,36,199,2698.52,0.741,0.778,0.1,2.78,1
PX007354,4999,bank_timeout,upi,education,5,0,3,7,59,664,4080.12,1.225,1.0,0.0,34.54,1
PX007355,1999,bank_timeout,wallet,ecommerce,8,2,0,50,11,364,2422.44,0.825,0.8,0.04,21.66,1
PX007356,999,insufficient_funds,upi,ecommerce,5,2,2,30,22,532,1083.44,0.922,0.714,0.06667,3.31,1
PX007357,4999,suspicious_reversal,wallet,media,5,2,3,57,59,123,6448.35,0.775,0.714,0.03509,32.69,0
PX007358,999,mandate_expired,netbanking,media,3,0,1,3,60,444,747.48,1.336,1.0,0.0,23.41,0
PX007359,499,mandate_expired,wallet,media,9,1,0,27,34,547,344.5,1.448,0.9,0.03704,2.33,1
PX007360,2499,expired_card,upi,ecommerce,8,0,2,2,58,313,3072.81,0.813,1.0,0.0,36.55,0
PX007361,499,insufficient_funds,card,education,4,1,2,51,9,79,419.0,1.191,0.8,0.01961,33.09,1
PX007362,9999,suspicious_reversal,card,education,11,2,2,59,19,332,10901.62,0.917,0.846,0.0339,34.04,1
PX007363,4999,bank_timeout,wallet,media,9,2,2,57,2,317,3191.64,1.566,0.818,0.03509,23.73,1
PX007364,1499,bank_timeout,card,ecommerce,7,4,1,47,22,182,1205.25,1.244,0.636,0.08511,6.28,1
PX007365,1999,expired_card,wallet,media,13,3,0,9,59,207,1901.68,1.051,0.812,0.33333,36.41,0
PX007366,999,insufficient_funds,wallet,education,4,6,2,45,48,620,1018.49,0.981,0.4,0.13333,4.99,0
PX007367,999,expired_card,card,education,11,5,3,16,44,324,761.88,1.311,0.688,0.3125,32.31,0
PX007368,1999,mandate_expired,wallet,ecommerce,10,3,2,32,14,108,2762.15,0.724,0.769,0.09375,20.66,1
PX007369,4999,expired_card,wallet,media,8,0,1,58,36,94,6005.97,0.832,1.0,0.0,46.03,0
PX007370,19999,insufficient_funds,wallet,saas,5,1,1,46,45,85,15913.88,1.257,0.833,0.02174,26.02,1
PX007371,1499,suspicious_reversal,upi,subscription,8,2,2,45,50,224,1123.37,1.334,0.8,0.04444,40.42,0
PX007372,999,suspicious_reversal,upi,saas,3,1,2,35,10,69,1289.53,0.775,0.75,0.02857,31.8,1
PX007373,1499,bank_timeout,netbanking,education,4,2,1,28,26,432,1422.17,1.054,0.667,0.07143,3.99,1
PX007374,19999,expired_card,card,subscription,9,1,3,56,50,688,22969.64,0.871,0.9,0.01786,21.37,0
PX007375,4999,expired_card,netbanking,saas,6,2,2,13,20,561,4548.87,1.099,0.75,0.15385,25.9,0
PX007376,499,bank_timeout,card,subscription,6,3,3,27,57,728,415.4,1.201,0.667,0.11111,7.8,1
PX007377,999,bank_timeout,upi,saas,2,1,0,8,42,616,1021.3,0.978,0.667,0.125,14.17,1
PX007378,499,mandate_expired,upi,subscription,7,1,2,30,5,411,628.17,0.794,0.875,0.03333,43.14,0
PX007379,1499,suspicious_reversal,upi,media,10,2,1,29,40,84,1712.75,0.875,0.833,0.06897,43.46,0
PX007380,1499,mandate_expired,upi,subscription,10,4,3,33,34,429,1526.84,0.982,0.714,0.12121,4.94,0
PX007381,1499,expired_card,upi,media,6,2,1,32,60,559,1718.37,0.872,0.75,0.0625,31.51,1
PX007382,9999,suspicious_reversal,netbanking,saas,7,3,3,7,20,424,9111.93,1.097,0.7,0.42857,2.57,0
PX007383,2499,insufficient_funds,netbanking,ecommerce,11,4,2,28,52,380,1806.19,1.384,0.733,0.14286,10.04,0
PX007384,19999,suspicious_reversal,netbanking,subscription,7,2,2,10,24,142,22874.15,0.874,0.778,0.2,28.42,0
PX007385,9999,suspicious_reversal,netbanking,saas,13,1,0,32,43,464,10031.85,0.997,0.929,0.03125,9.58,0
PX007386,1499,insufficient_funds,card,saas,7,2,1,24,10,136,1907.97,0.786,0.778,0.08333,40.77,1
PX007387,19999,suspicious_reversal,netbanking,saas,9,4,2,27,35,611,23808.94,0.84,0.692,0.14815,34.2,0
PX007388,499,bank_timeout,upi,media,9,2,0,18,46,123,581.63,0.858,0.818,0.11111,40.92,1
PX007389,1999,mandate_expired,card,ecommerce,7,1,1,25,53,297,2155.68,0.927,0.875,0.04,22.54,1
PX007390,1999,bank_timeout,card,ecommerce,10,2,2,18,2,331,1795.41,1.113,0.833,0.11111,25.07,1
PX007391,9999,suspicious_reversal,netbanking,ecommerce,8,2,3,17,43,166,11871.56,0.842,0.8,0.11765,35.35,0
PX007392,499,mandate_expired,upi,media,11,0,3,11,25,87,417.34,1.196,1.0,0.0,22.18,1
PX007393,499,expired_card,card,subscription,15,1,0,22,38,115,511.09,0.976,0.938,0.04545,21.1,0
PX007394,499,expired_card,wallet,media,4,3,0,39,40,574,573.55,0.87,0.571,0.07692,12.08,1
PX007395,4999,insufficient_funds,card,subscription,7,3,2,13,60,438,5331.61,0.938,0.7,0.23077,38.69,1
PX007396,2499,bank_timeout,wallet,saas,4,2,2,53,47,183,2381.02,1.05,0.667,0.03774,25.31,1
PX007397,19999,insufficient_funds,card,saas,10,0,3,12,53,710,20017.29,0.999,1.0,0.0,29.05,1
PX007398,2499,bank_timeout,netbanking,saas,7,4,3,46,7,321,2638.55,0.947,0.636,0.08696,10.55,0
PX007399,999,mandate_expired,netbanking,ecommerce,6,3,2,7,29,425,958.33,1.042,0.667,0.42857,16.69,1
PX007400,499,insufficient_funds,upi,ecommerce,6,2,0,26,14,261,646.82,0.771,0.75,0.07692,25.21,0
PX007401,999,bank_timeout,wallet,ecommerce,5,1,3,2,52,488,622.68,1.604,0.833,0.5,26.19,1
PX007402,4999,bank_timeout,card,education,4,3,0,56,32,343,4190.98,1.193,0.571,0.05357,3.89,1
PX007403,499,insufficient_funds,wallet,ecommerce,7,3,3,56,21,37,328.96,1.517,0.7,0.05357,27.36,1
PX007404,499,bank_timeout,card,saas,8,4,0,15,7,31,492.25,1.014,0.667,0.26667,11.63,1
PX007405,2499,mandate_expired,wallet,subscription,7,1,0,12,3,150,3071.44,0.814,0.875,0.08333,8.07,0
PX007406,19999,mandate_expired,card,saas,8,1,3,12,11,455,19310.18,1.036,0.889,0.08333,24.84,0
PX007407,499,mandate_expired,wallet,saas,12,7,3,52,41,568,593.03,0.841,0.632,0.13462,30.67,0
PX007408,2499,mandate_expired,wallet,media,12,0,1,11,9,84,2860.85,0.874,1.0,0.0,3.4,0
PX007409,1999,bank_timeout,card,ecommerce,9,1,3,1,18,135,2694.9,0.742,0.9,1.0,20.17,1
PX007410,19999,insufficient_funds,upi,saas,7,3,1,52,54,440,23107.95,0.865,0.7,0.05769,43.38,1
PX007411,499,mandate_expired,upi,media,6,2,3,52,6,728,452.46,1.103,0.75,0.03846,42.66,0
PX007412,9999,expired_card,netbanking,media,13,1,2,54,41,510,12988.34,0.77,0.929,0.01852,14.78,0
PX007413,19999,suspicious_reversal,upi,media,12,1,3,52,14,340,13678.41,1.462,0.923,0.01923,0.98,0
PX007414,19999,expired_card,wallet,subscription,13,3,2,25,10,8,16202.32,1.234,0.812,0.12,20.39,0
PX007415,19999,expired_card,card,education,4,1,3,1,40,472,20651.71,0.968,0.8,1.0,24.11,0
PX007416,19999,suspicious_reversal,wallet,ecommerce,7,2,3,28,6,418,19045.93,1.05,0.778,0.07143,44.81,0
PX007417,2499,suspicious_reversal,upi,subscription,11,2,3,44,3,6,3243.54,0.77,0.846,0.04545,37.78,0
PX007418,1499,mandate_expired,wallet,media,8,1,2,17,56,675,1736.48,0.863,0.889,0.05882,27.27,0
PX007419,9999,expired_card,netbanking,media,7,1,3,15,36,71,12186.35,0.821,0.875,0.06667,45.67,1
PX007420,1499,expired_card,netbanking,education,5,1,3,24,17,574,959.22,1.563,0.833,0.04167,20.73,0
PX007421,19999,expired_card,wallet,education,8,0,0,54,45,617,25990.59,0.769,1.0,0.0,24.67,1
PX007422,4999,mandate_expired,upi,saas,11,1,1,30,31,495,4235.21,1.18,0.917,0.03333,45.37,0
PX007423,1499,suspicious_reversal,card,ecommerce,7,1,3,4,49,329,1561.99,0.96,0.875,0.25,15.16,0
PX007424,9999,expired_card,card,media,8,2,3,11,32,76,7351.92,1.36,0.8,0.18182,6.69,0
PX007425,9999,expired_card,card,ecommerce,6,3,0,50,11,650,10437.9,0.958,0.667,0.06,3.29,0
PX007426,499,bank_timeout,card,education,5,0,3,43,47,379,444.47,1.123,1.0,0.0,8.43,0
PX007427,19999,expired_card,card,subscription,11,1,0,60,8,609,17030.35,1.174,0.917,0.01667,15.8,0
PX007428,4999,mandate_expired,upi,media,8,2,1,36,29,693,5786.18,0.864,0.8,0.05556,14.8,1
PX007429,499,suspicious_reversal,card,ecommerce,7,1,1,8,18,199,450.22,1.108,0.875,0.125,39.43,0
PX007430,19999,mandate_expired,wallet,saas,9,1,1,30,1,55,15556.04,1.286,0.9,0.03333,2.17,1
PX007431,1999,mandate_expired,upi,education,9,2,1,10,48,535,1615.0,1.238,0.818,0.2,8.1,1
PX007432,1999,bank_timeout,netbanking,subscription,10,4,3,47,26,630,1350.59,1.48,0.714,0.08511,45.75,1
PX007433,4999,insufficient_funds,netbanking,ecommerce,4,0,1,41,44,79,6471.27,0.772,1.0,0.0,44.64,1
PX007434,9999,bank_timeout,wallet,education,4,2,0,8,23,157,9490.63,1.054,0.667,0.25,11.92,1
PX007435,4999,insufficient_funds,wallet,media,4,1,0,27,32,512,6985.94,0.716,0.8,0.03704,43.18,1
PX007436,999,bank_timeout,upi,media,9,1,0,44,43,101,927.27,1.077,0.9,0.02273,15.57,1
PX007437,499,expired_card,wallet,ecommerce,6,1,3,60,28,36,453.09,1.101,0.857,0.01667,20.34,0
PX007438,499,bank_timeout,upi,ecommerce,11,0,2,27,3,642,334.12,1.493,1.0,0.0,9.61,1
PX007439,4999,insufficient_funds,wallet,media,6,1,1,59,29,383,6329.07,0.79,0.857,0.01695,8.19,1
PX007440,999,bank_timeout,upi,saas,6,0,3,11,11,616,685.37,1.458,1.0,0.0,22.24,1
PX007441,999,suspicious_reversal,card,ecommerce,5,1,1,23,25,37,1357.16,0.736,0.833,0.04348,43.8,0
PX007442,499,mandate_expired,wallet,subscription,7,1,0,35,22,710,574.36,0.869,0.875,0.02857,23.89,1
PX007443,999,expired_card,wallet,saas,6,6,2,45,50,162,1078.24,0.927,0.5,0.13333,10.81,0
PX007444,499,mandate_expired,upi,media,5,0,2,54,54,273,610.26,0.818,1.0,0.0,3.92,1
PX007445,4999,insufficient_funds,card,media,8,1,2,58,28,633,3994.44,1.251,0.889,0.01724,3.8,0
PX007446,4999,bank_timeout,wallet,education,7,0,3,28,40,535,3001.97,1.665,1.0,0.0,13.31,1
PX007447,499,bank_timeout,upi,ecommerce,8,3,0,51,27,643,540.22,0.924,0.727,0.05882,21.42,1
PX007448,1999,bank_timeout,wallet,media,7,2,0,3,28,198,2456.01,0.814,0.778,0.66667,12.59,1
PX007449,9999,insufficient_funds,upi,education,7,0,1,14,21,615,7769.48,1.287,1.0,0.0,20.5,1
PX007450,499,bank_timeout,netbanking,ecommerce,8,0,2,43,5,177,311.23,1.603,1.0,0.0,45.57,1
PX007451,4999,suspicious_reversal,wallet,education,5,6,1,10,59,710,6737.33,0.742,0.455,0.6,43.67,0
PX007452,1999,suspicious_reversal,wallet,media,8,1,0,37,4,713,1974.82,1.012,0.889,0.02703,40.84,0
PX007453,19999,mandate_expired,wallet,education,9,2,2,25,37,619,27416.54,0.729,0.818,0.08,11.0,1
PX007454,2499,bank_timeout,wallet,media,2,0,0,41,36,27,1847.75,1.352,1.0,0.0,4.72,1
PX007455,2499,expired_card,wallet,ecommerce,4,1,0,60,24,429,2629.22,0.95,0.8,0.01667,14.06,1
PX007456,2499,suspicious_reversal,upi,subscription,10,2,2,27,59,273,2867.45,0.872,0.833,0.07407,31.03,1
PX007457,1499,insufficient_funds,upi,education,10,3,0,55,25,594,1220.19,1.228,0.769,0.05455,44.17,0
PX007458,1499,suspicious_reversal,wallet,subscription,6,1,3,24,42,1,924.28,1.622,0.857,0.04167,40.12,0
PX007459,9999,suspicious_reversal,upi,ecommerce,9,3,0,8,31,282,10745.02,0.931,0.75,0.375,30.21,1
PX007460,2499,mandate_expired,wallet,education,3,3,3,38,55,154,3242.52,0.771,0.5,0.07895,21.19,0
PX007461,1499,bank_timeout,wallet,subscription,10,1,3,4,28,668,1546.99,0.969,0.909,0.25,5.39,0
PX007462,1999,suspicious_reversal,card,subscription,11,2,3,34,13,171,2582.27,0.774,0.846,0.05882,36.96,0
PX007463,9999,expired_card,upi,ecommerce,9,4,3,34,60,129,10953.09,0.913,0.692,0.11765,7.96,1
PX007464,499,insufficient_funds,wallet,education,5,0,0,45,59,120,463.65,1.076,1.0,0.0,34.46,1
PX007465,999,bank_timeout,card,ecommerce,5,0,3,30,2,486,852.74,1.172,1.0,0.0,13.13,0
PX007466,2499,suspicious_reversal,upi,saas,8,2,3,50,32,189,2449.24,1.02,0.8,0.04,18.39,1
PX007467,19999,mandate_expired,netbanking,media,8,5,3,34,13,588,14544.43,1.375,0.615,0.14706,20.19,0
PX007468,2499,bank_timeout,card,media,9,1,0,24,20,169,1784.44,1.4,0.9,0.04167,36.74,1
PX007469,4999,expired_card,upi,saas,11,1,0,28,12,576,5475.41,0.913,0.917,0.03571,43.89,1
PX007470,9999,bank_timeout,netbanking,subscription,5,2,1,28,22,284,12933.55,0.773,0.714,0.07143,3.15,1
PX007471,2499,suspicious_reversal,wallet,education,7,3,1,37,10,405,3398.98,0.735,0.7,0.08108,26.0,0
PX007472,499,mandate_expired,upi,ecommerce,6,2,1,14,52,538,383.99,1.3,0.75,0.14286,41.99,1
PX007473,1499,suspicious_reversal,card,media,10,2,2,14,52,141,1654.32,0.906,0.833,0.14286,32.24,0
PX007474,4999,insufficient_funds,upi,saas,10,1,0,49,5,183,6427.57,0.778,0.909,0.02041,10.1,1
PX007475,9999,bank_timeout,wallet,education,9,2,3,15,45,623,8308.1,1.204,0.818,0.13333,35.83,1
PX007476,19999,bank_timeout,card,subscription,7,0,3,28,27,267,20582.8,0.972,1.0,0.0,9.05,1
PX007477,499,suspicious_reversal,card,saas,4,2,1,14,38,679,334.44,1.492,0.667,0.14286,20.9,1
PX007478,9999,bank_timeout,wallet,media,6,3,0,56,43,315,6906.61,1.448,0.667,0.05357,44.33,1
PX007479,19999,suspicious_reversal,wallet,saas,7,1,0,48,7,310,14824.64,1.349,0.875,0.02083,39.52,0
PX007480,4999,bank_timeout,netbanking,saas,6,0,1,59,35,332,3835.46,1.303,1.0,0.0,46.1,0
PX007481,19999,suspicious_reversal,netbanking,subscription,6,1,2,43,35,190,15954.27,1.254,0.857,0.02326,23.91,0
PX007482,499,bank_timeout,upi,ecommerce,8,6,3,24,15,195,483.91,1.031,0.571,0.25,23.08,1
PX007483,19999,mandate_expired,netbanking,media,15,2,2,29,51,349,23228.67,0.861,0.882,0.06897,9.63,1
PX007484,19999,bank_timeout,wallet,education,9,3,2,13,20,624,12238.16,1.634,0.75,0.23077,12.13,0
PX007485,2499,insufficient_funds,netbanking,media,11,3,0,32,29,583,2430.37,1.028,0.786,0.09375,38.87,0
PX007486,499,expired_card,wallet,ecommerce,7,2,2,52,25,121,505.2,0.988,0.778,0.03846,19.99,0
PX007487,9999,bank_timeout,wallet,education,8,2,3,14,16,239,10174.97,0.983,0.8,0.14286,14.23,0
PX007488,9999,insufficient_funds,wallet,saas,7,2,3,7,56,147,11269.64,0.887,0.778,0.28571,1.08,0
PX007489,999,insufficient_funds,wallet,media,9,3,0,9,36,158,1048.52,0.953,0.75,0.33333,47.04,0
PX007490,2499,expired_card,upi,media,6,1,1,29,22,334,1925.01,1.298,0.857,0.03448,35.58,0
PX007491,1499,suspicious_reversal,card,media,7,2,1,15,56,642,1802.77,0.831,0.778,0.13333,10.11,0
PX007492,499,suspicious_reversal,upi,subscription,7,4,1,11,47,651,458.19,1.089,0.636,0.36364,2.59,0
PX007493,2499,suspicious_reversal,card,media,5,2,3,6,8,286,2179.4,1.147,0.714,0.33333,40.59,0
PX007494,4999,expired_card,upi,ecommerce,17,1,2,10,50,449,5632.14,0.888,0.944,0.1,36.0,1
PX007495,4999,bank_timeout,wallet,subscription,10,1,3,60,21,342,6841.72,0.731,0.909,0.01667,34.72,1
PX007496,1999,suspicious_reversal,card,saas,12,3,1,13,5,537,2644.3,0.756,0.8,0.23077,3.94,1
PX007497,499,mandate_expired,upi,subscription,6,2,2,29,53,219,495.84,1.006,0.75,0.06897,45.29,1
PX007498,19999,bank_timeout,netbanking,subscription,11,2,2,47,4,70,16111.18,1.241,0.846,0.04255,17.4,1
PX007499,1999,suspicious_reversal,card,ecommerce,8,3,2,15,10,396,1596.72,1.252,0.727,0.2,44.08,0
PX007500,19999,suspicious_reversal,wallet,media,10,1,0,58,32,487,17240.35,1.16,0.909,0.01724,20.99,0
PX007501,999,bank_timeout,wallet,education,1,1,2,28,55,244,746.32,1.339,0.5,0.03571,45.86,1
PX007502,1499,bank_timeout,wallet,subscription,11,2,1,3,22,22,1871.95,0.801,0.846,0.66667,23.57,1
PX007503,999,insufficient_funds,wallet,ecommerce,5,3,0,47,27,250,846.82,1.18,0.625,0.06383,43.24,1
PX007504,999,insufficient_funds,netbanking,saas,10,3,2,19,56,578,1182.48,0.845,0.769,0.15789,40.52,0
PX007505,499,insufficient_funds,wallet,education,10,1,1,6,32,95,375.13,1.33,0.909,0.16667,37.93,1
PX007506,1499,insufficient_funds,upi,subscription,4,5,2,43,39,330,1836.83,0.816,0.444,0.11628,4.06,0
PX007507,499,insufficient_funds,upi,subscription,8,2,3,18,49,492,402.16,1.241,0.8,0.11111,30.14,1
PX007508,1499,insufficient_funds,card,education,11,2,1,51,54,595,954.15,1.571,0.846,0.03922,27.41,1
PX007509,499,insufficient_funds,wallet,media,7,2,2,21,17,22,650.49,0.767,0.778,0.09524,3.45,1
PX007510,999,expired_card,upi,ecommerce,11,1,2,20,48,350,825.6,1.21,0.917,0.05,41.93,1
PX007511,9999,suspicious_reversal,card,media,13,0,3,16,57,48,6917.12,1.446,1.0,0.0,38.99,0
PX007512,4999,mandate_expired,wallet,saas,5,2,2,42,24,385,4079.9,1.225,0.714,0.04762,14.69,0
PX007513,1499,expired_card,wallet,education,7,3,1,52,41,523,1828.56,0.82,0.7,0.05769,27.93,0
PX007514,499,bank_timeout,upi,education,7,6,0,6,43,460,583.62,0.855,0.538,1.0,37.16,0
PX007515,4999,expired_card,card,media,6,1,0,47,13,339,4121.3,1.213,0.857,0.02128,42.82,0
PX007516,499,expired_card,upi,subscription,7,2,3,2,20,191,448.79,1.112,0.778,1.0,24.98,0
PX007517,1999,expired_card,netbanking,saas,4,2,3,56,50,632,2386.01,0.838,0.667,0.03571,7.23,0
PX007518,1499,insufficient_funds,upi,education,4,2,1,5,52,716,1102.18,1.36,0.667,0.4,9.51,1
PX007519,499,bank_timeout,card,saas,10,1,3,23,5,175,412.06,1.211,0.909,0.04348,7.33,1
PX007520,499,suspicious_reversal,upi,education,7,1,0,15,23,405,593.04,0.841,0.875,0.06667,44.63,1
PX007521,1999,insufficient_funds,netbanking,saas,8,3,0,16,21,121,1383.07,1.445,0.727,0.1875,0.58,1
PX007522,1999,suspicious_reversal,card,ecommerce,6,3,0,37,55,705,1465.19,1.364,0.667,0.08108,0.5,1
PX007523,19999,bank_timeout,card,media,5,2,1,36,35,496,24586.26,0.813,0.714,0.05556,19.2,1
PX007524,2499,expired_card,upi,education,7,2,0,1,17,325,2997.3,0.834,0.778,2.0,41.69,0
PX007525,4999,insufficient_funds,card,saas,7,1,1,10,7,520,6557.73,0.762,0.875,0.1,39.62,0
PX007526,9999,mandate_expired,wallet,ecommerce,10,3,2,39,46,295,13226.9,0.756,0.769,0.07692,26.94,1
PX007527,999,suspicious_reversal,card,media,13,4,3,10,47,113,824.31,1.212,0.765,0.4,42.75,0
PX007528,2499,insufficient_funds,upi,media,7,1,3,20,8,656,3429.76,0.729,0.875,0.05,36.62,0
PX007529,499,insufficient_funds,netbanking,media,15,3,0,51,17,657,373.51,1.336,0.833,0.05882,26.84,1
PX007530,2499,expired_card,netbanking,media,7,0,2,26,7,345,2670.94,0.936,1.0,0.0,1.17,0
PX007531,9999,insufficient_funds,card,ecommerce,8,2,3,19,9,339,11458.89,0.873,0.8,0.10526,13.79,0
PX007532,999,suspicious_reversal,upi,subscription,11,1,2,29,23,626,1092.62,0.914,0.917,0.03448,28.89,0
PX007533,19999,mandate_expired,card,ecommerce,10,7,2,24,41,38,23133.54,0.865,0.588,0.29167,41.36,0
PX007534,499,bank_timeout,upi,ecommerce,12,2,0,28,6,398,623.92,0.8,0.857,0.07143,38.1,1
PX007535,1999,expired_card,netbanking,saas,6,2,1,49,12,76,1291.43,1.548,0.75,0.04082,37.34,0
PX007536,19999,expired_card,card,media,12,3,2,55,13,249,16182.63,1.236,0.8,0.05455,28.28,1
PX007537,499,suspicious_reversal,upi,education,5,3,0,28,48,618,394.43,1.265,0.625,0.10714,5.97,0
PX007538,1499,expired_card,card,saas,9,2,1,53,23,361,1560.95,0.96,0.818,0.03774,7.4,0
PX007539,19999,suspicious_reversal,netbanking,ecommerce,15,0,2,11,29,612,16422.17,1.218,1.0,0.0,9.05,0
PX007540,999,expired_card,upi,education,5,2,1,6,54,546,1356.33,0.737,0.714,0.33333,19.86,0
PX007541,19999,suspicious_reversal,upi,ecommerce,7,0,2,14,42,72,27745.93,0.721,1.0,0.0,5.29,0
PX007542,2499,mandate_expired,wallet,media,6,4,0,17,53,318,2878.46,0.868,0.6,0.23529,18.08,0
PX007543,19999,expired_card,netbanking,subscription,11,2,0,50,12,320,13011.95,1.537,0.846,0.04,30.52,1
PX007544,1499,expired_card,upi,education,7,3,0,33,24,364,1120.57,1.338,0.7,0.09091,7.82,0
PX007545,9999,bank_timeout,netbanking,education,11,6,1,60,57,101,10303.14,0.97,0.647,0.1,42.83,1
PX007546,9999,suspicious_reversal,card,ecommerce,13,1,2,13,27,650,7953.6,1.257,0.929,0.07692,12.47,0
PX007547,499,mandate_expired,upi,education,6,1,0,37,3,62,672.79,0.742,0.857,0.02703,4.3,1
PX007548,1999,mandate_expired,netbanking,media,9,2,3,2,4,46,1985.24,1.007,0.818,1.0,40.16,0
PX007549,1999,insufficient_funds,upi,ecommerce,2,1,1,30,12,675,1514.37,1.32,0.667,0.03333,12.34,1
PX007550,999,expired_card,upi,saas,5,2,2,58,60,103,966.23,1.034,0.714,0.03448,44.97,1
PX007551,1499,mandate_expired,netbanking,education,4,1,2,52,31,293,1848.43,0.811,0.8,0.01923,41.42,1
PX007552,2499,suspicious_reversal,wallet,education,4,6,3,33,44,181,3251.54,0.769,0.4,0.18182,3.98,0
PX007553,999,expired_card,wallet,subscription,8,2,1,17,24,119,1121.86,0.89,0.8,0.11765,46.22,0
PX007554,19999,insufficient_funds,wallet,education,9,3,1,24,11,33,16918.5,1.182,0.75,0.125,11.94,1
PX007555,19999,insufficient_funds,wallet,education,10,1,2,50,1,459,23738.98,0.842,0.909,0.02,10.94,0
PX007556,19999,bank_timeout,netbanking,media,11,1,0,37,58,644,20493.55,0.976,0.917,0.02703,18.88,1
PX007557,19999,expired_card,upi,media,6,2,0,16,43,132,12388.27,1.614,0.75,0.125,43.12,1
PX007558,4999,bank_timeout,wallet,saas,10,1,2,42,55,389,6658.89,0.751,0.909,0.02381,14.23,0
PX007559,2499,bank_timeout,upi,subscription,7,3,1,17,10,169,2440.08,1.024,0.7,0.17647,42.97,1
PX007560,1999,suspicious_reversal,wallet,media,10,2,0,24,30,198,1738.39,1.15,0.833,0.08333,12.85,1
PX007561,19999,insufficient_funds,upi,saas,11,2,0,32,54,15,19967.59,1.002,0.846,0.0625,25.5,1
PX007562,9999,insufficient_funds,card,media,8,2,2,2,38,542,10790.32,0.927,0.8,1.0,34.94,0
PX007563,19999,bank_timeout,upi,saas,11,1,3,29,29,108,16268.14,1.229,0.917,0.03448,40.8,1
PX007564,1999,mandate_expired,wallet,education,5,2,3,27,22,134,1510.05,1.324,0.714,0.07407,46.25,1
PX007565,19999,insufficient_funds,netbanking,education,10,0,1,18,36,604,14527.15,1.377,1.0,0.0,0.89,1
PX007566,999,bank_timeout,upi,subscription,9,4,3,1,46,305,869.93,1.148,0.692,4.0,44.74,1
PX007567,1999,bank_timeout,card,saas,12,2,1,2,20,256,1579.0,1.266,0.857,1.0,2.01,1
PX007568,19999,expired_card,netbanking,education,10,1,2,51,17,23,22544.16,0.887,0.909,0.01961,14.67,1
PX007569,4999,insufficient_funds,wallet,saas,4,4,3,15,8,642,3232.66,1.546,0.5,0.26667,43.35,0
PX007570,19999,bank_timeout,wallet,education,9,1,2,9,53,473,20812.09,0.961,0.9,0.11111,29.02,1
PX007571,19999,suspicious_reversal,wallet,education,5,3,3,40,16,503,21130.08,0.946,0.625,0.075,25.2,1
PX007572,9999,expired_card,netbanking,saas,8,2,1,5,55,582,9900.16,1.01,0.8,0.4,15.33,1
PX007573,1999,expired_card,upi,saas,3,2,3,9,53,205,2361.96,0.846,0.6,0.22222,32.16,0
PX007574,2499,bank_timeout,netbanking,media,6,0,3,22,52,84,1922.81,1.3,1.0,0.0,35.57,0
PX007575,999,insufficient_funds,wallet,saas,7,1,1,5,28,595,1210.09,0.826,0.875,0.2,46.09,1
PX007576,4999,suspicious_reversal,upi,media,6,2,0,14,37,368,4600.56,1.087,0.75,0.14286,46.52,0
PX007577,19999,expired_card,wallet,ecommerce,3,2,2,16,41,132,21884.67,0.914,0.6,0.125,30.05,1
PX007578,499,insufficient_funds,wallet,ecommerce,8,5,2,58,31,99,565.37,0.883,0.615,0.08621,12.37,0
PX007579,4999,suspicious_reversal,wallet,ecommerce,11,4,0,31,8,399,3353.88,1.491,0.733,0.12903,1.81,0
PX007580,9999,expired_card,netbanking,ecommerce,13,3,2,47,39,531,10593.95,0.944,0.812,0.06383,2.27,0
PX007581,4999,bank_timeout,wallet,subscription,8,2,1,42,36,136,4621.27,1.082,0.8,0.04762,10.76,1
PX007582,999,insufficient_funds,netbanking,education,2,5,2,18,40,289,925.28,1.08,0.286,0.27778,39.72,0
PX007583,499,mandate_expired,wallet,ecommerce,12,1,1,60,2,375,437.42,1.141,0.923,0.01667,24.12,0
PX007584,499,mandate_expired,card,ecommerce,7,4,1,41,9,650,301.22,1.657,0.636,0.09756,19.22,1
PX007585,1499,bank_timeout,upi,education,8,1,3,57,12,585,1517.58,0.988,0.889,0.01754,32.87,0
PX007586,999,mandate_expired,card,subscription,5,3,0,32,37,706,1133.06,0.882,0.625,0.09375,22.48,0
PX007587,2499,suspicious_reversal,upi,subscription,11,2,2,1,23,273,1531.21,1.632,0.846,2.0,10.39,0
PX007588,499,insufficient_funds,card,subscription,12,3,0,49,52,601,618.86,0.806,0.8,0.06122,6.15,0
PX007589,999,suspicious_reversal,wallet,media,8,1,1,13,56,4,1107.28,0.902,0.889,0.07692,46.81,0
PX007590,999,mandate_expired,upi,subscription,3,2,3,38,21,115,1295.87,0.771,0.6,0.05263,22.46,0
PX007591,499,bank_timeout,wallet,ecommerce,8,2,0,29,29,622,504.47,0.989,0.8,0.06897,45.89,1
PX007592,999,insufficient_funds,wallet,saas,9,1,0,43,16,108,624.61,1.599,0.9,0.02326,34.1,0
PX007593,499,bank_timeout,upi,subscription,7,1,0,7,57,577,433.93,1.15,0.875,0.14286,6.4,1
PX007594,2499,expired_card,upi,ecommerce,2,5,1,20,21,426,1530.73,1.633,0.286,0.25,24.6,0
PX007595,1999,insufficient_funds,netbanking,saas,10,5,2,15,24,194,1227.32,1.629,0.667,0.33333,10.03,0
PX007596,9999,expired_card,wallet,subscription,12,3,2,48,58,224,9359.42,1.068,0.8,0.0625,4.41,0
PX007597,1499,expired_card,wallet,saas,9,2,0,8,44,541,1798.3,0.834,0.818,0.25,13.83,0
PX007598,4999,mandate_expired,netbanking,media,10,1,1,37,11,234,4727.5,1.057,0.909,0.02703,15.94,1
PX007599,2499,suspicious_reversal,card,saas,6,1,3,31,52,83,1714.92,1.457,0.857,0.03226,24.97,0
PX007600,4999,bank_timeout,card,saas,7,2,3,53,7,227,3878.18,1.289,0.778,0.03774,39.68,0
PX007601,4999,insufficient_funds,upi,education,6,1,0,35,46,368,4110.48,1.216,0.857,0.02857,22.96,1
PX007602,2499,insufficient_funds,card,ecommerce,8,0,2,27,44,119,3163.3,0.79,1.0,0.0,47.76,0
PX007603,4999,expired_card,netbanking,media,8,5,3,46,7,644,3422.83,1.46,0.615,0.1087,9.48,0
PX007604,499,suspicious_reversal,netbanking,media,9,3,2,1,41,688,678.99,0.735,0.75,3.0,45.27,0
PX007605,499,suspicious_reversal,card,media,7,3,0,38,56,521,600.57,0.831,0.7,0.07895,10.99,1
PX007606,19999,expired_card,card,saas,10,1,3,16,5,130,21606.74,0.926,0.909,0.0625,28.62,0
PX007607,999,mandate_expired,card,education,7,1,0,59,10,716,861.96,1.159,0.875,0.01695,32.35,1
PX007608,19999,bank_timeout,netbanking,ecommerce,1,0,3,1,53,180,24157.41,0.828,1.0,0.0,36.95,1
PX007609,1499,insufficient_funds,upi,saas,5,2,1,48,30,636,1605.59,0.934,0.714,0.04167,31.72,1
PX007610,1999,expired_card,card,ecommerce,9,2,3,17,7,491,2381.02,0.84,0.818,0.11765,42.82,0
PX007611,19999,expired_card,card,media,6,1,1,1,30,521,25871.31,0.773,0.857,1.0,20.63,0
PX007612,9999,bank_timeout,netbanking,subscription,8,1,2,31,45,388,8708.4,1.148,0.889,0.03226,30.51,1
PX007613,9999,suspicious_reversal,netbanking,media,7,2,3,48,25,193,10385.93,0.963,0.778,0.04167,21.57,0
PX007614,19999,bank_timeout,upi,saas,8,2,3,29,49,618,12877.17,1.553,0.8,0.06897,1.1,1
PX007615,499,insufficient_funds,upi,saas,8,2,2,23,56,561,516.58,0.966,0.8,0.08696,41.3,1
PX007616,9999,mandate_expired,upi,education,7,3,0,49,15,115,6479.17,1.543,0.7,0.06122,14.64,0
PX007617,4999,insufficient_funds,upi,subscription,7,1,1,60,26,411,3790.22,1.319,0.875,0.01667,28.4,1
PX007618,499,expired_card,wallet,media,5,3,2,19,24,624,680.3,0.734,0.625,0.15789,44.78,0
PX007619,1999,bank_timeout,netbanking,subscription,10,1,0,7,40,343,2106.15,0.949,0.909,0.14286,33.59,1
PX007620,9999,suspicious_reversal,wallet,subscription,10,2,3,41,38,297,7426.92,1.346,0.833,0.04878,21.81,0
PX007621,1499,mandate_expired,upi,education,10,2,2,52,56,722,1153.17,1.3,0.833,0.03846,19.41,0
PX007622,1499,suspicious_reversal,netbanking,education,11,1,1,53,35,202,1098.32,1.365,0.917,0.01887,35.31,0
PX007623,999,suspicious_reversal,netbanking,saas,11,2,2,50,34,483,976.48,1.023,0.846,0.04,40.54,0
PX007624,19999,bank_timeout,netbanking,media,4,2,0,47,1,411,21997.08,0.909,0.667,0.04255,7.22,1
PX007625,2499,mandate_expired,netbanking,ecommerce,7,1,2,27,39,12,3486.34,0.717,0.875,0.03704,45.58,0
PX007626,1999,mandate_expired,netbanking,media,13,1,1,42,22,499,1749.36,1.143,0.929,0.02381,23.7,1
PX007627,2499,insufficient_funds,upi,saas,5,0,3,24,4,593,2430.38,1.028,1.0,0.0,2.6,0
PX007628,999,insufficient_funds,netbanking,subscription,7,0,2,54,25,568,1116.42,0.895,1.0,0.0,46.05,0
PX007629,1499,mandate_expired,card,education,8,1,1,11,4,571,1591.2,0.942,0.889,0.09091,33.38,1
PX007630,1999,expired_card,wallet,education,9,3,3,29,3,365,2014.36,0.992,0.75,0.10345,16.85,0
PX007631,499,insufficient_funds,upi,subscription,4,2,1,34,36,132,525.01,0.95,0.667,0.05882,40.45,1
PX007632,499,mandate_expired,wallet,education,5,1,2,10,45,409,456.09,1.094,0.833,0.1,29.3,1
PX007633,19999,expired_card,upi,ecommerce,13,3,1,6,28,638,21250.13,0.941,0.812,0.5,46.61,0
PX007634,1499,expired_card,card,education,6,2,1,20,20,669,1369.35,1.095,0.75,0.1,32.32,0
PX007635,499,bank_timeout,wallet,media,12,2,3,52,25,349,406.94,1.226,0.857,0.03846,35.42,1
PX007636,499,bank_timeout,upi,ecommerce,6,4,3,28,14,468,683.57,0.73,0.6,0.14286,30.7,1
PX007637,1999,insufficient_funds,netbanking,ecommerce,5,3,2,13,1,466,2486.2,0.804,0.625,0.23077,31.21,0
PX007638,19999,expired_card,card,media,7,1,0,15,42,466,27498.79,0.727,0.875,0.06667,2.42,1
PX007639,499,mandate_expired,wallet,education,6,1,3,15,24,389,607.44,0.821,0.857,0.06667,45.83,1
PX007640,4999,expired_card,upi,ecommerce,9,3,3,50,45,165,5550.44,0.901,0.75,0.06,8.25,1
PX007641,499,suspicious_reversal,wallet,education,5,1,3,37,15,502,619.4,0.806,0.833,0.02703,5.06,0
PX007642,19999,mandate_expired,upi,education,8,1,0,45,51,476,17216.74,1.162,0.889,0.02222,36.48,0
PX007643,1499,bank_timeout,wallet,media,8,1,3,48,40,209,2054.66,0.73,0.889,0.02083,38.6,1
PX007644,1499,expired_card,upi,media,11,2,2,10,11,376,1164.4,1.287,0.846,0.2,23.03,0
PX007645,999,insufficient_funds,wallet,education,10,1,0,52,47,376,1344.67,0.743,0.909,0.01923,25.01,1
PX007646,4999,suspicious_reversal,netbanking,subscription,7,2,2,32,39,380,5884.97,0.849,0.778,0.0625,38.41,0
PX007647,19999,mandate_expired,card,saas,12,5,1,14,60,299,14081.32,1.42,0.706,0.35714,12.22,0
PX007648,1999,expired_card,upi,saas,8,1,2,42,41,726,2279.88,0.877,0.889,0.02381,10.79,0
PX007649,499,mandate_expired,netbanking,media,4,3,2,17,15,406,689.1,0.724,0.571,0.17647,28.12,0
PX007650,1999,mandate_expired,card,saas,7,2,3,15,41,724,2290.15,0.873,0.778,0.13333,4.32,0
PX007651,1999,expired_card,wallet,ecommerce,5,7,0,17,44,553,2622.59,0.762,0.417,0.41176,39.58,0
PX007652,2499,expired_card,wallet,media,8,2,2,15,38,424,2085.79,1.198,0.8,0.13333,29.05,0
PX007653,2499,insufficient_funds,upi,subscription,7,3,0,41,46,195,2543.19,0.983,0.7,0.07317,39.33,1
PX007654,1499,suspicious_reversal,card,saas,6,2,0,60,38,280,1647.67,0.91,0.75,0.03333,7.47,0
PX007655,1999,expired_card,card,saas,13,2,1,37,10,398,1592.44,1.255,0.867,0.05405,24.61,0
PX007656,19999,expired_card,wallet,media,7,1,1,40,24,583,24417.84,0.819,0.875,0.025,28.03,0
PX007657,9999,suspicious_reversal,upi,ecommerce,9,1,1,39,11,720,6076.12,1.646,0.9,0.02564,41.31,0
PX007658,499,expired_card,netbanking,education,1,0,2,39,58,425,478.93,1.042,1.0,0.0,33.46,0
PX007659,2499,insufficient_funds,wallet,ecommerce,11,2,1,33,18,187,3042.02,0.821,0.846,0.06061,36.01,0
PX007660,999,bank_timeout,card,education,8,0,3,20,20,588,932.19,1.072,1.0,0.0,11.69,1
PX007661,4999,bank_timeout,upi,media,7,1,2,18,36,430,3896.3,1.283,0.875,0.05556,13.85,1
PX007662,999,expired_card,upi,ecommerce,7,2,1,1,3,102,823.7,1.213,0.778,2.0,41.35,0
PX007663,999,suspicious_reversal,upi,saas,9,4,2,33,33,502,852.69,1.172,0.692,0.12121,4.46,0
PX007664,2499,mandate_expired,upi,media,7,0,1,12,51,365,1817.66,1.375,1.0,0.0,3.36,1
PX007665,2499,bank_timeout,netbanking,saas,9,1,2,43,43,314,2761.37,0.905,0.9,0.02326,8.35,0
PX007666,4999,suspicious_reversal,upi,ecommerce,4,2,2,52,6,676,5973.66,0.837,0.667,0.03846,11.79,0
PX007667,1999,bank_timeout,netbanking,subscription,5,1,2,56,17,666,1906.07,1.049,0.833,0.01786,14.19,1
PX007668,2499,bank_timeout,wallet,education,8,1,0,28,44,636,3371.25,0.741,0.889,0.03571,12.07,1
PX007669,1999,insufficient_funds,card,ecommerce,9,1,3,21,12,310,2177.61,0.918,0.9,0.04762,0.98,1
PX007670,2499,insufficient_funds,wallet,media,4,5,0,28,29,202,2960.15,0.844,0.444,0.17857,34.63,1
PX007671,4999,expired_card,wallet,subscription,7,1,0,38,32,354,4132.08,1.21,0.875,0.02632,14.95,0
PX007672,1999,expired_card,netbanking,education,9,3,0,48,18,283,1969.1,1.015,0.75,0.0625,40.66,0
PX007673,2499,mandate_expired,upi,education,4,4,0,36,37,381,3325.27,0.752,0.5,0.11111,15.69,0
PX007674,9999,expired_card,upi,ecommerce,8,0,0,27,47,10,8816.59,1.134,1.0,0.0,16.92,1
PX007675,4999,mandate_expired,upi,media,11,6,3,19,29,661,4543.08,1.1,0.647,0.31579,35.53,0
PX007676,1499,insufficient_funds,upi,ecommerce,8,1,1,57,47,210,2024.13,0.741,0.889,0.01754,2.59,0
PX007677,499,bank_timeout,netbanking,saas,11,1,3,22,25,672,416.35,1.199,0.917,0.04545,3.89,1
PX007678,4999,bank_timeout,card,ecommerce,6,0,3,40,38,178,4005.06,1.248,1.0,0.0,42.47,1
PX007679,499,mandate_expired,wallet,education,7,3,3,12,55,217,490.03,1.018,0.7,0.25,16.2,0
PX007680,999,insufficient_funds,card,media,7,0,0,37,39,435,944.94,1.057,1.0,0.0,18.04,0
PX007681,499,mandate_expired,card,education,5,1,1,35,31,223,310.38,1.608,0.833,0.02857,44.33,1
PX007682,9999,expired_card,upi,saas,6,3,0,27,44,375,12057.83,0.829,0.667,0.11111,35.6,0
PX007683,4999,expired_card,card,saas,7,2,0,13,55,503,4702.76,1.063,0.778,0.15385,47.35,1
PX007684,1999,suspicious_reversal,card,subscription,7,1,2,51,54,540,1352.92,1.478,0.875,0.01961,32.03,0
PX007685,19999,bank_timeout,upi,education,12,2,3,27,9,252,23773.24,0.841,0.857,0.07407,41.07,1
PX007686,9999,bank_timeout,wallet,subscription,9,2,2,2,10,410,6127.6,1.632,0.818,1.0,19.6,0
PX007687,1999,bank_timeout,wallet,saas,6,3,2,48,1,552,2635.02,0.759,0.667,0.0625,10.34,1
PX007688,19999,bank_timeout,wallet,saas,10,0,0,22,14,151,18736.39,1.067,1.0,0.0,19.02,1
PX007689,4999,expired_card,upi,education,7,1,1,27,54,230,4402.41,1.136,0.875,0.03704,35.48,0
PX007690,499,bank_timeout,upi,subscription,7,1,3,48,50,450,417.42,1.195,0.875,0.02083,35.01,0
PX007691,1499,expired_card,card,media,9,2,0,14,8,355,1890.29,0.793,0.818,0.14286,21.47,0
PX007692,999,mandate_expired,netbanking,saas,12,2,0,14,29,114,1277.27,0.782,0.857,0.14286,27.43,1
PX007693,999,insufficient_funds,upi,ecommerce,8,2,1,37,58,358,1182.52,0.845,0.8,0.05405,28.44,1
PX007694,19999,mandate_expired,netbanking,saas,6,0,3,19,21,270,21346.01,0.937,1.0,0.0,46.18,0
PX007695,1499,suspicious_reversal,card,subscription,12,3,0,24,39,241,1624.33,0.923,0.8,0.125,46.41,1
PX007696,499,bank_timeout,upi,saas,7,2,0,26,36,575,453.68,1.1,0.778,0.07692,11.92,1
PX007697,2499,insufficient_funds,netbanking,ecommerce,9,1,2,48,23,98,3253.39,0.768,0.9,0.02083,31.06,1
PX007698,1499,bank_timeout,wallet,ecommerce,5,1,0,16,11,378,2084.07,0.719,0.833,0.0625,15.64,1
PX007699,999,bank_timeout,card,saas,10,2,1,4,39,217,925.6,1.079,0.833,0.5,10.41,0
PX007700,499,bank_timeout,upi,saas,9,1,2,43,21,95,394.96,1.263,0.9,0.02326,47.96,1
PX007701,499,expired_card,netbanking,education,4,2,1,41,44,23,455.96,1.094,0.667,0.04878,38.86,0
PX007702,1999,suspicious_reversal,upi,ecommerce,4,0,0,32,27,36,1847.03,1.082,1.0,0.0,3.62,1
PX007703,1499,suspicious_reversal,wallet,education,9,0,1,38,35,369,2050.62,0.731,1.0,0.0,44.94,0
PX007704,1999,bank_timeout,netbanking,ecommerce,6,1,0,23,60,270,1435.96,1.392,0.857,0.04348,18.4,1
PX007705,2499,expired_card,card,ecommerce,6,2,0,37,19,261,1702.93,1.467,0.75,0.05405,2.39,0
PX007706,19999,bank_timeout,card,media,9,1,0,20,52,558,14057.76,1.423,0.9,0.05,27.09,1
PX007707,999,mandate_expired,card,ecommerce,10,1,1,36,5,232,742.4,1.346,0.909,0.02778,6.87,0
PX007708,999,suspicious_reversal,netbanking,saas,11,3,2,47,35,193,1083.25,0.922,0.786,0.06383,38.18,0
PX007709,1999,suspicious_reversal,wallet,saas,4,2,1,29,54,441,2769.49,0.722,0.667,0.06897,42.99,0
PX007710,4999,mandate_expired,upi,subscription,6,3,0,6,24,650,4753.18,1.052,0.667,0.5,5.47,1
PX007711,1499,bank_timeout,netbanking,subscription,2,3,3,18,58,513,1752.28,0.855,0.4,0.16667,23.56,1
PX007712,1499,expired_card,wallet,media,4,2,1,9,47,263,2059.62,0.728,0.667,0.22222,41.83,1
PX007713,2499,expired_card,wallet,subscription,6,4,2,40,11,78,2086.6,1.198,0.6,0.1,20.59,0
PX007714,9999,bank_timeout,netbanking,media,10,2,3,17,55,674,9467.01,1.056,0.833,0.11765,19.22,1
PX007715,9999,bank_timeout,netbanking,subscription,8,1,3,53,51,214,7639.29,1.309,0.889,0.01887,41.32,1
PX007716,2499,insufficient_funds,card,education,7,3,2,44,9,348,3358.08,0.744,0.7,0.06818,29.89,0
PX007717,4999,suspicious_reversal,upi,media,6,3,2,8,45,392,6092.99,0.82,0.667,0.375,1.73,0
PX007718,999,expired_card,card,media,5,4,2,33,55,268,660.94,1.511,0.556,0.12121,32.5,1
PX007719,2499,mandate_expired,card,saas,6,3,3,29,32,500,2727.69,0.916,0.667,0.10345,20.57,0
PX007720,1499,insufficient_funds,netbanking,ecommerce,11,4,1,13,45,422,1003.7,1.493,0.733,0.30769,40.32,1
PX007721,1999,bank_timeout,card,saas,10,2,2,9,21,319,1659.46,1.205,0.833,0.22222,3.41,0
PX007722,499,mandate_expired,card,education,8,4,0,16,47,677,325.14,1.535,0.667,0.25,20.54,1
PX007723,9999,insufficient_funds,card,education,8,3,2,22,50,381,6987.97,1.431,0.727,0.13636,20.11,1
PX007724,9999,bank_timeout,upi,subscription,8,1,2,40,34,260,9400.51,1.064,0.889,0.025,30.85,1
PX007725,2499,suspicious_reversal,upi,media,2,0,1,6,9,419,2444.61,1.022,1.0,0.0,33.82,0
PX007726,1999,expired_card,wallet,education,8,5,1,27,56,128,1609.22,1.242,0.615,0.18519,30.76,0
PX007727,19999,suspicious_reversal,wallet,saas,6,1,2,20,55,62,20674.17,0.967,0.857,0.05,47.54,0
PX007728,9999,mandate_expired,wallet,saas,10,0,0,16,15,449,7157.09,1.397,1.0,0.0,6.11,1
PX007729,1499,suspicious_reversal,wallet,subscription,13,0,0,35,5,197,1166.07,1.286,1.0,0.0,6.0,0
PX007730,499,bank_timeout,wallet,subscription,7,1,1,12,36,65,424.96,1.174,0.875,0.08333,18.32,1
PX007731,19999,insufficient_funds,wallet,ecommerce,11,1,0,32,56,726,26012.95,0.769,0.917,0.03125,9.85,0
PX007732,499,bank_timeout,wallet,subscription,8,1,2,46,11,545,522.62,0.955,0.889,0.02174,23.67,1
PX007733,19999,mandate_expired,wallet,ecommerce,10,3,2,31,3,657,15121.14,1.323,0.769,0.09677,33.02,0
PX007734,999,bank_timeout,netbanking,education,7,4,2,26,57,309,996.21,1.003,0.636,0.15385,28.72,1
PX007735,499,mandate_expired,upi,education,10,2,3,56,54,333,680.37,0.733,0.833,0.03571,12.01,1
PX007736,1499,expired_card,upi,education,5,1,2,48,54,293,1303.95,1.15,0.833,0.02083,29.59,0
PX007737,9999,suspicious_reversal,card,ecommerce,10,4,0,55,28,343,6618.75,1.511,0.714,0.07273,30.85,1
PX007738,19999,mandate_expired,card,ecommerce,10,2,1,60,36,2,20539.82,0.974,0.833,0.03333,11.31,0
PX007739,499,expired_card,card,subscription,14,2,0,12,6,419,678.3,0.736,0.875,0.16667,41.5,0
PX007740,999,bank_timeout,wallet,ecommerce,10,2,0,28,19,394,1196.45,0.835,0.833,0.07143,1.69,1
PX007741,499,bank_timeout,wallet,media,10,1,3,44,15,353,314.13,1.589,0.909,0.02273,18.09,0
PX007742,1499,bank_timeout,upi,saas,2,2,1,3,34,195,2064.24,0.726,0.5,0.66667,37.08,1
PX007743,2499,insufficient_funds,wallet,education,10,2,2,45,47,615,3320.77,0.753,0.833,0.04444,23.3,1
PX007744,4999,expired_card,wallet,media,5,1,3,39,4,27,3508.42,1.425,0.833,0.02564,2.84,0
PX007745,2499,mandate_expired,wallet,ecommerce,12,5,1,22,50,147,2044.42,1.222,0.706,0.22727,37.68,0
PX007746,1499,mandate_expired,upi,ecommerce,5,0,1,40,37,645,1557.43,0.962,1.0,0.0,24.24,0
PX007747,9999,insufficient_funds,card,saas,9,3,0,13,18,33,9394.96,1.064,0.75,0.23077,23.72,1
PX007748,9999,bank_timeout,netbanking,subscription,8,1,3,35,47,325,10799.64,0.926,0.889,0.02857,0.7,1
PX007749,4999,bank_timeout,netbanking,media,7,1,0,30,27,591,3080.42,1.623,0.875,0.03333,17.71,1
PX007750,9999,suspicious_reversal,wallet,ecommerce,11,4,2,50,14,21,13123.43,0.762,0.733,0.08,39.64,0
PX007751,1999,bank_timeout,wallet,education,3,0,3,55,43,94,1753.39,1.14,1.0,0.0,33.42,1
PX007752,2499,mandate_expired,upi,education,5,4,3,13,33,698,2496.67,1.001,0.556,0.30769,6.4,0
PX007753,499,expired_card,card,education,10,4,0,39,40,337,330.02,1.512,0.714,0.10256,6.98,0
PX007754,9999,suspicious_reversal,wallet,subscription,4,4,0,36,28,76,12350.48,0.81,0.5,0.11111,27.13,0
PX007755,19999,expired_card,wallet,ecommerce,11,2,0,44,56,505,23317.86,0.858,0.846,0.04545,13.81,1
PX007756,4999,expired_card,wallet,saas,10,1,1,4,2,234,5734.12,0.872,0.909,0.25,35.5,0
PX007757,4999,bank_timeout,upi,saas,5,3,1,54,8,366,6734.63,0.742,0.625,0.05556,29.35,0
PX007758,4999,suspicious_reversal,netbanking,media,9,5,0,5,53,550,6509.63,0.768,0.643,1.0,43.45,0
PX007759,9999,suspicious_reversal,upi,education,3,0,2,1,15,607,11935.96,0.838,1.0,0.0,20.77,0
PX007760,1499,bank_timeout,wallet,media,11,1,1,14,53,362,1630.86,0.919,0.917,0.07143,35.2,1
PX007761,1999,insufficient_funds,wallet,subscription,6,1,2,10,1,345,1696.18,1.179,0.857,0.1,20.85,0
PX007762,19999,insufficient_funds,wallet,ecommerce,8,3,3,43,55,294,25255.11,0.792,0.727,0.06977,28.22,0
PX007763,4999,suspicious_reversal,card,education,10,6,3,42,32,564,5964.54,0.838,0.625,0.14286,2.86,0
PX007764,19999,suspicious_reversal,upi,education,4,1,2,15,23,591,26920.86,0.743,0.8,0.06667,3.93,0
PX007765,2499,insufficient_funds,wallet,ecommerce,8,5,2,27,21,183,1561.9,1.6,0.615,0.18519,15.2,1
PX007766,19999,suspicious_reversal,netbanking,saas,5,3,0,13,7,203,12655.16,1.58,0.625,0.23077,15.74,0
PX007767,1999,expired_card,wallet,education,7,1,3,37,24,511,1831.3,1.092,0.875,0.02703,6.6,0
PX007768,1499,mandate_expired,wallet,subscription,13,1,3,16,26,339,1291.58,1.161,0.929,0.0625,10.19,0
PX007769,1499,bank_timeout,wallet,subscription,9,1,2,36,57,207,1307.25,1.147,0.9,0.02778,7.96,1
PX007770,2499,expired_card,wallet,saas,13,4,2,51,28,243,1802.47,1.386,0.765,0.07843,24.61,0
PX007771,1499,insufficient_funds,card,saas,14,2,1,55,15,173,987.97,1.517,0.875,0.03636,26.22,1
PX007772,1999,bank_timeout,card,subscription,7,1,2,55,30,302,1746.54,1.145,0.875,0.01818,46.63,1
PX007773,1999,expired_card,card,subscription,8,2,3,6,27,579,1230.49,1.625,0.8,0.33333,45.08,0
PX007774,1999,suspicious_reversal,upi,media,9,7,3,14,14,204,1266.01,1.579,0.562,0.5,16.19,0
PX007775,9999,suspicious_reversal,card,ecommerce,9,2,3,37,14,138,9533.29,1.049,0.818,0.05405,45.51,0
PX007776,499,bank_timeout,wallet,ecommerce,6,0,0,29,23,497,318.66,1.566,1.0,0.0,33.03,1
PX007777,19999,suspicious_reversal,wallet,education,10,1,0,6,56,562,13816.3,1.447,0.909,0.16667,17.22,1
PX007778,19999,mandate_expired,netbanking,subscription,7,2,0,9,2,279,23315.37,0.858,0.778,0.22222,16.47,0
PX007779,999,suspicious_reversal,upi,media,6,2,3,23,13,44,1210.87,0.825,0.75,0.08696,23.14,0
PX007780,1999,insufficient_funds,card,saas,11,2,2,28,28,112,2683.89,0.745,0.846,0.07143,46.78,1
PX007781,19999,mandate_expired,wallet,media,6,6,2,47,53,335,23467.85,0.852,0.5,0.12766,35.0,1
PX007782,499,insufficient_funds,card,subscription,10,3,2,24,34,517,565.03,0.883,0.769,0.125,13.16,0
PX007783,2499,suspicious_reversal,upi,subscription,6,4,3,13,17,139,1674.77,1.492,0.6,0.30769,7.12,0
PX007784,1999,mandate_expired,upi,ecommerce,7,1,2,28,33,563,2531.85,0.79,0.875,0.03571,23.08,0
PX007785,2499,bank_timeout,card,ecommerce,11,0,1,47,52,331,3377.85,0.74,1.0,0.0,28.51,1
PX007786,19999,suspicious_reversal,netbanking,saas,3,1,3,30,32,552,27060.85,0.739,0.75,0.03333,35.7,0
PX007787,499,mandate_expired,netbanking,saas,7,0,0,22,23,453,589.6,0.846,1.0,0.0,46.9,0
PX007788,1499,insufficient_funds,upi,education,6,1,2,13,33,170,1086.4,1.38,0.857,0.07692,36.5,1
PX007789,499,bank_timeout,wallet,subscription,13,0,0,12,28,368,457.04,1.092,1.0,0.0,21.21,1
PX007790,499,bank_timeout,card,subscription,8,1,3,9,47,58,386.94,1.29,0.889,0.11111,39.55,0
PX007791,1999,suspicious_reversal,netbanking,saas,2,0,1,7,49,57,1996.5,1.001,1.0,0.0,42.28,0
PX007792,1999,expired_card,upi,saas,12,2,0,57,6,355,2241.65,0.892,0.857,0.03509,38.96,0
PX007793,2499,mandate_expired,upi,saas,10,2,0,40,26,466,3494.72,0.715,0.833,0.05,19.29,0
PX007794,4999,mandate_expired,wallet,ecommerce,12,1,2,30,58,146,4493.58,1.112,0.923,0.03333,31.22,1
PX007795,2499,expired_card,wallet,media,8,1,3,22,11,259,3311.86,0.755,0.889,0.04545,45.75,1
PX007796,4999,mandate_expired,netbanking,ecommerce,11,1,3,27,12,472,3225.61,1.55,0.917,0.03704,18.31,1
PX007797,19999,expired_card,upi,education,11,2,0,9,47,186,19594.4,1.021,0.846,0.22222,15.04,1
PX007798,9999,expired_card,card,saas,4,2,1,27,12,128,7607.75,1.314,0.667,0.07407,14.91,0
PX007799,9999,mandate_expired,card,education,11,5,0,42,8,257,12198.8,0.82,0.688,0.11905,40.0,0
PX007800,1499,expired_card,upi,media,8,3,3,56,8,138,1104.85,1.357,0.727,0.05357,22.19,0
PX007801,999,mandate_expired,wallet,saas,8,2,3,25,48,272,1061.3,0.941,0.8,0.08,37.24,0
PX007802,4999,expired_card,upi,media,5,3,0,43,28,635,5253.93,0.951,0.625,0.06977,5.8,0
PX007803,499,expired_card,wallet,ecommerce,8,3,0,54,49,380,393.04,1.27,0.727,0.05556,4.15,1
PX007804,19999,suspicious_reversal,upi,media,10,3,3,13,23,567,25124.53,0.796,0.769,0.23077,8.9,0
PX007805,2499,mandate_expired,netbanking,subscription,5,4,1,37,36,574,2357.54,1.06,0.556,0.10811,34.65,0
PX007806,4999,mandate_expired,card,media,3,1,1,57,21,434,3165.88,1.579,0.75,0.01754,40.56,0
PX007807,19999,bank_timeout,wallet,education,8,3,2,30,57,648,19203.23,1.041,0.727,0.1,43.36,0
PX007808,999,suspicious_reversal,card,ecommerce,10,1,2,14,2,273,762.49,1.31,0.909,0.07143,12.99,0
PX007809,1999,insufficient_funds,netbanking,ecommerce,8,1,0,60,33,550,1304.39,1.533,0.889,0.01667,5.55,0
PX007810,499,suspicious_reversal,upi,education,9,2,2,10,10,255,576.53,0.866,0.818,0.2,6.81,0
PX007811,19999,suspicious_reversal,card,ecommerce,10,1,2,57,50,145,14270.78,1.401,0.909,0.01754,37.62,0
PX007812,4999,insufficient_funds,netbanking,media,6,1,3,32,27,109,3058.62,1.634,0.857,0.03125,39.01,1
PX007813,9999,suspicious_reversal,card,saas,11,3,3,47,55,439,13299.77,0.752,0.786,0.06383,18.83,0
PX007814,1499,bank_timeout,wallet,saas,6,2,2,55,45,511,1151.34,1.302,0.75,0.03636,46.75,0
PX007815,4999,mandate_expired,wallet,ecommerce,14,2,3,30,35,397,5475.52,0.913,0.875,0.06667,31.61,0
PX007816,2499,bank_timeout,upi,saas,5,0,2,60,40,172,1661.06,1.504,1.0,0.0,4.73,1
PX007817,19999,suspicious_reversal,netbanking,subscription,5,1,1,22,23,446,17020.38,1.175,0.833,0.04545,15.61,0
PX007818,999,insufficient_funds,netbanking,ecommerce,11,1,1,49,37,323,1293.05,0.773,0.917,0.02041,35.32,1
PX007819,499,insufficient_funds,netbanking,media,8,2,0,32,15,664,629.15,0.793,0.8,0.0625,43.25,1
PX007820,1999,mandate_expired,card,subscription,3,2,2,5,43,110,2643.4,0.756,0.6,0.4,9.37,0
PX007821,499,suspicious_reversal,upi,ecommerce,9,4,2,12,31,328,328.97,1.517,0.692,0.33333,25.62,0
PX007822,2499,mandate_expired,card,media,4,0,2,27,30,160,2858.2,0.874,1.0,0.0,22.73,0
PX007823,2499,suspicious_reversal,card,education,15,2,3,39,17,258,2267.4,1.102,0.882,0.05128,34.26,0
PX007824,9999,mandate_expired,card,ecommerce,7,2,2,32,4,516,10428.45,0.959,0.778,0.0625,4.95,0
PX007825,999,mandate_expired,upi,ecommerce,9,0,3,49,26,245,741.04,1.348,1.0,0.0,1.43,0
PX007826,1999,suspicious_reversal,wallet,education,5,1,3,22,60,59,1209.96,1.652,0.833,0.04545,35.46,0
PX007827,1499,bank_timeout,wallet,ecommerce,12,0,3,51,40,574,1129.98,1.327,1.0,0.0,40.93,1
PX007828,499,bank_timeout,wallet,ecommerce,2,1,0,16,9,236,466.6,1.069,0.667,0.0625,47.57,1
PX007829,2499,bank_timeout,wallet,subscription,7,3,3,25,32,108,2575.12,0.97,0.7,0.12,25.75,1
PX007830,1999,mandate_expired,netbanking,ecommerce,11,1,3,51,56,563,2720.92,0.735,0.917,0.01961,44.22,0
PX007831,2499,insufficient_funds,wallet,saas,6,0,0,21,12,255,2509.52,0.996,1.0,0.0,47.31,1
PX007832,19999,suspicious_reversal,netbanking,saas,8,3,1,46,44,510,24153.18,0.828,0.727,0.06522,25.19,1
PX007833,2499,bank_timeout,netbanking,education,11,2,0,58,44,574,2072.57,1.206,0.846,0.03448,28.81,1
PX007834,1499,expired_card,netbanking,education,8,3,0,42,57,437,2038.28,0.735,0.727,0.07143,10.03,1
PX007835,2499,suspicious_reversal,card,subscription,14,2,3,17,34,652,2013.76,1.241,0.875,0.11765,45.71,0
PX007836,4999,insufficient_funds,netbanking,saas,7,2,3,42,5,278,3774.84,1.324,0.778,0.04762,15.75,1
PX007837,499,expired_card,card,education,8,1,1,13,56,173,319.83,1.56,0.889,0.07692,4.43,0
PX007838,2499,mandate_expired,card,ecommerce,7,0,0,48,33,563,3255.2,0.768,1.0,0.0,32.92,0
PX007839,1999,mandate_expired,upi,subscription,4,3,0,43,38,650,1226.03,1.63,0.571,0.06977,33.44,0
PX007840,9999,expired_card,card,saas,6,0,0,34,10,663,8607.78,1.162,1.0,0.0,21.6,0
PX007841,19999,suspicious_reversal,upi,saas,5,3,2,46,33,446,18969.91,1.054,0.625,0.06522,23.45,0
PX007842,2499,mandate_expired,wallet,saas,6,1,1,42,13,348,1952.9,1.28,0.857,0.02381,2.33,0
PX007843,999,mandate_expired,upi,saas,8,0,0,38,17,91,1243.4,0.803,1.0,0.0,45.15,0
PX007844,9999,insufficient_funds,netbanking,media,15,1,2,6,15,557,9675.14,1.033,0.938,0.16667,13.28,1
PX007845,999,suspicious_reversal,upi,media,7,3,0,43,53,174,602.48,1.658,0.7,0.06977,3.15,0
PX007846,999,expired_card,wallet,media,5,2,1,17,47,568,1034.87,0.965,0.714,0.11765,14.55,0
PX007847,19999,insufficient_funds,wallet,education,10,2,0,30,16,538,15046.77,1.329,0.833,0.06667,3.43,1
PX007848,499,mandate_expired,wallet,media,8,1,2,9,40,708,382.42,1.305,0.889,0.11111,42.56,0
PX007849,4999,insufficient_funds,card,ecommerce,11,2,1,25,52,676,5645.2,0.886,0.846,0.08,15.42,1
PX007850,4999,bank_timeout,netbanking,education,9,4,0,46,12,68,6997.88,0.714,0.692,0.08696,7.37,1
PX007851,499,mandate_expired,upi,education,12,1,0,32,32,603,611.77,0.816,0.923,0.03125,41.77,0
PX007852,499,mandate_expired,netbanking,media,8,1,0,54,20,687,590.55,0.845,0.889,0.01852,39.57,1
PX007853,999,insufficient_funds,netbanking,subscription,6,3,0,33,41,473,646.83,1.544,0.667,0.09091,5.14,1
PX007854,1999,bank_timeout,wallet,subscription,13,4,2,59,6,693,2490.9,0.803,0.765,0.0678,14.79,1
PX007855,2499,bank_timeout,card,subscription,6,0,2,14,1,431,2914.78,0.857,1.0,0.0,42.29,1
PX007856,999,expired_card,wallet,media,9,2,1,44,28,9,617.79,1.617,0.818,0.04545,47.33,0
PX007857,1999,bank_timeout,wallet,ecommerce,6,1,1,25,30,461,2472.25,0.809,0.857,0.04,0.68,1
PX007858,1499,mandate_expired,netbanking,media,1,0,1,45,10,449,1006.9,1.489,1.0,0.0,21.76,1
PX007859,499,mandate_expired,upi,ecommerce,8,3,0,39,51,590,646.79,0.771,0.727,0.07692,2.67,0
PX007860,999,expired_card,netbanking,subscription,10,2,0,52,8,310,1254.26,0.796,0.833,0.03846,19.02,1
PX007861,999,suspicious_reversal,netbanking,ecommerce,10,2,0,35,37,71,964.69,1.036,0.833,0.05714,42.03,1
PX007862,9999,bank_timeout,wallet,ecommerce,7,3,1,23,44,405,9272.29,1.078,0.7,0.13043,41.5,1
PX007863,999,insufficient_funds,netbanking,ecommerce,9,0,1,6,12,568,1299.31,0.769,1.0,0.0,42.68,1
PX007864,999,expired_card,card,ecommerce,8,3,2,6,5,473,1222.66,0.817,0.727,0.5,12.12,0
PX007865,9999,bank_timeout,netbanking,media,17,2,1,34,39,590,12005.6,0.833,0.895,0.05882,19.58,1
PX007866,499,suspicious_reversal,card,media,4,1,3,36,21,405,569.02,0.877,0.8,0.02778,29.42,0
PX007867,1999,insufficient_funds,card,education,11,1,1,23,8,490,2172.88,0.92,0.917,0.04348,17.46,0
PX007868,1499,insufficient_funds,card,subscription,4,3,3,6,11,558,2065.99,0.726,0.571,0.5,30.42,1
PX007869,2499,insufficient_funds,wallet,subscription,6,4,2,60,26,336,3157.7,0.791,0.6,0.06667,2.32,1
PX007870,19999,insufficient_funds,upi,subscription,10,2,3,54,10,271,24754.86,0.808,0.833,0.03704,27.36,0
PX007871,4999,insufficient_funds,card,saas,12,4,0,55,49,609,4175.0,1.197,0.75,0.07273,0.73,0
PX007872,499,expired_card,wallet,subscription,3,1,2,45,1,169,467.95,1.066,0.75,0.02222,42.42,1
PX007873,9999,bank_timeout,card,ecommerce,9,1,2,5,29,550,9095.61,1.099,0.9,0.2,41.32,1
PX007874,1999,mandate_expired,netbanking,education,7,4,2,41,60,481,2098.35,0.953,0.636,0.09756,28.39,1
PX007875,499,suspicious_reversal,upi,ecommerce,7,3,2,60,53,51,605.68,0.824,0.7,0.05,5.45,0
PX007876,9999,insufficient_funds,card,subscription,6,0,2,57,41,624,11754.17,0.851,1.0,0.0,27.28,0
PX007877,2499,mandate_expired,wallet,education,8,2,2,14,33,333,2050.54,1.219,0.8,0.14286,6.18,1
PX007878,19999,suspicious_reversal,card,subscription,10,3,0,35,11,62,26011.22,0.769,0.769,0.08571,25.58,0
PX007879,499,bank_timeout,netbanking,media,10,4,3,35,25,117,596.39,0.837,0.714,0.11429,20.68,1
PX007880,999,suspicious_reversal,wallet,education,6,1,1,33,44,100,961.86,1.039,0.857,0.0303,38.92,0
PX007881,9999,expired_card,wallet,saas,6,3,1,26,2,362,9018.43,1.109,0.667,0.11538,47.19,1
PX007882,499,expired_card,wallet,saas,3,2,2,11,49,395,421.27,1.185,0.6,0.18182,38.39,1
PX007883,499,suspicious_reversal,card,subscription,6,1,3,40,54,302,402.14,1.241,0.857,0.025,40.29,0
PX007884,499,mandate_expired,wallet,media,8,2,3,30,20,48,618.37,0.807,0.8,0.06667,2.71,0
PX007885,999,insufficient_funds,card,media,10,5,1,22,43,604,1154.8,0.865,0.667,0.22727,42.42,0
PX007886,4999,mandate_expired,card,education,15,2,2,31,54,264,4932.92,1.013,0.882,0.06452,24.08,0
PX007887,2499,insufficient_funds,upi,subscription,12,4,0,51,31,159,2762.38,0.905,0.75,0.07843,44.81,1
PX007888,19999,mandate_expired,card,ecommerce,4,0,0,33,50,272,21134.44,0.946,1.0,0.0,2.02,0
PX007889,499,mandate_expired,netbanking,education,6,4,2,50,11,328,505.34,0.987,0.6,0.08,14.26,0
PX007890,9999,expired_card,wallet,ecommerce,8,5,2,4,38,451,10120.82,0.988,0.615,1.25,13.47,1
PX007891,1999,suspicious_reversal,wallet,media,5,2,0,22,27,231,1707.0,1.171,0.714,0.09091,29.71,0
PX007892,1499,insufficient_funds,netbanking,media,6,4,1,55,53,670,1568.62,0.956,0.6,0.07273,40.52,1
PX007893,1999,suspicious_reversal,netbanking,media,13,0,0,9,5,572,1472.45,1.358,1.0,0.0,3.88,0
PX007894,499,insufficient_funds,card,ecommerce,3,2,2,13,51,712,355.94,1.402,0.6,0.15385,46.65,1
PX007895,999,bank_timeout,card,ecommerce,12,5,2,19,22,480,1309.81,0.763,0.706,0.26316,32.77,1
PX007896,19999,expired_card,wallet,ecommerce,12,4,2,45,5,509,24511.45,0.816,0.75,0.08889,46.01,0
PX007897,19999,mandate_expired,wallet,saas,8,1,3,36,4,500,17379.95,1.151,0.889,0.02778,23.86,0
PX007898,1999,bank_timeout,upi,education,10,2,3,22,42,523,1373.55,1.455,0.833,0.09091,31.39,1
PX007899,1999,mandate_expired,card,media,6,0,0,38,6,625,2637.18,0.758,1.0,0.0,28.24,0
PX007900,9999,suspicious_reversal,upi,media,7,2,2,51,31,181,6985.73,1.431,0.778,0.03922,13.33,0
PX007901,999,insufficient_funds,card,education,10,1,0,7,11,151,1292.58,0.773,0.909,0.14286,22.48,1
PX007902,4999,bank_timeout,netbanking,subscription,10,3,1,31,57,490,6539.69,0.764,0.769,0.09677,14.74,1
PX007903,499,bank_timeout,wallet,ecommerce,8,1,0,14,30,117,353.95,1.41,0.889,0.07143,39.9,1
PX007904,499,mandate_expired,card,media,5,4,2,45,1,29,680.0,0.734,0.556,0.08889,45.53,0
PX007905,1999,suspicious_reversal,upi,saas,6,2,0,47,27,398,1435.72,1.392,0.75,0.04255,0.89,0
PX007906,19999,mandate_expired,wallet,subscription,8,0,3,11,48,487,14784.57,1.353,1.0,0.0,4.65,0
PX007907,999,mandate_expired,wallet,media,9,2,0,5,20,12,1248.57,0.8,0.818,0.4,23.42,1
PX007908,19999,bank_timeout,wallet,media,11,0,1,14,8,50,24196.15,0.827,1.0,0.0,34.08,1
PX007909,1999,bank_timeout,netbanking,media,2,3,3,3,26,66,1283.58,1.557,0.4,1.0,15.16,1
PX007910,499,mandate_expired,netbanking,ecommerce,6,1,0,39,43,242,618.3,0.807,0.857,0.02564,9.7,0
PX007911,9999,mandate_expired,netbanking,saas,5,2,0,49,39,146,8727.08,1.146,0.714,0.04082,33.63,1
PX007912,2499,expired_card,netbanking,education,7,2,3,37,44,207,2060.29,1.213,0.778,0.05405,30.17,0
PX007913,19999,expired_card,upi,education,12,4,0,47,28,92,17136.94,1.167,0.75,0.08511,43.71,0
PX007914,19999,expired_card,card,media,12,3,0,2,28,364,22741.7,0.879,0.8,1.5,23.88,0
PX007915,19999,expired_card,card,subscription,8,1,0,35,14,9,20999.38,0.952,0.889,0.02857,24.62,1
PX007916,499,suspicious_reversal,card,media,8,3,3,41,39,554,626.02,0.797,0.727,0.07317,21.41,0
PX007917,9999,bank_timeout,wallet,saas,11,4,1,22,8,128,12356.24,0.809,0.733,0.18182,29.36,1
PX007918,4999,mandate_expired,upi,subscription,4,3,3,26,42,472,6773.78,0.738,0.571,0.11538,7.54,0
PX007919,499,insufficient_funds,wallet,subscription,12,1,2,34,1,536,659.28,0.757,0.923,0.02941,33.7,1
PX007920,1999,bank_timeout,netbanking,saas,11,4,3,8,57,684,2019.9,0.99,0.733,0.5,32.39,1
PX007921,2499,insufficient_funds,netbanking,media,8,1,1,60,10,673,1543.2,1.619,0.889,0.01667,16.38,0
PX007922,499,bank_timeout,card,saas,11,1,1,17,33,465,373.6,1.336,0.917,0.05882,46.95,0
PX007923,499,bank_timeout,netbanking,subscription,15,1,1,16,46,113,478.26,1.043,0.938,0.0625,35.21,1
PX007924,9999,mandate_expired,netbanking,media,11,4,1,34,55,649,8902.76,1.123,0.733,0.11765,8.69,0
PX007925,4999,expired_card,card,education,8,3,2,10,50,94,4896.72,1.021,0.727,0.3,30.95,0
PX007926,999,suspicious_reversal,netbanking,saas,10,2,0,21,59,231,944.25,1.058,0.833,0.09524,30.95,0
PX007927,1499,suspicious_reversal,upi,education,9,2,3,37,25,26,1257.68,1.192,0.818,0.05405,13.48,0
PX007928,1999,insufficient_funds,wallet,subscription,9,4,3,13,32,378,2360.1,0.847,0.692,0.30769,44.53,1
PX007929,2499,suspicious_reversal,card,saas,6,2,3,47,42,287,2337.87,1.069,0.75,0.04255,18.54,0
PX007930,19999,suspicious_reversal,upi,ecommerce,8,2,3,4,44,293,12284.81,1.628,0.8,0.5,11.22,0
PX007931,19999,expired_card,netbanking,media,8,1,2,35,46,544,12384.8,1.615,0.889,0.02857,26.84,1
PX007932,4999,insufficient_funds,upi,subscription,5,3,2,1,13,436,3877.42,1.289,0.625,3.0,9.41,1
PX007933,2499,insufficient_funds,upi,saas,4,1,1,42,34,640,2615.41,0.955,0.8,0.02381,30.02,0
PX007934,1499,bank_timeout,wallet,education,8,0,1,11,39,463,1745.21,0.859,1.0,0.0,14.46,1
PX007935,1999,insufficient_funds,netbanking,ecommerce,9,2,3,41,16,707,2675.9,0.747,0.818,0.04878,28.83,0
PX007936,1999,suspicious_reversal,upi,ecommerce,11,4,0,37,32,353,2736.71,0.73,0.733,0.10811,5.33,0
PX007937,19999,bank_timeout,netbanking,media,16,0,1,22,2,649,16541.37,1.209,1.0,0.0,11.67,1
PX007938,1999,bank_timeout,upi,ecommerce,10,1,3,54,42,149,1598.23,1.251,0.909,0.01852,2.8,0
PX007939,9999,expired_card,card,ecommerce,11,0,2,47,34,616,10603.83,0.943,1.0,0.0,25.62,0
PX007940,1499,mandate_expired,wallet,media,7,2,2,40,41,146,1427.51,1.05,0.778,0.05,1.89,0
PX007941,999,insufficient_funds,netbanking,subscription,5,1,0,39,12,542,830.66,1.203,0.833,0.02564,27.24,0
PX007942,4999,bank_timeout,upi,media,11,2,2,27,2,559,5194.27,0.962,0.846,0.07407,44.41,1
PX007943,2499,suspicious_reversal,wallet,media,5,2,0,37,20,555,3108.79,0.804,0.714,0.05405,15.18,1
PX007944,2499,insufficient_funds,card,media,3,1,3,36,18,65,3312.52,0.754,0.75,0.02778,1.03,1
PX007945,19999,suspicious_reversal,card,saas,6,1,1,22,11,366,27391.53,0.73,0.857,0.04545,32.13,0
PX007946,9999,bank_timeout,card,media,3,2,1,6,38,682,11800.56,0.847,0.6,0.33333,44.84,1
PX007947,19999,mandate_expired,wallet,ecommerce,15,3,1,35,31,670,14426.32,1.386,0.833,0.08571,31.37,1
PX007948,9999,mandate_expired,wallet,ecommerce,4,0,1,41,1,87,6414.56,1.559,1.0,0.0,16.65,1
PX007949,2499,expired_card,upi,education,10,2,2,18,32,347,3328.98,0.751,0.833,0.11111,0.81,1
PX007950,2499,suspicious_reversal,netbanking,ecommerce,5,0,2,2,11,79,2255.21,1.108,1.0,0.0,40.69,0
PX007951,2499,expired_card,wallet,education,6,1,2,52,56,121,2628.88,0.951,0.857,0.01923,10.94,1
PX007952,2499,suspicious_reversal,netbanking,education,4,4,0,27,57,540,3222.82,0.775,0.5,0.14815,4.24,0
PX007953,4999,insufficient_funds,card,saas,9,1,2,19,17,284,5881.93,0.85,0.9,0.05263,15.05,0
PX007954,2499,insufficient_funds,netbanking,saas,5,3,0,12,39,471,2311.58,1.081,0.625,0.25,2.43,0
PX007955,1499,insufficient_funds,upi,subscription,7,0,3,37,47,117,1475.96,1.016,1.0,0.0,2.61,0
PX007956,19999,suspicious_reversal,wallet,education,12,1,2,12,58,12,27729.19,0.721,0.923,0.08333,40.87,1
PX007957,499,insufficient_funds,wallet,saas,5,3,2,27,26,608,617.17,0.809,0.625,0.11111,10.38,1
PX007958,19999,bank_timeout,netbanking,ecommerce,4,0,3,33,23,606,13477.29,1.484,1.0,0.0,13.3,1
PX007959,9999,suspicious_reversal,netbanking,ecommerce,7,2,1,40,56,493,9677.51,1.033,0.778,0.05,31.58,0
PX007960,999,mandate_expired,upi,ecommerce,13,1,2,1,54,220,1398.45,0.714,0.929,1.0,32.29,0
PX007961,999,bank_timeout,card,ecommerce,8,2,0,30,26,6,718.38,1.391,0.8,0.06667,3.45,1
PX007962,19999,suspicious_reversal,card,saas,10,1,0,30,33,411,26684.49,0.749,0.909,0.03333,41.64,0
PX007963,9999,mandate_expired,wallet,education,7,1,0,37,16,557,6143.81,1.627,0.875,0.02703,24.44,0
PX007964,19999,insufficient_funds,wallet,media,4,1,1,16,28,202,13038.61,1.534,0.8,0.0625,2.3,1
PX007965,499,expired_card,netbanking,ecommerce,10,0,3,32,50,502,605.47,0.824,1.0,0.0,11.13,0
PX007966,19999,expired_card,wallet,saas,6,2,2,9,23,705,19064.33,1.049,0.75,0.22222,25.76,0
PX007967,999,insufficient_funds,wallet,media,6,2,0,55,2,287,673.95,1.482,0.75,0.03636,26.85,1
PX007968,499,mandate_expired,netbanking,saas,9,2,1,31,3,276,484.66,1.03,0.818,0.06452,9.6,1
PX007969,19999,insufficient_funds,upi,ecommerce,7,4,0,7,42,633,26630.98,0.751,0.636,0.57143,45.8,1
PX007970,4999,expired_card,upi,media,8,2,0,52,50,671,6737.16,0.742,0.8,0.03846,46.61,0
PX007971,4999,bank_timeout,upi,saas,6,2,3,56,37,92,6011.13,0.832,0.75,0.03571,43.51,1
PX007972,999,mandate_expired,upi,ecommerce,6,3,0,18,49,461,957.29,1.044,0.667,0.16667,46.34,0
PX007973,9999,insufficient_funds,upi,education,6,4,1,48,48,14,9768.03,1.024,0.6,0.08333,13.83,1
PX007974,1999,suspicious_reversal,netbanking,ecommerce,10,3,2,53,5,467,1853.96,1.078,0.769,0.0566,22.01,0
PX007975,4999,bank_timeout,netbanking,subscription,10,3,2,25,11,494,4156.9,1.203,0.769,0.12,2.04,1
PX007976,4999,mandate_expired,card,saas,9,2,0,52,41,27,4325.96,1.156,0.818,0.03846,14.65,1
PX007977,1999,expired_card,card,education,7,3,0,26,30,483,1458.36,1.371,0.7,0.11538,20.46,1
PX007978,9999,insufficient_funds,upi,ecommerce,13,3,0,44,22,550,9954.9,1.004,0.812,0.06818,39.08,1
PX007979,2499,mandate_expired,upi,subscription,4,3,2,36,4,703,1960.9,1.274,0.571,0.08333,37.38,0
PX007980,999,mandate_expired,upi,education,6,2,0,21,26,310,993.6,1.005,0.75,0.09524,5.66,1
PX007981,19999,mandate_expired,netbanking,media,7,1,0,13,49,220,20296.17,0.985,0.875,0.07692,17.84,1
PX007982,1999,suspicious_reversal,netbanking,subscription,8,4,2,6,43,353,2470.59,0.809,0.667,0.66667,15.53,0
PX007983,999,suspicious_reversal,wallet,saas,16,1,1,31,49,341,791.02,1.263,0.941,0.03226,1.46,0
PX007984,499,insufficient_funds,upi,saas,4,2,0,47,7,117,659.99,0.756,0.667,0.04255,22.45,1
PX007985,499,mandate_expired,wallet,ecommerce,13,2,0,44,44,637,416.06,1.199,0.867,0.04545,47.81,1
PX007986,499,insufficient_funds,upi,media,9,1,1,19,8,535,485.51,1.028,0.9,0.05263,39.73,1
PX007987,4999,insufficient_funds,upi,education,8,3,1,42,32,494,6989.09,0.715,0.727,0.07143,34.9,0
PX007988,4999,mandate_expired,upi,ecommerce,5,6,1,4,50,526,6491.62,0.77,0.455,1.5,28.83,0
PX007989,9999,expired_card,wallet,education,6,1,1,31,40,220,6139.07,1.629,0.857,0.03226,25.61,1
PX007990,499,expired_card,wallet,education,7,1,2,60,40,516,327.56,1.523,0.875,0.01667,34.51,0
PX007991,499,mandate_expired,netbanking,education,9,2,3,27,23,290,357.42,1.396,0.818,0.07407,4.74,0
PX007992,999,bank_timeout,upi,subscription,6,2,3,51,19,193,735.7,1.358,0.75,0.03922,30.88,0
PX007993,1499,expired_card,wallet,saas,5,0,2,48,6,496,1489.14,1.007,1.0,0.0,45.51,0
PX007994,2499,bank_timeout,wallet,education,11,3,1,26,37,108,2952.23,0.846,0.786,0.11538,25.76,1
PX007995,19999,insufficient_funds,wallet,ecommerce,9,0,2,17,47,21,25150.51,0.795,1.0,0.0,47.96,0
PX007996,1499,expired_card,card,education,8,5,0,19,36,250,1635.22,0.917,0.615,0.26316,10.41,1
PX007997,2499,bank_timeout,netbanking,subscription,10,3,2,30,9,112,3164.22,0.79,0.769,0.1,8.3,1
PX007998,1999,bank_timeout,card,subscription,8,2,3,4,6,560,2369.09,0.844,0.8,0.5,31.45,0
PX007999,2499,insufficient_funds,card,saas,7,4,0,5,15,134,3432.38,0.728,0.636,0.8,38.88,1
PX008000,9999,insufficient_funds,upi,saas,7,3,1,9,43,645,6031.41,1.658,0.7,0.33333,31.05,1
PX008001,19999,insufficient_funds,card,media,9,1,3,22,37,189,16591.43,1.205,0.9,0.04545,40.2,1
PX008002,1499,suspicious_reversal,card,saas,7,1,3,19,41,414,1297.58,1.155,0.875,0.05263,33.71,1
PX008003,1499,bank_timeout,netbanking,ecommerce,5,1,2,2,5,73,1513.03,0.991,0.833,0.5,19.31,1
PX008004,1999,suspicious_reversal,wallet,ecommerce,8,1,3,43,38,665,1520.78,1.314,0.889,0.02326,35.65,0
PX008005,499,suspicious_reversal,netbanking,media,4,1,2,43,37,203,368.27,1.355,0.8,0.02326,7.85,0
PX008006,499,bank_timeout,upi,education,2,1,2,24,45,20,373.69,1.335,0.667,0.04167,27.37,1
PX008007,2499,bank_timeout,upi,ecommerce,7,2,0,20,9,501,3164.81,0.79,0.778,0.1,22.63,1
PX008008,499,insufficient_funds,netbanking,saas,10,1,1,38,52,372,584.47,0.854,0.909,0.02632,12.9,0
PX008009,19999,bank_timeout,wallet,ecommerce,10,2,2,53,28,358,17854.72,1.12,0.833,0.03774,4.09,1
PX008010,1999,expired_card,upi,education,14,3,3,48,48,146,2110.48,0.947,0.824,0.0625,18.78,0
PX008011,499,mandate_expired,wallet,saas,8,1,2,59,37,692,346.41,1.44,0.889,0.01695,45.16,1
PX008012,1499,mandate_expired,wallet,education,7,0,2,33,43,192,1179.22,1.271,1.0,0.0,24.52,0
PX008013,1499,expired_card,upi,media,9,0,1,25,37,367,1856.09,0.808,1.0,0.0,17.05,1
PX008014,19999,expired_card,netbanking,subscription,5,2,3,31,40,161,12224.1,1.636,0.714,0.06452,32.72,0
PX008015,9999,suspicious_reversal,netbanking,ecommerce,7,2,3,60,16,707,12669.89,0.789,0.778,0.03333,46.35,0
PX008016,1999,mandate_expired,netbanking,subscription,8,3,0,11,29,79,2256.84,0.886,0.727,0.27273,30.71,1
PX008017,1499,mandate_expired,card,media,6,1,2,25,48,279,1652.43,0.907,0.857,0.04,7.35,1
PX008018,499,suspicious_reversal,card,ecommerce,6,5,2,38,17,679,622.26,0.802,0.545,0.13158,43.9,0
PX008019,999,suspicious_reversal,card,saas,12,0,0,43,54,151,1174.57,0.851,1.0,0.0,2.17,0
PX008020,999,mandate_expired,card,saas,11,0,0,57,28,50,1140.72,0.876,1.0,0.0,19.91,1
PX008021,2499,expired_card,card,education,6,2,0,53,4,484,2282.62,1.095,0.75,0.03774,41.6,0
PX008022,19999,bank_timeout,netbanking,saas,10,1,3,20,47,527,12530.51,1.596,0.909,0.05,5.3,1
PX008023,4999,insufficient_funds,card,saas,9,0,1,9,10,259,4479.35,1.116,1.0,0.0,41.17,0
PX008024,1999,expired_card,wallet,education,6,3,2,58,58,511,1947.47,1.026,0.667,0.05172,46.71,0
PX008025,1999,mandate_expired,card,subscription,6,1,0,12,12,345,1952.49,1.024,0.857,0.08333,42.97,0
PX008026,19999,bank_timeout,netbanking,ecommerce,7,3,3,23,18,284,24887.2,0.804,0.7,0.13043,34.72,1
PX008027,19999,mandate_expired,wallet,subscription,11,2,2,4,24,62,24431.82,0.819,0.846,0.5,21.05,1
PX008028,2499,insufficient_funds,netbanking,subscription,8,3,3,26,29,624,1687.41,1.481,0.727,0.11538,44.75,0
PX008029,19999,mandate_expired,netbanking,education,6,2,1,22,32,581,16429.99,1.217,0.75,0.09091,9.66,0
PX008030,4999,bank_timeout,wallet,subscription,4,3,1,33,40,322,3341.58,1.496,0.571,0.09091,9.4,0
PX008031,2499,expired_card,upi,ecommerce,9,4,2,12,33,358,1901.34,1.314,0.692,0.33333,33.83,1
PX008032,499,suspicious_reversal,wallet,saas,5,3,3,17,48,524,628.28,0.794,0.625,0.17647,4.09,0
PX008033,999,mandate_expired,card,saas,5,1,1,50,10,60,1063.21,0.94,0.833,0.02,19.34,0
PX008034,999,mandate_expired,upi,saas,9,1,3,43,10,643,777.18,1.285,0.9,0.02326,35.35,1
PX008035,19999,insufficient_funds,netbanking,subscription,10,1,3,22,5,226,17903.7,1.117,0.909,0.04545,47.17,0
PX008036,1999,bank_timeout,card,subscription,8,0,3,22,39,212,1690.53,1.182,1.0,0.0,21.95,1
PX008037,499,mandate_expired,netbanking,media,8,2,3,4,44,372,449.83,1.109,0.8,0.5,34.98,1
PX008038,999,insufficient_funds,upi,saas,6,8,3,23,15,543,1260.59,0.792,0.429,0.34783,20.15,0
PX008039,2499,suspicious_reversal,card,media,10,1,2,60,38,27,3045.16,0.821,0.909,0.01667,40.2,0
PX008040,9999,suspicious_reversal,netbanking,saas,6,6,0,11,9,166,8868.05,1.128,0.5,0.54545,8.46,0
PX008041,999,suspicious_reversal,card,ecommerce,10,3,1,58,30,719,959.54,1.041,0.769,0.05172,8.07,0
PX008042,499,suspicious_reversal,card,education,12,2,0,46,51,417,622.31,0.802,0.857,0.04348,19.31,0
PX008043,19999,insufficient_funds,netbanking,education,13,4,3,30,22,76,25952.75,0.771,0.765,0.13333,36.73,0
PX008044,4999,suspicious_reversal,card,ecommerce,11,0,3,50,6,308,3796.67,1.317,1.0,0.0,1.69,0
PX008045,2499,bank_timeout,wallet,media,8,3,2,56,8,491,1789.26,1.397,0.727,0.05357,2.73,1
PX008046,499,bank_timeout,wallet,ecommerce,10,3,1,19,59,7,609.42,0.819,0.769,0.15789,22.0,1
PX008047,499,mandate_expired,upi,media,8,4,2,38,11,452,551.13,0.905,0.667,0.10526,13.02,0
PX008048,9999,bank_timeout,card,saas,9,2,2,49,39,511,10917.6,0.916,0.818,0.04082,2.03,1
PX008049,4999,suspicious_reversal,netbanking,ecommerce,7,4,2,57,33,480,3195.32,1.564,0.636,0.07018,3.33,0
PX008050,9999,insufficient_funds,wallet,ecommerce,6,2,3,52,11,89,12202.67,0.819,0.75,0.03846,3.7,1
PX008051,999,mandate_expired,wallet,education,7,3,0,15,1,105,1177.68,0.848,0.7,0.2,13.13,0
PX008052,999,insufficient_funds,upi,education,11,1,1,4,53,501,1033.81,0.966,0.917,0.25,17.66,0
PX008053,999,bank_timeout,card,ecommerce,12,0,3,1,4,33,890.38,1.122,1.0,0.0,26.81,1
PX008054,999,expired_card,wallet,subscription,4,1,1,10,57,462,1234.99,0.809,0.8,0.1,40.1,1
PX008055,1999,bank_timeout,upi,media,11,2,3,19,48,720,1661.99,1.203,0.846,0.10526,2.73,1
PX008056,999,suspicious_reversal,upi,ecommerce,13,9,1,56,42,389,653.53,1.529,0.591,0.16071,18.96,0
PX008057,2499,expired_card,upi,saas,3,1,1,36,35,435,2394.36,1.044,0.75,0.02778,20.49,1
PX008058,2499,insufficient_funds,card,education,7,0,2,44,1,674,2535.25,0.986,1.0,0.0,41.23,0
PX008059,4999,suspicious_reversal,upi,saas,7,3,1,25,1,639,5288.26,0.945,0.7,0.12,0.98,0
PX008060,19999,mandate_expired,wallet,ecommerce,9,4,0,6,36,449,16615.3,1.204,0.692,0.66667,2.16,1
PX008061,999,mandate_expired,netbanking,education,9,1,1,28,55,206,773.59,1.291,0.9,0.03571,26.13,1
PX008062,1499,insufficient_funds,card,subscription,7,0,3,40,2,372,1095.9,1.368,1.0,0.0,25.34,0
PX008063,999,suspicious_reversal,wallet,ecommerce,6,3,3,26,15,265,633.01,1.578,0.667,0.11538,44.31,0
PX008064,1999,bank_timeout,wallet,media,7,1,1,45,42,717,1902.67,1.051,0.875,0.02222,17.23,1
PX008065,1999,bank_timeout,wallet,subscription,11,2,2,28,35,621,1383.33,1.445,0.846,0.07143,26.83,1
PX008066,4999,expired_card,wallet,ecommerce,8,6,0,38,18,544,3055.51,1.636,0.571,0.15789,34.23,0
PX008067,19999,suspicious_reversal,card,media,4,1,1,32,14,428,18164.53,1.101,0.8,0.03125,37.87,0
PX008068,499,insufficient_funds,netbanking,ecommerce,7,4,1,20,38,622,373.46,1.336,0.636,0.2,23.18,1
PX008069,19999,insufficient_funds,wallet,media,5,1,2,42,52,191,27316.05,0.732,0.833,0.02381,26.57,0
PX008070,999,expired_card,netbanking,ecommerce,5,1,1,32,51,523,1292.75,0.773,0.833,0.03125,41.3,0
PX008071,1999,mandate_expired,wallet,media,11,0,1,56,34,284,2289.62,0.873,1.0,0.0,42.58,1
PX008072,1999,expired_card,wallet,subscription,7,3,2,54,9,460,1281.21,1.56,0.7,0.05556,12.32,0
PX008073,999,mandate_expired,wallet,education,9,1,3,37,54,340,1126.13,0.887,0.9,0.02703,17.52,0
PX008074,499,bank_timeout,netbanking,subscription,9,3,1,37,43,582,479.85,1.04,0.75,0.08108,7.61,1
PX008075,4999,insufficient_funds,netbanking,subscription,10,2,2,4,32,213,3475.75,1.438,0.833,0.5,7.4,0
PX008076,19999,expired_card,card,media,9,5,3,40,21,655,26123.15,0.766,0.643,0.125,15.3,1
PX008077,9999,suspicious_reversal,upi,education,6,1,1,48,58,588,13223.97,0.756,0.857,0.02083,35.84,0
PX008078,499,insufficient_funds,card,ecommerce,13,2,3,36,25,149,408.24,1.222,0.867,0.05556,12.91,1
PX008079,2499,mandate_expired,wallet,subscription,7,1,2,32,5,120,2649.72,0.943,0.875,0.03125,17.03,0
PX008080,19999,insufficient_funds,card,ecommerce,5,0,3,8,1,414,12772.72,1.566,1.0,0.0,15.89,0
PX008081,2499,bank_timeout,netbanking,education,7,0,3,15,22,571,2424.61,1.031,1.0,0.0,36.59,0
PX008082,4999,bank_timeout,netbanking,media,7,3,2,34,21,621,6353.61,0.787,0.7,0.08824,22.75,1
PX008083,2499,bank_timeout,upi,media,6,2,0,18,13,498,2338.64,1.069,0.75,0.11111,13.58,1
PX008084,1499,expired_card,wallet,ecommerce,13,2,3,60,28,335,1301.17,1.152,0.867,0.03333,44.14,0
PX008085,2499,expired_card,card,media,7,5,1,22,45,308,2269.76,1.101,0.583,0.22727,33.79,0
PX008086,9999,suspicious_reversal,wallet,education,11,3,0,39,25,309,10207.2,0.98,0.786,0.07692,8.2,0
PX008087,1499,bank_timeout,card,saas,12,2,3,7,34,583,1329.28,1.128,0.857,0.28571,41.46,1
PX008088,2499,bank_timeout,netbanking,education,7,1,0,17,38,718,1996.65,1.252,0.875,0.05882,35.52,1
PX008089,4999,insufficient_funds,netbanking,education,9,2,0,32,26,323,3120.83,1.602,0.818,0.0625,0.99,0
PX008090,2499,bank_timeout,netbanking,ecommerce,12,1,1,28,1,572,2520.71,0.991,0.923,0.03571,22.68,1
PX008091,9999,suspicious_reversal,card,ecommerce,5,0,3,26,29,540,7675.97,1.303,1.0,0.0,21.83,0
PX008092,1499,suspicious_reversal,card,education,9,1,0,3,58,209,1039.74,1.442,0.9,0.33333,32.34,0
PX008093,4999,bank_timeout,upi,saas,10,2,1,11,41,399,4291.52,1.165,0.833,0.18182,8.21,1
PX008094,1499,expired_card,upi,subscription,5,1,1,44,59,677,1364.84,1.098,0.833,0.02273,24.99,0
PX008095,9999,expired_card,netbanking,saas,5,3,0,21,5,368,8586.14,1.165,0.625,0.14286,2.78,1
PX008096,4999,expired_card,netbanking,education,7,4,2,19,8,210,5217.74,0.958,0.636,0.21053,17.91,0
PX008097,1999,bank_timeout,upi,education,9,0,2,17,34,63,2281.21,0.876,1.0,0.0,20.77,1
PX008098,4999,mandate_expired,wallet,saas,6,1,2,19,46,318,4494.4,1.112,0.857,0.05263,19.88,1
PX008099,4999,suspicious_reversal,upi,subscription,6,3,1,59,46,27,3999.64,1.25,0.667,0.05085,34.3,0
PX008100,1499,mandate_expired,wallet,saas,4,0,1,34,25,41,1344.7,1.115,1.0,0.0,1.97,1
PX008101,999,bank_timeout,card,subscription,10,5,3,58,32,225,1092.54,0.914,0.667,0.08621,37.58,0
PX008102,19999,suspicious_reversal,netbanking,education,6,0,0,56,1,725,13193.67,1.516,1.0,0.0,19.43,1
PX008103,1499,expired_card,card,ecommerce,4,2,0,52,59,314,1982.8,0.756,0.667,0.03846,41.47,1
PX008104,9999,insufficient_funds,upi,ecommerce,8,3,3,22,47,681,8218.66,1.217,0.727,0.13636,17.12,1
PX008105,9999,expired_card,wallet,subscription,10,5,2,45,58,580,9298.46,1.075,0.667,0.11111,21.28,1
PX008106,1999,expired_card,wallet,saas,7,0,3,28,9,478,2796.2,0.715,1.0,0.0,22.12,1
PX008107,499,suspicious_reversal,wallet,ecommerce,7,3,1,14,8,222,378.9,1.317,0.7,0.21429,26.65,0
PX008108,2499,bank_timeout,card,saas,5,1,1,7,51,425,2516.08,0.993,0.833,0.14286,2.32,1
PX008109,999,mandate_expired,upi,saas,17,3,2,32,47,548,893.91,1.118,0.85,0.09375,23.1,0
PX008110,1499,mandate_expired,netbanking,ecommerce,9,0,1,53,4,411,1146.49,1.307,1.0,0.0,28.39,0
PX008111,1499,mandate_expired,netbanking,subscription,8,3,0,22,16,111,1869.46,0.802,0.727,0.13636,1.91,1
PX008112,1999,expired_card,card,ecommerce,11,0,0,60,18,654,1873.3,1.067,1.0,0.0,43.34,1
PX008113,1499,expired_card,card,education,10,1,3,35,4,261,1465.4,1.023,0.909,0.02857,12.97,1
PX008114,1999,expired_card,upi,ecommerce,6,4,3,9,33,112,2355.47,0.849,0.6,0.44444,37.87,0
PX008115,4999,mandate_expired,upi,education,5,3,2,50,23,311,6048.94,0.826,0.625,0.06,33.7,0
PX008116,2499,mandate_expired,upi,media,5,3,0,5,9,371,3152.76,0.793,0.625,0.6,29.27,1
PX008117,19999,bank_timeout,upi,ecommerce,7,2,3,22,52,622,27636.68,0.724,0.778,0.09091,29.66,0
PX008118,1499,mandate_expired,netbanking,education,11,4,1,58,54,95,2011.32,0.745,0.733,0.06897,3.86,1
PX008119,19999,suspicious_reversal,upi,subscription,12,2,2,58,49,660,20995.76,0.953,0.857,0.03448,21.85,1
PX008120,4999,insufficient_funds,wallet,media,11,2,0,23,26,171,5469.03,0.914,0.846,0.08696,43.55,1
PX008121,9999,bank_timeout,netbanking,subscription,9,3,0,28,48,390,12563.76,0.796,0.75,0.10714,24.78,1
PX008122,499,bank_timeout,wallet,education,7,2,3,23,44,437,469.13,1.064,0.778,0.08696,10.93,1
PX008123,9999,suspicious_reversal,netbanking,ecommerce,7,5,2,51,9,5,9014.12,1.109,0.583,0.09804,37.58,0
PX008124,499,bank_timeout,upi,ecommerce,8,1,1,53,15,58,570.74,0.874,0.889,0.01887,13.57,1
PX008125,19999,suspicious_reversal,wallet,education,6,1,1,21,9,391,12491.29,1.601,0.857,0.04762,37.0,1
PX008126,9999,suspicious_reversal,wallet,media,6,1,0,43,48,208,6293.83,1.589,0.857,0.02326,29.48,0
PX008127,1999,suspicious_reversal,upi,media,6,0,1,22,55,69,1379.59,1.449,1.0,0.0,36.64,1
PX008128,499,suspicious_reversal,card,ecommerce,6,2,3,57,13,580,613.55,0.813,0.75,0.03509,29.88,0
PX008129,9999,insufficient_funds,wallet,ecommerce,9,0,2,6,23,213,7605.51,1.315,1.0,0.0,7.44,1
PX008130,1999,mandate_expired,upi,media,6,4,3,14,30,512,1900.09,1.052,0.6,0.28571,42.79,0
PX008131,1999,mandate_expired,wallet,saas,7,4,3,35,19,57,1686.91,1.185,0.636,0.11429,44.77,1
PX008132,499,mandate_expired,wallet,ecommerce,7,2,1,16,21,75,481.07,1.037,0.778,0.125,39.27,0
PX008133,1999,mandate_expired,netbanking,ecommerce,10,4,0,55,40,411,1953.15,1.023,0.714,0.07273,28.05,1
PX008134,999,mandate_expired,netbanking,subscription,10,5,1,37,35,23,1154.93,0.865,0.667,0.13514,27.77,1
PX008135,499,bank_timeout,card,education,8,1,1,6,42,186,557.88,0.894,0.889,0.16667,10.42,1
PX008136,19999,mandate_expired,netbanking,media,11,3,3,38,34,169,26890.31,0.744,0.786,0.07895,33.94,0
PX008137,999,suspicious_reversal,card,media,10,4,2,53,30,430,1005.98,0.993,0.714,0.07547,14.59,0
PX008138,4999,suspicious_reversal,wallet,media,5,3,2,56,42,722,4256.38,1.174,0.625,0.05357,37.04,0
PX008139,9999,bank_timeout,netbanking,subscription,3,3,1,40,4,61,10711.27,0.934,0.5,0.075,24.89,1
PX008140,9999,insufficient_funds,card,ecommerce,10,2,3,60,7,470,7315.51,1.367,0.833,0.03333,40.02,0
PX008141,1499,mandate_expired,upi,media,4,5,1,14,45,199,1130.21,1.326,0.444,0.35714,10.62,0
PX008142,9999,mandate_expired,wallet,saas,6,3,2,37,37,28,7042.61,1.42,0.667,0.08108,25.5,0
PX008143,499,mandate_expired,wallet,media,8,1,3,48,55,673,395.15,1.263,0.889,0.02083,22.72,0
PX008144,2499,bank_timeout,wallet,education,8,2,3,35,18,325,3207.29,0.779,0.8,0.05714,38.72,0
PX008145,1499,expired_card,upi,media,6,2,2,50,55,709,1355.31,1.106,0.75,0.04,34.76,0
PX008146,9999,expired_card,netbanking,ecommerce,7,2,1,50,14,356,9695.62,1.031,0.778,0.04,39.25,0
PX008147,2499,mandate_expired,wallet,education,10,1,0,48,42,569,3263.74,0.766,0.909,0.02083,28.23,0
PX008148,499,insufficient_funds,wallet,ecommerce,12,1,1,32,48,206,543.44,0.918,0.923,0.03125,5.22,1
PX008149,1999,suspicious_reversal,netbanking,media,11,1,2,58,47,521,1609.56,1.242,0.917,0.01724,37.43,0
PX008150,19999,bank_timeout,netbanking,media,8,1,1,56,44,9,24257.6,0.824,0.889,0.01786,21.6,1
PX008151,19999,insufficient_funds,wallet,education,10,4,2,56,3,506,26003.27,0.769,0.714,0.07143,35.71,0
PX008152,1499,suspicious_reversal,card,subscription,9,3,3,43,23,724,1761.4,0.851,0.75,0.06977,18.32,1
PX008153,19999,suspicious_reversal,upi,saas,7,1,2,23,49,314,13096.37,1.527,0.875,0.04348,19.92,1
PX008154,1999,expired_card,card,ecommerce,7,2,0,59,39,124,1292.81,1.546,0.778,0.0339,15.64,0
PX008155,9999,suspicious_reversal,card,media,7,2,3,14,41,27,12421.2,0.805,0.778,0.14286,3.57,0
PX008156,2499,mandate_expired,netbanking,media,11,3,2,28,51,495,2380.32,1.05,0.786,0.10714,41.73,0
PX008157,999,bank_timeout,upi,ecommerce,11,4,3,21,44,261,965.91,1.034,0.733,0.19048,33.83,1
PX008158,999,insufficient_funds,card,saas,9,3,3,24,1,725,1160.55,0.861,0.75,0.125,30.39,0
PX008159,499,mandate_expired,upi,subscription,15,3,2,41,18,243,616.89,0.809,0.833,0.07317,16.53,0
PX008160,4999,insufficient_funds,netbanking,subscription,9,0,3,24,2,545,5741.68,0.871,1.0,0.0,32.53,1
PX008161,19999,suspicious_reversal,card,media,6,0,1,26,42,114,26256.5,0.762,1.0,0.0,42.89,1
PX008162,9999,bank_timeout,upi,media,8,0,3,48,53,363,10165.65,0.984,1.0,0.0,9.88,1
PX008163,499,mandate_expired,upi,media,11,1,3,36,37,681,465.91,1.071,0.917,0.02778,14.02,1
PX008164,19999,mandate_expired,wallet,media,10,0,3,53,39,135,21515.64,0.93,1.0,0.0,34.35,1
PX008165,9999,insufficient_funds,netbanking,education,15,3,0,25,7,637,6921.9,1.445,0.833,0.12,18.14,1
PX008166,2499,expired_card,netbanking,subscription,7,2,1,58,21,624,1703.56,1.467,0.778,0.03448,16.39,0
PX008167,1499,suspicious_reversal,upi,saas,11,3,2,59,14,466,1565.72,0.957,0.786,0.05085,12.62,0
PX008168,999,insufficient_funds,netbanking,media,10,3,1,51,51,484,917.48,1.089,0.769,0.05882,32.49,1
PX008169,999,suspicious_reversal,netbanking,media,9,1,0,34,23,144,998.89,1.0,0.9,0.02941,26.93,0
PX008170,1999,bank_timeout,card,media,13,2,3,6,2,382,2062.04,0.969,0.867,0.33333,36.62,0
PX008171,999,insufficient_funds,upi,ecommerce,10,1,1,37,26,59,775.62,1.288,0.909,0.02703,10.49,1
PX008172,9999,bank_timeout,upi,saas,6,1,1,5,57,494,8169.28,1.224,0.857,0.2,7.79,1
PX008173,9999,mandate_expired,card,saas,9,0,2,23,1,475,7246.32,1.38,1.0,0.0,2.63,1
PX008174,9999,insufficient_funds,wallet,media,8,0,3,45,28,207,6141.39,1.628,1.0,0.0,25.77,0
PX008175,4999,bank_timeout,upi,saas,11,3,2,11,37,369,6076.77,0.823,0.786,0.27273,14.88,0
PX008176,4999,suspicious_reversal,card,saas,8,0,2,29,3,672,5587.57,0.895,1.0,0.0,22.15,1
PX008177,499,insufficient_funds,wallet,ecommerce,3,1,1,18,49,217,517.98,0.963,0.75,0.05556,45.45,1
PX008178,499,expired_card,netbanking,education,4,2,3,11,17,620,664.17,0.751,0.667,0.18182,15.62,1
PX008179,999,bank_timeout,upi,ecommerce,9,1,2,24,50,2,1004.28,0.995,0.9,0.04167,41.93,0
PX008180,999,mandate_expired,upi,subscription,15,2,2,16,55,726,991.7,1.007,0.882,0.125,22.7,1
PX008181,19999,bank_timeout,wallet,media,7,0,2,53,15,124,18191.59,1.099,1.0,0.0,43.45,1
PX008182,1999,mandate_expired,wallet,ecommerce,13,2,2,8,38,681,1723.35,1.16,0.867,0.25,19.53,1
PX008183,19999,mandate_expired,wallet,media,6,3,0,7,15,48,20857.38,0.959,0.667,0.42857,33.24,1
PX008184,999,suspicious_reversal,card,media,9,1,2,15,32,472,1336.86,0.747,0.9,0.06667,5.45,0
PX008185,2499,expired_card,wallet,subscription,8,2,2,58,42,629,2518.73,0.992,0.8,0.03448,42.94,0
PX008186,1499,insufficient_funds,wallet,media,5,0,0,38,7,55,2043.51,0.734,1.0,0.0,14.36,1
PX008187,499,bank_timeout,wallet,education,5,3,2,2,3,621,331.92,1.503,0.625,1.5,30.28,1
PX008188,4999,mandate_expired,upi,subscription,13,4,3,32,51,120,3396.76,1.472,0.765,0.125,9.74,0
PX008189,999,expired_card,upi,education,8,1,2,28,50,555,839.12,1.191,0.889,0.03571,29.5,0
PX008190,19999,suspicious_reversal,wallet,education,10,1,2,18,39,185,16573.71,1.207,0.909,0.05556,36.59,1
PX008191,999,expired_card,upi,subscription,9,0,3,18,60,590,770.98,1.296,1.0,0.0,27.92,0
PX008192,499,bank_timeout,wallet,education,5,3,1,59,10,424,357.87,1.394,0.625,0.05085,46.63,1
PX008193,499,expired_card,wallet,media,15,5,0,16,10,559,554.41,0.9,0.75,0.3125,14.37,1
PX008194,499,insufficient_funds,upi,saas,3,2,2,37,56,339,386.09,1.292,0.6,0.05405,6.36,1
PX008195,1999,expired_card,upi,subscription,10,2,2,21,34,580,2495.57,0.801,0.833,0.09524,20.65,0
PX008196,999,mandate_expired,upi,education,12,1,1,43,38,352,740.24,1.35,0.923,0.02326,11.65,1
PX008197,4999,bank_timeout,netbanking,subscription,10,1,2,44,58,314,3166.07,1.579,0.909,0.02273,18.79,1
PX008198,19999,bank_timeout,netbanking,education,10,0,0,39,60,189,20848.51,0.959,1.0,0.0,22.19,1
PX008199,9999,insufficient_funds,upi,education,5,2,3,17,25,263,12214.3,0.819,0.714,0.11765,37.67,0
PX008200,1999,insufficient_funds,upi,ecommerce,10,4,3,5,27,85,1476.25,1.354,0.714,0.8,17.82,1
PX008201,2499,insufficient_funds,card,media,10,1,3,49,10,462,1570.39,1.591,0.909,0.02041,14.74,1
PX008202,19999,bank_timeout,card,ecommerce,14,1,0,35,51,452,23600.89,0.847,0.933,0.02857,15.64,1
PX008203,9999,expired_card,wallet,subscription,11,6,1,6,59,135,7962.7,1.256,0.647,1.0,25.88,1
PX008204,19999,mandate_expired,wallet,subscription,5,4,2,45,54,569,24658.29,0.811,0.556,0.08889,1.17,0
PX008205,999,mandate_expired,upi,education,10,5,1,2,35,702,1398.58,0.714,0.667,2.5,22.41,0
PX008206,2499,mandate_expired,wallet,ecommerce,7,3,0,35,12,15,3381.54,0.739,0.7,0.08571,30.24,0
PX008207,1999,expired_card,wallet,education,6,2,0,34,35,69,1398.17,1.43,0.75,0.05882,11.38,0
PX008208,4999,suspicious_reversal,card,ecommerce,2,2,3,26,60,248,6126.81,0.816,0.5,0.07692,16.7,0
PX008209,499,suspicious_reversal,wallet,media,5,0,2,38,47,674,605.45,0.824,1.0,0.0,16.16,0
PX008210,1999,insufficient_funds,upi,subscription,12,3,3,52,49,130,2546.32,0.785,0.8,0.05769,33.96,0
PX008211,1999,mandate_expired,upi,media,9,1,3,5,7,420,2149.9,0.93,0.9,0.2,26.61,0
PX008212,1499,mandate_expired,netbanking,ecommerce,7,2,2,19,14,432,985.69,1.521,0.778,0.10526,18.87,0
PX008213,4999,suspicious_reversal,wallet,education,12,3,1,3,33,366,4838.83,1.033,0.8,1.0,7.86,0
PX008214,499,mandate_expired,wallet,saas,2,1,1,9,29,592,555.19,0.899,0.667,0.11111,38.34,0
PX008215,19999,suspicious_reversal,upi,ecommerce,9,3,0,48,15,278,20989.93,0.953,0.75,0.0625,45.32,0
PX008216,19999,mandate_expired,wallet,ecommerce,10,0,2,18,41,374,27835.37,0.718,1.0,0.0,34.34,0
PX008217,19999,suspicious_reversal,card,education,4,1,1,53,2,686,24471.54,0.817,0.8,0.01887,11.79,0
PX008218,4999,suspicious_reversal,upi,education,6,4,1,45,47,172,4630.26,1.08,0.6,0.08889,15.01,1
PX008219,1999,mandate_expired,wallet,subscription,7,2,2,44,51,703,2173.18,0.92,0.778,0.04545,7.53,0
PX008220,19999,suspicious_reversal,wallet,ecommerce,3,0,3,56,29,598,26246.26,0.762,1.0,0.0,31.11,0
PX008221,9999,insufficient_funds,netbanking,saas,8,0,1,3,24,347,7325.82,1.365,1.0,0.0,22.57,0
PX008222,1999,mandate_expired,upi,ecommerce,6,1,1,25,53,174,1673.96,1.194,0.857,0.04,18.28,0
PX008223,999,bank_timeout,wallet,saas,9,0,1,19,52,465,1250.84,0.799,1.0,0.0,38.19,1
PX008224,19999,bank_timeout,netbanking,education,13,0,0,51,58,679,17047.38,1.173,1.0,0.0,1.22,1
PX008225,4999,bank_timeout,upi,saas,9,1,1,41,51,464,3633.19,1.376,0.9,0.02439,41.29,1
PX008226,2499,insufficient_funds,netbanking,education,4,2,1,42,5,717,1688.29,1.48,0.667,0.04762,40.64,0
PX008227,499,insufficient_funds,wallet,ecommerce,7,0,3,18,39,501,564.78,0.884,1.0,0.0,44.26,0
PX008228,499,bank_timeout,card,saas,7,2,1,28,18,719,529.05,0.943,0.778,0.07143,15.6,1
PX008229,1999,expired_card,wallet,saas,15,2,0,10,28,478,2435.38,0.821,0.882,0.2,32.85,0
PX008230,1999,mandate_expired,wallet,saas,10,5,2,57,22,663,1301.99,1.535,0.667,0.08772,37.05,0
PX008231,1999,bank_timeout,card,media,12,0,0,48,34,538,2194.14,0.911,1.0,0.0,42.8,1
PX008232,1499,suspicious_reversal,wallet,saas,6,1,0,46,30,167,968.58,1.548,0.857,0.02174,16.36,1
PX008233,9999,insufficient_funds,wallet,ecommerce,4,0,2,4,16,53,13636.12,0.733,1.0,0.0,0.69,0
PX008234,499,mandate_expired,upi,subscription,4,2,1,36,1,318,696.29,0.717,0.667,0.05556,8.63,0
PX008235,499,insufficient_funds,netbanking,subscription,6,0,3,7,22,481,403.12,1.238,1.0,0.0,26.93,0
PX008236,2499,insufficient_funds,upi,subscription,9,0,1,32,25,701,2451.24,1.019,1.0,0.0,8.09,1
PX008237,499,bank_timeout,upi,media,9,3,0,21,47,211,653.81,0.763,0.75,0.14286,35.07,1
PX008238,2499,insufficient_funds,wallet,media,9,3,0,21,16,534,2754.0,0.907,0.75,0.14286,39.07,0
PX008239,9999,mandate_expired,netbanking,education,5,2,0,40,17,470,13841.31,0.722,0.714,0.05,16.47,1
PX008240,9999,expired_card,wallet,saas,4,2,3,20,35,698,9238.71,1.082,0.667,0.1,20.89,0
PX008241,999,bank_timeout,upi,media,5,1,2,32,11,217,843.8,1.184,0.833,0.03125,3.39,1
PX008242,4999,bank_timeout,card,ecommerce,11,7,2,38,17,544,3767.9,1.327,0.611,0.18421,47.59,1
PX008243,999,expired_card,netbanking,saas,5,2,3,54,58,343,963.75,1.037,0.714,0.03704,1.12,0
PX008244,499,bank_timeout,wallet,ecommerce,12,2,2,20,55,612,451.88,1.104,0.857,0.1,39.6,1
PX008245,19999,expired_card,netbanking,subscription,8,2,1,5,7,508,20720.95,0.965,0.8,0.4,9.59,1
PX008246,1499,suspicious_reversal,wallet,media,5,2,0,4,18,480,1643.39,0.912,0.714,0.5,33.98,0
PX008247,1999,expired_card,upi,education,5,3,2,38,47,140,1960.44,1.02,0.625,0.07895,0.59,1
PX008248,4999,insufficient_funds,card,education,8,2,3,52,37,520,5835.74,0.857,0.8,0.03846,11.33,0
PX008249,19999,expired_card,wallet,ecommerce,7,2,2,34,4,570,26672.55,0.75,0.778,0.05882,47.93,1
PX008250,499,mandate_expired,netbanking,ecommerce,13,3,0,23,51,575,492.64,1.013,0.812,0.13043,12.76,0
PX008251,9999,expired_card,wallet,subscription,9,2,0,1,44,226,6348.86,1.575,0.818,2.0,15.69,0
PX008252,19999,insufficient_funds,wallet,subscription,5,5,1,26,23,429,16572.17,1.207,0.5,0.19231,27.12,1
PX008253,499,bank_timeout,netbanking,media,7,4,1,18,58,203,646.73,0.772,0.636,0.22222,37.41,1
PX008254,999,suspicious_reversal,netbanking,ecommerce,5,1,0,24,31,257,711.77,1.404,0.833,0.04167,15.0,0
PX008255,1499,expired_card,netbanking,ecommerce,4,3,0,11,32,588,1696.02,0.884,0.571,0.27273,30.46,0
PX008256,499,suspicious_reversal,wallet,education,14,3,0,49,57,77,690.82,0.722,0.824,0.06122,41.89,1
PX008257,1499,suspicious_reversal,netbanking,saas,7,1,1,52,24,627,1478.58,1.014,0.875,0.01923,28.6,0
PX008258,19999,expired_card,netbanking,education,11,3,0,36,34,628,21470.59,0.931,0.786,0.08333,0.86,1
PX008259,9999,expired_card,wallet,saas,6,3,0,35,6,694,10204.77,0.98,0.667,0.08571,5.27,1
PX008260,2499,mandate_expired,wallet,education,10,1,1,2,1,460,1761.4,1.419,0.909,0.5,18.31,0
PX008261,9999,mandate_expired,card,ecommerce,7,2,2,2,27,610,9195.74,1.087,0.778,1.0,13.59,1
PX008262,499,insufficient_funds,upi,education,6,2,0,24,23,367,551.28,0.905,0.75,0.08333,7.96,0
PX008263,1999,insufficient_funds,card,ecommerce,6,1,3,33,43,634,1279.38,1.562,0.857,0.0303,15.59,0
PX008264,9999,insufficient_funds,wallet,media,5,4,2,59,57,97,11834.97,0.845,0.556,0.0678,23.93,0
PX008265,499,suspicious_reversal,card,saas,15,1,0,4,22,379,676.88,0.737,0.938,0.25,15.31,0
PX008266,1499,insufficient_funds,wallet,subscription,2,2,1,24,2,700,1135.32,1.32,0.5,0.08333,2.18,1
PX008267,4999,insufficient_funds,card,education,12,1,0,40,51,511,4426.77,1.129,0.923,0.025,26.0,1
PX008268,1999,expired_card,wallet,subscription,9,0,3,41,40,551,1461.29,1.368,1.0,0.0,24.99,0
PX008269,19999,suspicious_reversal,netbanking,media,7,3,1,26,48,237,14171.44,1.411,0.7,0.11538,37.53,0
PX008270,1499,bank_timeout,upi,ecommerce,7,1,3,8,6,396,2021.91,0.741,0.875,0.125,35.94,0
PX008271,2499,expired_card,wallet,media,9,1,1,40,2,339,3367.57,0.742,0.9,0.025,40.3,0
PX008272,999,suspicious_reversal,card,media,5,2,2,30,6,310,797.19,1.253,0.714,0.06667,6.51,1
PX008273,2499,expired_card,netbanking,subscription,7,3,2,14,36,408,3216.41,0.777,0.7,0.21429,9.83,1
PX008274,19999,bank_timeout,upi,ecommerce,6,3,1,48,26,503,13865.49,1.442,0.667,0.0625,26.72,0
PX008275,9999,bank_timeout,card,subscription,7,0,1,8,1,232,7011.19,1.426,1.0,0.0,22.9,1
PX008276,1999,suspicious_reversal,card,saas,13,6,1,41,26,535,1805.1,1.107,0.684,0.14634,5.48,0
PX008277,499,insufficient_funds,wallet,ecommerce,12,0,3,58,25,323,527.33,0.946,1.0,0.0,39.2,1
PX008278,999,insufficient_funds,card,subscription,10,2,2,31,42,561,1365.63,0.732,0.833,0.06452,9.19,0
PX008279,499,suspicious_reversal,upi,ecommerce,16,0,0,38,33,656,689.19,0.724,1.0,0.0,39.74,0
PX008280,2499,insufficient_funds,upi,saas,9,1,0,57,42,503,1519.9,1.644,0.9,0.01754,44.97,1
PX008281,1999,suspicious_reversal,card,education,10,1,1,58,18,654,1784.31,1.12,0.909,0.01724,17.63,0
PX008282,4999,expired_card,card,education,8,4,0,44,17,614,4239.58,1.179,0.667,0.09091,33.35,0
PX008283,4999,mandate_expired,wallet,media,7,5,2,41,36,683,5314.1,0.941,0.583,0.12195,13.26,0
PX008284,999,suspicious_reversal,netbanking,subscription,5,0,3,49,43,284,1233.31,0.81,1.0,0.0,15.1,0
PX008285,999,mandate_expired,card,education,3,5,1,54,28,36,1105.75,0.903,0.375,0.09259,42.2,0
PX008286,19999,mandate_expired,upi,media,7,4,2,22,15,660,24930.76,0.802,0.636,0.18182,0.99,0
PX008287,9999,bank_timeout,netbanking,subscription,4,2,2,3,21,701,8539.25,1.171,0.667,0.66667,1.53,0
PX008288,499,suspicious_reversal,card,subscription,3,0,2,4,46,32,379.45,1.315,1.0,0.0,25.64,0
PX008289,1499,bank_timeout,card,media,12,0,0,18,36,304,1849.55,0.81,1.0,0.0,25.65,1
PX008290,2499,expired_card,card,media,6,1,0,54,53,386,3435.62,0.727,0.857,0.01852,7.97,1
PX008291,999,suspicious_reversal,wallet,ecommerce,7,2,2,2,31,538,704.27,1.418,0.778,1.0,6.43,0
PX008292,9999,suspicious_reversal,card,ecommerce,12,2,2,9,28,650,9281.71,1.077,0.857,0.22222,8.05,0
PX008293,4999,mandate_expired,card,saas,15,2,3,8,39,452,6638.15,0.753,0.882,0.25,40.28,1
PX008294,4999,insufficient_funds,card,media,10,3,2,32,16,429,5698.39,0.877,0.769,0.09375,27.58,0
PX008295,19999,mandate_expired,card,education,10,3,3,21,32,632,25741.56,0.777,0.769,0.14286,47.94,1
PX008296,2499,bank_timeout,card,saas,7,1,1,33,14,275,1978.96,1.263,0.875,0.0303,29.22,1
PX008297,9999,mandate_expired,card,ecommerce,5,2,1,10,6,540,10441.49,0.958,0.714,0.2,45.47,0
PX008298,4999,suspicious_reversal,wallet,saas,12,3,3,16,35,408,4832.15,1.035,0.8,0.1875,13.69,0
PX008299,9999,insufficient_funds,card,media,6,1,1,60,43,657,9955.05,1.004,0.857,0.01667,1.08,0
PX008300,1499,expired_card,netbanking,media,6,1,2,11,37,402,1409.8,1.063,0.857,0.09091,19.66,1
PX008301,2499,insufficient_funds,card,ecommerce,7,1,1,43,60,239,1682.92,1.485,0.875,0.02326,45.32,0
PX008302,9999,bank_timeout,netbanking,saas,2,1,1,11,53,697,11438.48,0.874,0.667,0.09091,15.58,0
PX008303,19999,insufficient_funds,upi,subscription,7,1,0,1,7,179,18982.25,1.054,0.875,1.0,21.75,1
PX008304,499,suspicious_reversal,upi,education,7,4,1,19,15,615,693.66,0.719,0.636,0.21053,22.68,0
PX008305,1999,insufficient_funds,card,saas,6,0,2,23,23,427,1859.31,1.075,1.0,0.0,32.3,1
PX008306,999,bank_timeout,card,ecommerce,7,5,2,8,49,76,1135.44,0.88,0.583,0.625,42.36,0
PX008307,2499,expired_card,wallet,ecommerce,10,2,3,9,12,426,3461.16,0.722,0.833,0.22222,47.68,1
PX008308,1499,mandate_expired,upi,education,10,0,0,9,49,257,1879.42,0.798,1.0,0.0,34.21,1
PX008309,19999,suspicious_reversal,card,ecommerce,7,3,3,33,29,387,24436.49,0.818,0.7,0.09091,41.38,0
PX008310,4999,expired_card,card,subscription,5,2,1,49,32,587,4809.66,1.039,0.714,0.04082,39.4,0
PX008311,4999,insufficient_funds,card,ecommerce,11,4,3,35,22,696,4160.65,1.201,0.733,0.11429,47.59,0
PX008312,9999,suspicious_reversal,upi,subscription,8,8,1,23,36,475,12619.53,0.792,0.5,0.34783,42.01,0
PX008313,499,insufficient_funds,card,ecommerce,7,1,1,26,28,613,684.24,0.729,0.875,0.03846,9.63,1
PX008314,1499,mandate_expired,card,subscription,6,2,3,56,13,330,980.85,1.528,0.75,0.03571,26.7,0
PX008315,1999,suspicious_reversal,upi,saas,11,3,3,48,18,171,2657.37,0.752,0.786,0.0625,16.67,0
PX008316,2499,bank_timeout,card,saas,6,1,1,14,40,362,1543.76,1.619,0.857,0.07143,17.73,1
PX008317,19999,mandate_expired,card,subscription,9,0,3,38,35,224,21850.88,0.915,1.0,0.0,0.62,0
PX008318,9999,bank_timeout,upi,saas,12,4,3,22,46,716,8485.87,1.178,0.75,0.18182,33.89,1
PX008319,999,insufficient_funds,card,subscription,7,0,0,21,18,643,918.37,1.088,1.0,0.0,8.27,0
PX008320,9999,insufficient_funds,wallet,education,8,4,0,38,16,429,6906.84,1.448,0.667,0.10526,9.37,0
PX008321,2499,insufficient_funds,upi,saas,12,3,0,26,11,32,3474.4,0.719,0.8,0.11538,23.43,1
PX008322,4999,bank_timeout,upi,education,11,1,1,40,26,35,5769.82,0.866,0.917,0.025,25.35,1
PX008323,499,insufficient_funds,upi,subscription,8,1,1,58,16,69,390.82,1.277,0.889,0.01724,36.9,1
PX008324,499,expired_card,card,subscription,5,4,2,14,34,252,458.0,1.09,0.556,0.28571,3.39,0
PX008325,4999,expired_card,wallet,education,5,1,3,17,58,406,6496.91,0.769,0.833,0.05882,43.18,0
PX008326,1499,bank_timeout,wallet,media,7,0,0,13,21,292,1785.21,0.84,1.0,0.0,36.03,1
PX008327,1499,bank_timeout,card,ecommerce,7,2,2,6,33,480,1517.06,0.988,0.778,0.33333,34.61,1
PX008328,999,suspicious_reversal,wallet,saas,12,4,3,2,59,6,881.09,1.134,0.75,2.0,17.48,0
PX008329,1999,insufficient_funds,netbanking,media,3,4,0,35,15,309,1493.91,1.338,0.429,0.11429,4.76,0
PX008330,9999,bank_timeout,upi,saas,5,0,3,56,48,32,11395.04,0.877,1.0,0.0,42.88,1
PX008331,4999,suspicious_reversal,card,subscription,6,3,1,1,52,222,5105.64,0.979,0.667,3.0,37.21,1
PX008332,4999,expired_card,card,ecommerce,13,2,1,36,55,336,6209.19,0.805,0.867,0.05556,39.16,0
PX008333,2499,insufficient_funds,card,ecommerce,10,3,2,35,60,539,2275.62,1.098,0.769,0.08571,45.22,1
PX008334,499,mandate_expired,netbanking,subscription,7,1,3,44,45,335,359.33,1.389,0.875,0.02273,5.04,0
PX008335,999,mandate_expired,netbanking,education,5,2,0,17,33,246,1130.06,0.884,0.714,0.11765,31.88,0
PX008336,1999,expired_card,card,ecommerce,6,2,3,35,37,238,1312.86,1.523,0.75,0.05714,2.76,1
PX008337,999,insufficient_funds,netbanking,saas,11,2,1,3,30,612,1392.57,0.717,0.846,0.66667,7.62,1
PX008338,1999,expired_card,upi,ecommerce,8,1,3,26,8,222,1853.64,1.078,0.889,0.03846,33.76,1
PX008339,2499,expired_card,wallet,saas,10,1,0,36,13,201,2215.5,1.128,0.909,0.02778,14.34,0
PX008340,19999,mandate_expired,upi,education,6,2,3,19,18,345,27363.9,0.731,0.75,0.10526,16.79,0
PX008341,2499,bank_timeout,upi,education,8,3,2,15,31,207,2873.61,0.87,0.727,0.2,40.05,1
PX008342,499,mandate_expired,netbanking,saas,7,1,3,12,60,494,582.1,0.857,0.875,0.08333,42.43,1
PX008343,999,suspicious_reversal,upi,saas,5,4,1,19,49,209,610.68,1.636,0.556,0.21053,40.78,0
PX008344,2499,bank_timeout,upi,saas,8,4,1,7,28,190,2028.1,1.232,0.667,0.57143,8.65,1
PX008345,19999,expired_card,netbanking,saas,9,2,3,16,17,376,20778.13,0.963,0.818,0.125,0.89,0
PX008346,4999,expired_card,card,ecommerce,11,3,2,54,8,291,4627.51,1.08,0.786,0.05556,23.07,0
PX008347,9999,bank_timeout,wallet,education,6,1,3,42,58,456,11010.76,0.908,0.857,0.02381,1.65,1
PX008348,1999,insufficient_funds,netbanking,media,6,0,1,9,46,234,1671.72,1.196,1.0,0.0,42.63,0
PX008349,1499,mandate_expired,wallet,saas,9,6,2,25,38,669,1217.01,1.232,0.6,0.24,25.54,0
PX008350,4999,mandate_expired,card,saas,6,2,0,38,33,632,6521.41,0.767,0.75,0.05263,28.99,1
PX008351,999,expired_card,netbanking,saas,10,0,2,20,22,253,1322.94,0.755,1.0,0.0,36.06,0
PX008352,1499,bank_timeout,card,ecommerce,8,0,3,36,51,706,1865.56,0.804,1.0,0.0,35.4,1
PX008353,9999,insufficient_funds,card,education,6,2,1,15,15,233,13684.13,0.731,0.75,0.13333,1.6,0
PX008354,9999,bank_timeout,netbanking,education,13,2,2,50,36,674,9461.87,1.057,0.867,0.04,41.84,0
PX008355,499,suspicious_reversal,card,saas,10,4,3,48,58,449,546.28,0.913,0.714,0.08333,6.32,0
PX008356,4999,suspicious_reversal,upi,media,10,1,1,25,8,187,3287.95,1.52,0.909,0.04,19.3,0
PX008357,4999,mandate_expired,netbanking,ecommerce,7,4,3,2,13,423,6790.49,0.736,0.636,2.0,30.98,0
PX008358,999,suspicious_reversal,netbanking,ecommerce,9,6,1,52,1,173,941.53,1.061,0.6,0.11538,31.3,1
PX008359,4999,suspicious_reversal,netbanking,ecommerce,9,1,3,24,6,630,5853.33,0.854,0.9,0.04167,21.93,1
PX008360,4999,mandate_expired,card,saas,10,2,1,44,55,378,4483.76,1.115,0.833,0.04545,8.39,0
PX008361,9999,expired_card,card,ecommerce,14,1,3,56,29,158,7077.32,1.413,0.933,0.01786,22.69,1
PX008362,4999,insufficient_funds,netbanking,saas,14,4,1,43,51,305,4259.74,1.174,0.778,0.09302,13.57,1
PX008363,9999,mandate_expired,wallet,saas,7,1,2,11,1,22,9337.82,1.071,0.875,0.09091,29.84,0
PX008364,1999,mandate_expired,netbanking,ecommerce,7,4,2,4,35,552,1335.73,1.497,0.636,1.0,17.88,1
PX008365,19999,suspicious_reversal,wallet,saas,9,3,3,38,50,170,21184.91,0.944,0.75,0.07895,24.72,0
PX008366,999,bank_timeout,card,saas,11,3,0,4,35,223,1339.36,0.746,0.786,0.75,44.02,1
PX008367,9999,bank_timeout,netbanking,education,9,1,2,35,53,148,9169.57,1.09,0.9,0.02857,46.9,1
PX008368,19999,suspicious_reversal,wallet,subscription,9,2,3,20,45,137,14229.36,1.405,0.818,0.1,1.6,0
PX008369,4999,mandate_expired,wallet,saas,4,3,3,58,17,683,3808.91,1.312,0.571,0.05172,22.99,0
PX008370,1999,insufficient_funds,upi,saas,7,5,0,6,52,275,2452.37,0.815,0.583,0.83333,10.1,1
PX008371,1999,mandate_expired,netbanking,media,10,0,0,14,49,283,2170.03,0.921,1.0,0.0,6.06,1
PX008372,2499,mandate_expired,wallet,media,5,1,2,51,19,274,3169.64,0.788,0.833,0.01961,32.96,1
PX008373,499,bank_timeout,wallet,education,11,5,0,12,16,197,603.48,0.827,0.688,0.41667,32.21,1
PX008374,999,expired_card,card,media,9,1,0,5,36,248,1392.44,0.717,0.9,0.2,37.94,1
PX008375,2499,insufficient_funds,card,media,9,2,2,35,54,687,3344.79,0.747,0.818,0.05714,6.64,0
PX008376,19999,bank_timeout,netbanking,education,9,0,0,4,11,152,14176.03,1.411,1.0,0.0,13.64,1
PX008377,9999,insufficient_funds,upi,media,7,2,3,35,42,597,11461.58,0.872,0.778,0.05714,21.73,1
PX008378,9999,mandate_expired,netbanking,subscription,8,5,1,2,10,344,11776.31,0.849,0.615,2.5,47.58,0
PX008379,999,expired_card,card,subscription,7,3,0,31,35,362,1302.85,0.767,0.7,0.09677,10.5,1
PX008380,999,expired_card,netbanking,education,4,3,0,2,2,156,1077.56,0.927,0.571,1.5,40.14,1
PX008381,1999,suspicious_reversal,wallet,saas,6,1,3,50,31,452,1630.58,1.226,0.857,0.02,13.92,0
PX008382,2499,bank_timeout,netbanking,ecommerce,5,2,1,48,24,118,1509.05,1.656,0.714,0.04167,8.71,1
PX008383,4999,bank_timeout,netbanking,saas,10,1,2,59,10,435,3257.16,1.535,0.909,0.01695,2.23,1
PX008384,2499,insufficient_funds,upi,media,6,2,3,5,52,628,1802.91,1.386,0.75,0.4,30.86,1
PX008385,9999,mandate_expired,wallet,saas,7,0,3,59,29,278,6449.38,1.55,1.0,0.0,46.56,0
PX008386,9999,suspicious_reversal,upi,media,7,2,0,8,17,22,6570.76,1.522,0.778,0.25,21.37,0
PX008387,19999,bank_timeout,wallet,education,14,2,2,21,31,697,22815.57,0.877,0.875,0.09524,30.65,0
PX008388,1999,bank_timeout,netbanking,saas,8,5,2,35,34,20,2795.52,0.715,0.615,0.14286,25.89,1
PX008389,1999,expired_card,upi,subscription,9,1,2,11,10,268,1380.7,1.448,0.9,0.09091,44.85,0
PX008390,4999,mandate_expired,upi,ecommerce,6,2,1,52,35,620,5536.1,0.903,0.75,0.03846,18.74,1
PX008391,1999,expired_card,netbanking,saas,11,0,1,34,44,651,2173.51,0.92,1.0,0.0,1.89,0
PX008392,19999,insufficient_funds,card,education,7,1,0,2,49,557,12324.72,1.623,0.875,0.5,20.95,1
PX008393,19999,expired_card,upi,media,13,1,1,1,60,41,19969.72,1.001,0.929,1.0,42.94,1
PX008394,4999,insufficient_funds,wallet,education,11,0,3,33,50,672,3194.81,1.565,1.0,0.0,47.28,0
PX008395,1499,mandate_expired,netbanking,ecommerce,9,1,2,34,45,323,1637.15,0.916,0.9,0.02941,28.2,0
PX008396,999,bank_timeout,wallet,education,7,1,0,14,24,97,1190.4,0.839,0.875,0.07143,36.01,1
PX008397,999,suspicious_reversal,wallet,media,7,3,1,37,35,531,1318.19,0.758,0.7,0.08108,6.94,0
PX008398,9999,expired_card,card,saas,7,1,1,9,27,193,11862.18,0.843,0.875,0.11111,32.23,1
PX008399,1999,suspicious_reversal,upi,education,16,1,2,18,11,606,1870.41,1.069,0.941,0.05556,4.94,1
PX008400,4999,insufficient_funds,upi,education,12,1,0,11,48,583,4820.85,1.037,0.923,0.09091,24.82,1
PX008401,19999,mandate_expired,card,saas,5,2,1,57,4,39,24143.33,0.828,0.714,0.03509,15.78,0
PX008402,499,bank_timeout,upi,education,8,2,3,35,36,644,542.98,0.919,0.8,0.05714,10.8,1
PX008403,4999,expired_card,wallet,ecommerce,10,3,1,48,44,218,4528.57,1.104,0.769,0.0625,13.24,1
PX008404,1499,suspicious_reversal,upi,media,5,3,3,58,43,706,1445.61,1.037,0.625,0.05172,7.87,0
PX008405,999,mandate_expired,card,saas,7,0,0,42,36,73,665.88,1.5,1.0,0.0,34.15,0
PX008406,19999,mandate_expired,netbanking,ecommerce,8,1,2,29,35,489,27983.17,0.715,0.889,0.03448,38.89,0
PX008407,1499,bank_timeout,card,media,5,4,3,24,53,189,1596.65,0.939,0.556,0.16667,36.73,0
PX008408,1999,mandate_expired,card,media,4,2,0,11,39,182,1944.98,1.028,0.667,0.18182,38.25,1
PX008409,2499,insufficient_funds,card,media,14,1,1,59,47,620,1910.67,1.308,0.933,0.01695,23.92,1
PX008410,499,expired_card,upi,education,4,3,2,47,43,265,672.02,0.743,0.571,0.06383,42.48,0
PX008411,19999,suspicious_reversal,card,media,9,4,1,23,31,583,22417.86,0.892,0.692,0.17391,23.82,0
PX008412,999,insufficient_funds,upi,media,9,1,1,53,42,105,962.02,1.038,0.9,0.01887,34.16,1
PX008413,1999,bank_timeout,upi,ecommerce,8,3,0,10,57,160,1847.6,1.082,0.727,0.3,13.23,1
PX008414,499,suspicious_reversal,wallet,education,5,2,1,8,48,598,640.71,0.779,0.714,0.25,14.5,1
PX008415,19999,expired_card,upi,education,13,1,2,10,8,382,19424.99,1.03,0.929,0.1,44.53,0
PX008416,4999,mandate_expired,wallet,ecommerce,9,1,3,14,6,86,4928.21,1.014,0.9,0.07143,27.28,1
PX008417,4999,bank_timeout,card,media,13,2,1,55,26,486,4851.17,1.03,0.867,0.03636,10.23,1
PX008418,1999,expired_card,wallet,education,11,3,0,18,47,274,1593.21,1.255,0.786,0.16667,24.09,0
PX008419,19999,bank_timeout,card,media,12,3,1,1,31,235,19041.18,1.05,0.8,3.0,37.45,1
PX008420,4999,expired_card,upi,ecommerce,13,4,0,25,49,130,5632.34,0.888,0.765,0.16,36.66,1
PX008421,1999,insufficient_funds,upi,ecommerce,5,2,1,15,17,156,2406.09,0.831,0.714,0.13333,2.04,1
PX008422,9999,insufficient_funds,netbanking,education,3,1,0,26,48,96,7620.92,1.312,0.75,0.03846,35.31,0
PX008423,2499,expired_card,wallet,subscription,5,3,0,55,30,561,2014.61,1.24,0.625,0.05455,21.66,1
PX008424,499,mandate_expired,netbanking,saas,10,1,3,29,7,328,689.42,0.724,0.909,0.03448,33.83,0
PX008425,499,insufficient_funds,card,saas,8,0,2,6,26,466,425.34,1.173,1.0,0.0,41.62,1
PX008426,2499,insufficient_funds,card,media,6,1,1,14,9,367,2870.41,0.871,0.857,0.07143,4.67,0
PX008427,999,suspicious_reversal,card,media,9,3,2,27,58,66,830.84,1.202,0.75,0.11111,42.62,0
PX008428,4999,mandate_expired,card,education,6,0,0,32,45,227,4189.95,1.193,1.0,0.0,39.9,0
PX008429,9999,expired_card,wallet,ecommerce,9,1,1,39,55,319,6440.67,1.552,0.9,0.02564,9.6,0
PX008430,1999,mandate_expired,card,ecommerce,9,2,0,24,26,635,1971.55,1.014,0.818,0.08333,35.66,1
PX008431,499,insufficient_funds,wallet,subscription,9,4,3,45,55,562,301.62,1.654,0.692,0.08889,25.74,1
PX008432,2499,bank_timeout,card,media,5,1,1,6,17,257,2448.76,1.021,0.833,0.16667,25.17,1
PX008433,1499,suspicious_reversal,upi,media,7,2,2,11,45,327,1372.7,1.092,0.778,0.18182,26.33,0
PX008434,1999,insufficient_funds,card,ecommerce,11,1,3,47,8,84,2272.31,0.88,0.917,0.02128,11.15,0
PX008435,999,insufficient_funds,wallet,media,4,0,3,20,18,228,1222.08,0.817,1.0,0.0,3.53,0
PX008436,19999,bank_timeout,wallet,ecommerce,8,2,3,14,13,272,17387.99,1.15,0.8,0.14286,27.82,1
PX008437,499,bank_timeout,netbanking,education,5,2,2,51,58,209,357.26,1.397,0.714,0.03922,34.86,1
PX008438,4999,mandate_expired,card,subscription,6,0,1,48,26,544,5683.09,0.88,1.0,0.0,20.24,0
PX008439,999,mandate_expired,wallet,ecommerce,8,2,0,54,17,421,1145.05,0.872,0.8,0.03704,31.46,0
PX008440,999,insufficient_funds,wallet,media,10,1,3,47,36,178,1059.12,0.943,0.909,0.02128,37.65,1
PX008441,999,mandate_expired,card,media,6,0,3,54,26,251,1282.18,0.779,1.0,0.0,9.32,1
PX008442,9999,insufficient_funds,netbanking,media,6,2,3,25,46,565,9996.16,1.0,0.75,0.08,15.78,0
PX008443,2499,bank_timeout,upi,subscription,13,2,2,26,15,144,1757.19,1.422,0.867,0.07692,23.47,1
PX008444,499,suspicious_reversal,netbanking,saas,9,0,0,8,41,218,378.46,1.319,1.0,0.0,27.39,0
PX008445,4999,expired_card,card,media,6,4,1,12,56,100,5914.08,0.845,0.6,0.33333,5.93,0
PX008446,4999,mandate_expired,netbanking,subscription,3,0,0,41,37,372,4667.09,1.071,1.0,0.0,32.84,1
PX008447,999,mandate_expired,netbanking,education,9,4,3,25,7,368,747.53,1.336,0.692,0.16,15.14,1
PX008448,1999,insufficient_funds,wallet,saas,7,2,1,6,39,48,1922.55,1.04,0.778,0.33333,7.25,1
PX008449,999,suspicious_reversal,card,saas,11,1,0,47,16,546,1183.6,0.844,0.917,0.02128,14.52,0
PX008450,1499,expired_card,card,subscription,5,4,0,31,23,541,1824.95,0.821,0.556,0.12903,31.97,1
PX008451,1499,expired_card,card,education,7,2,1,60,54,598,1977.76,0.758,0.778,0.03333,5.26,0
PX008452,19999,expired_card,netbanking,education,9,1,0,54,3,429,22652.06,0.883,0.9,0.01852,15.08,1
PX008453,4999,suspicious_reversal,upi,media,6,5,2,58,8,417,6635.91,0.753,0.545,0.08621,42.84,0
PX008454,1499,expired_card,wallet,education,10,2,1,39,31,149,1204.41,1.245,0.833,0.05128,30.68,1
PX008455,9999,expired_card,upi,ecommerce,10,2,1,52,11,165,11787.69,0.848,0.833,0.03846,26.08,0
PX008456,999,expired_card,upi,media,4,3,3,46,41,238,1317.34,0.758,0.571,0.06522,13.78,0
PX008457,999,expired_card,netbanking,ecommerce,8,0,2,25,41,662,1200.58,0.832,1.0,0.0,0.76,1
PX008458,9999,mandate_expired,netbanking,subscription,6,5,3,14,52,470,7337.19,1.363,0.545,0.35714,11.96,0
PX008459,1999,mandate_expired,upi,subscription,8,3,2,24,52,548,1714.48,1.166,0.727,0.125,11.35,1
PX008460,2499,insufficient_funds,upi,ecommerce,9,0,0,24,19,278,3403.32,0.734,1.0,0.0,0.78,1
PX008461,1999,mandate_expired,netbanking,media,13,1,2,41,23,436,2781.4,0.719,0.929,0.02439,32.97,1
PX008462,2499,suspicious_reversal,card,education,10,1,2,17,6,688,2260.32,1.106,0.909,0.05882,41.3,0
PX008463,19999,expired_card,wallet,ecommerce,12,2,2,21,53,52,19479.37,1.027,0.857,0.09524,43.76,0
PX008464,1499,suspicious_reversal,wallet,media,9,0,3,36,49,624,1329.84,1.127,1.0,0.0,24.88,0
PX008465,9999,insufficient_funds,card,saas,10,2,3,35,6,59,8214.69,1.217,0.833,0.05714,23.91,1
PX008466,2499,mandate_expired,upi,education,10,3,0,12,52,318,2520.79,0.991,0.769,0.25,11.52,0
PX008467,4999,insufficient_funds,upi,saas,8,1,2,22,17,584,5639.1,0.886,0.889,0.04545,47.95,0
PX008468,2499,insufficient_funds,upi,education,7,1,2,47,7,706,3193.7,0.782,0.875,0.02128,16.47,1
PX008469,1499,mandate_expired,card,media,6,2,3,17,33,703,1603.96,0.935,0.75,0.11765,40.09,0
PX008470,999,bank_timeout,card,media,6,3,3,11,59,169,1150.85,0.868,0.667,0.27273,10.49,0
PX008471,999,insufficient_funds,upi,saas,6,2,3,37,30,2,1284.79,0.778,0.75,0.05405,26.28,1
PX008472,19999,bank_timeout,netbanking,education,5,2,2,17,4,185,15290.05,1.308,0.714,0.11765,1.49,0
PX008473,19999,insufficient_funds,upi,ecommerce,10,2,0,19,46,361,15610.74,1.281,0.833,0.10526,38.92,1
PX008474,499,expired_card,card,education,5,0,2,10,34,705,469.22,1.063,1.0,0.0,42.32,0
PX008475,2499,insufficient_funds,wallet,media,10,2,1,48,23,623,3366.3,0.742,0.833,0.04167,27.25,0
PX008476,2499,suspicious_reversal,netbanking,media,9,2,3,13,9,374,2724.23,0.917,0.818,0.15385,10.64,0
PX008477,4999,suspicious_reversal,netbanking,subscription,2,2,2,15,21,438,4847.51,1.031,0.5,0.13333,8.67,0
PX008478,9999,mandate_expired,upi,education,10,3,0,59,23,42,11924.72,0.839,0.769,0.05085,27.0,0
PX008479,499,insufficient_funds,netbanking,media,8,3,2,9,31,523,505.19,0.988,0.727,0.33333,17.58,1
PX008480,9999,mandate_expired,wallet,ecommerce,7,4,1,54,14,239,10773.06,0.928,0.636,0.07407,13.11,0
PX008481,1499,bank_timeout,wallet,media,3,1,2,5,30,611,1676.96,0.894,0.75,0.2,20.72,1
PX008482,499,suspicious_reversal,netbanking,ecommerce,5,4,0,58,58,24,452.26,1.103,0.556,0.06897,21.29,0
PX008483,4999,suspicious_reversal,wallet,education,5,4,3,17,25,308,4077.21,1.226,0.556,0.23529,41.04,0
PX008484,999,bank_timeout,upi,media,13,0,0,24,17,306,1107.22,0.902,1.0,0.0,37.37,1
PX008485,19999,suspicious_reversal,wallet,education,3,3,3,17,43,470,20395.53,0.981,0.5,0.17647,26.76,0
PX008486,4999,mandate_expired,upi,media,14,4,1,24,4,556,6406.36,0.78,0.778,0.16667,0.63,1
PX008487,9999,bank_timeout,netbanking,ecommerce,6,3,3,36,50,328,13606.91,0.735,0.667,0.08333,15.65,0
PX008488,499,mandate_expired,upi,education,7,0,1,46,35,93,477.15,1.046,1.0,0.0,29.86,0
PX008489,19999,expired_card,card,ecommerce,9,2,2,13,56,410,21892.53,0.914,0.818,0.15385,40.92,1
PX008490,1999,expired_card,netbanking,education,7,3,0,21,25,646,1454.7,1.374,0.7,0.14286,8.55,0
PX008491,19999,bank_timeout,card,media,10,4,2,52,3,64,14547.7,1.375,0.714,0.07692,12.57,1
PX008492,1999,bank_timeout,card,saas,4,1,2,17,12,623,2310.59,0.865,0.8,0.05882,23.27,0
PX008493,499,expired_card,netbanking,subscription,7,1,2,30,6,119,416.82,1.197,0.875,0.03333,20.65,0
PX008494,999,insufficient_funds,netbanking,ecommerce,13,1,3,40,34,111,1161.08,0.86,0.929,0.025,1.37,0
PX008495,9999,insufficient_funds,upi,media,11,2,2,57,47,102,11401.9,0.877,0.846,0.03509,9.25,1
PX008496,9999,insufficient_funds,netbanking,education,8,1,0,47,39,206,9543.6,1.048,0.889,0.02128,11.17,1
PX008497,499,bank_timeout,netbanking,ecommerce,8,1,2,55,35,210,628.26,0.794,0.889,0.01818,27.22,0
PX008498,4999,insufficient_funds,card,ecommerce,7,3,0,25,50,524,3183.63,1.57,0.7,0.12,23.08,1
PX008499,499,insufficient_funds,upi,subscription,8,2,1,23,42,388,456.27,1.094,0.8,0.08696,42.64,1
PX008500,999,suspicious_reversal,netbanking,saas,9,2,3,45,34,471,1054.29,0.948,0.818,0.04444,31.2,0
PX008501,1499,insufficient_funds,card,education,6,1,0,6,8,653,1015.25,1.476,0.857,0.16667,9.92,1
PX008502,999,expired_card,wallet,media,8,1,0,43,40,702,1270.75,0.786,0.889,0.02326,3.33,1
PX008503,9999,expired_card,netbanking,subscription,11,4,1,1,51,387,13487.33,0.741,0.733,4.0,13.96,0
PX008504,2499,expired_card,upi,ecommerce,11,1,3,4,5,136,2528.53,0.988,0.917,0.25,35.78,0
PX008505,19999,mandate_expired,card,ecommerce,4,1,2,50,53,363,21912.38,0.913,0.8,0.02,44.89,0
PX008506,499,expired_card,wallet,ecommerce,5,1,2,49,31,560,432.01,1.155,0.833,0.02041,42.02,1
PX008507,19999,expired_card,upi,media,8,3,1,46,41,416,24464.33,0.817,0.727,0.06522,8.16,1
PX008508,999,expired_card,netbanking,ecommerce,6,1,1,29,4,638,1133.81,0.881,0.857,0.03448,22.29,1
PX008509,19999,insufficient_funds,upi,subscription,6,1,1,11,57,100,13264.87,1.508,0.857,0.09091,45.11,1
PX008510,499,expired_card,netbanking,media,5,4,1,21,42,496,582.87,0.856,0.556,0.19048,16.92,0
PX008511,2499,expired_card,upi,education,3,3,1,19,32,467,2567.57,0.973,0.5,0.15789,38.82,0
PX008512,9999,insufficient_funds,upi,media,6,3,0,14,45,664,6876.48,1.454,0.667,0.21429,16.5,0
PX008513,499,bank_timeout,upi,education,12,1,0,10,50,122,693.17,0.72,0.923,0.1,46.61,1
PX008514,999,insufficient_funds,card,subscription,8,4,2,55,57,710,730.0,1.369,0.667,0.07273,1.72,0
PX008515,499,insufficient_funds,netbanking,media,6,0,3,48,13,295,336.13,1.485,1.0,0.0,12.33,1
PX008516,499,bank_timeout,upi,saas,6,2,3,55,37,131,556.93,0.896,0.75,0.03636,32.9,1
PX008517,2499,insufficient_funds,card,education,9,3,0,6,58,353,2251.36,1.11,0.75,0.5,34.24,1
PX008518,2499,suspicious_reversal,upi,education,7,1,0,25,49,160,2984.25,0.837,0.875,0.04,31.25,1
PX008519,999,insufficient_funds,upi,saas,9,3,1,44,60,670,1157.91,0.863,0.75,0.06818,23.48,1
PX008520,19999,mandate_expired,card,media,12,1,3,48,33,162,22881.68,0.874,0.923,0.02083,35.6,1
PX008521,19999,bank_timeout,card,subscription,9,3,0,36,15,448,19920.38,1.004,0.75,0.08333,29.89,1
PX008522,999,bank_timeout,card,saas,10,2,2,29,11,727,947.67,1.054,0.833,0.06897,43.67,1
PX008523,9999,suspicious_reversal,wallet,subscription,7,1,2,16,34,204,7314.51,1.367,0.875,0.0625,5.53,0
PX008524,2499,suspicious_reversal,upi,saas,7,1,3,30,23,655,3389.67,0.737,0.875,0.03333,44.65,0
PX008525,499,mandate_expired,upi,ecommerce,8,1,1,28,27,508,631.51,0.79,0.889,0.03571,7.84,1
PX008526,499,insufficient_funds,card,saas,11,5,3,50,3,90,392.16,1.272,0.688,0.1,22.78,1
PX008527,2499,suspicious_reversal,card,saas,4,4,1,9,40,229,2253.6,1.109,0.5,0.44444,23.3,0
PX008528,19999,insufficient_funds,card,saas,4,3,2,43,18,429,23362.59,0.856,0.571,0.06977,35.94,0
PX008529,999,bank_timeout,wallet,media,12,1,2,19,8,118,861.26,1.16,0.923,0.05263,22.77,1
PX008530,4999,expired_card,netbanking,ecommerce,18,1,2,36,49,123,5086.99,0.983,0.947,0.02778,11.81,0
PX008531,1999,bank_timeout,upi,saas,16,3,0,50,42,510,1252.23,1.596,0.842,0.06,29.61,1
PX008532,19999,expired_card,netbanking,subscription,8,3,3,51,17,549,22144.96,0.903,0.727,0.05882,15.74,0
PX008533,1999,expired_card,netbanking,media,7,1,0,58,27,589,2577.44,0.776,0.875,0.01724,32.94,1
PX008534,1499,mandate_expired,netbanking,ecommerce,6,2,2,54,56,551,2062.96,0.727,0.75,0.03704,0.5,1
PX008535,1499,mandate_expired,netbanking,ecommerce,7,2,3,37,20,566,1006.07,1.49,0.778,0.05405,16.45,1
PX008536,999,insufficient_funds,upi,ecommerce,7,5,2,7,52,296,1203.66,0.83,0.583,0.71429,17.14,1
PX008537,19999,insufficient_funds,wallet,saas,4,4,0,57,43,720,16127.72,1.24,0.5,0.07018,45.3,1
PX008538,2499,expired_card,netbanking,saas,11,0,2,56,43,305,2176.35,1.148,1.0,0.0,9.76,0
PX008539,499,expired_card,card,ecommerce,7,2,1,1,44,434,583.14,0.856,0.778,2.0,24.62,1
PX008540,4999,bank_timeout,netbanking,saas,7,2,0,27,51,727,6245.11,0.8,0.778,0.07407,3.24,1
PX008541,2499,suspicious_reversal,upi,saas,8,1,0,48,10,434,2094.56,1.193,0.889,0.02083,13.0,0
PX008542,1499,suspicious_reversal,card,media,6,2,2,29,1,374,993.1,1.509,0.75,0.06897,14.94,0
PX008543,2499,mandate_expired,upi,subscription,5,2,0,39,37,547,2893.18,0.864,0.714,0.05128,33.73,0
PX008544,2499,mandate_expired,netbanking,subscription,4,3,3,29,60,632,3002.38,0.832,0.571,0.10345,23.08,0
PX008545,1499,bank_timeout,wallet,ecommerce,8,3,2,14,32,148,1444.52,1.038,0.727,0.21429,33.68,1
PX008546,999,bank_timeout,netbanking,subscription,12,2,3,12,33,352,1175.83,0.85,0.857,0.16667,33.43,1
PX008547,4999,expired_card,card,education,9,2,3,4,14,246,4025.86,1.242,0.818,0.5,5.94,0
PX008548,499,bank_timeout,upi,saas,7,1,3,44,1,229,494.52,1.009,0.875,0.02273,39.16,1
PX008549,19999,expired_card,netbanking,education,10,0,0,39,52,145,27833.04,0.719,1.0,0.0,35.64,1
PX008550,1499,expired_card,netbanking,saas,7,2,2,32,34,572,1479.21,1.013,0.778,0.0625,20.72,0
PX008551,999,expired_card,upi,saas,7,4,2,17,7,661,652.69,1.531,0.636,0.23529,46.05,0
PX008552,4999,expired_card,upi,media,10,2,2,1,3,703,5128.43,0.975,0.833,2.0,37.7,0
PX008553,19999,bank_timeout,netbanking,media,9,2,0,3,34,101,13546.42,1.476,0.818,0.66667,30.94,1
PX008554,2499,bank_timeout,wallet,saas,5,0,2,18,28,632,2342.55,1.067,1.0,0.0,37.04,1
PX008555,1499,bank_timeout,upi,ecommerce,7,2,3,53,50,350,1330.61,1.127,0.778,0.03774,10.41,1
PX008556,1999,insufficient_funds,card,saas,5,0,0,1,4,63,2487.06,0.804,1.0,0.0,15.96,1
PX008557,1499,mandate_expired,card,ecommerce,7,0,0,27,46,728,1502.02,0.998,1.0,0.0,31.92,0
PX008558,2499,insufficient_funds,netbanking,subscription,4,3,2,3,37,293,2558.86,0.977,0.571,1.0,2.15,1
PX008559,19999,expired_card,netbanking,saas,11,2,1,56,33,122,27524.12,0.727,0.846,0.03571,21.88,0
PX008560,19999,insufficient_funds,netbanking,media,8,0,0,41,13,483,12131.27,1.649,1.0,0.0,20.87,1
PX008561,9999,insufficient_funds,wallet,education,9,4,3,12,37,127,6305.34,1.586,0.692,0.33333,29.66,1
PX008562,4999,bank_timeout,netbanking,saas,9,1,0,29,50,80,6493.9,0.77,0.9,0.03448,25.16,1
PX008563,999,suspicious_reversal,card,saas,6,6,3,3,33,28,788.44,1.267,0.5,2.0,22.97,0
PX008564,1999,suspicious_reversal,netbanking,ecommerce,9,0,1,9,42,237,1405.2,1.423,1.0,0.0,40.7,1
PX008565,1499,bank_timeout,upi,saas,7,0,2,46,33,521,1988.56,0.754,1.0,0.0,17.33,1
PX008566,1999,insufficient_funds,upi,media,4,5,1,4,2,684,2677.8,0.747,0.444,1.25,28.18,0
PX008567,499,suspicious_reversal,upi,subscription,4,2,3,22,5,85,600.8,0.831,0.667,0.09091,20.98,0
PX008568,499,bank_timeout,upi,ecommerce,11,1,2,43,5,538,307.36,1.623,0.917,0.02326,29.47,1
PX008569,4999,bank_timeout,wallet,education,4,2,0,10,57,122,5250.23,0.952,0.667,0.2,47.66,1
PX008570,1999,bank_timeout,netbanking,saas,11,0,1,21,37,605,2571.16,0.777,1.0,0.0,47.23,1
PX008571,9999,mandate_expired,netbanking,saas,9,3,2,34,59,614,9419.75,1.061,0.75,0.08824,21.69,1
PX008572,1999,mandate_expired,card,education,6,1,0,47,1,163,1962.12,1.019,0.857,0.02128,36.9,1
PX008573,19999,suspicious_reversal,wallet,media,7,1,3,27,37,302,15887.66,1.259,0.875,0.03704,41.71,0
PX008574,999,bank_timeout,upi,media,7,3,0,54,30,633,959.83,1.041,0.7,0.05556,36.84,1
PX008575,999,bank_timeout,card,subscription,12,1,0,36,47,125,795.46,1.256,0.923,0.02778,7.61,1
PX008576,499,mandate_expired,netbanking,subscription,7,2,2,49,27,191,643.86,0.775,0.778,0.04082,46.87,0
PX008577,1499,expired_card,wallet,education,8,0,2,23,27,229,1174.54,1.276,1.0,0.0,8.8,0
PX008578,2499,insufficient_funds,netbanking,ecommerce,3,2,3,55,21,415,1568.3,1.593,0.6,0.03636,25.69,0
PX008579,19999,insufficient_funds,netbanking,subscription,12,1,1,32,17,391,13164.88,1.519,0.923,0.03125,14.44,1
PX008580,1499,expired_card,netbanking,saas,12,3,0,23,27,150,1421.52,1.055,0.8,0.13043,21.15,1
PX008581,9999,expired_card,card,subscription,10,3,0,1,43,15,13479.75,0.742,0.769,3.0,7.48,1
PX008582,2499,expired_card,wallet,media,10,7,0,16,18,405,1837.4,1.36,0.588,0.4375,23.99,1
PX008583,999,suspicious_reversal,card,education,10,5,1,41,1,192,823.08,1.214,0.667,0.12195,26.31,0
PX008584,9999,expired_card,wallet,saas,5,2,1,51,14,170,13823.94,0.723,0.714,0.03922,12.91,0
PX008585,1999,mandate_expired,wallet,media,8,3,2,59,31,712,1656.39,1.207,0.727,0.05085,41.33,0
PX008586,19999,insufficient_funds,card,saas,9,1,0,3,11,718,26726.86,0.748,0.9,0.33333,1.19,1
PX008587,1499,insufficient_funds,wallet,media,9,0,3,19,44,329,1636.01,0.916,1.0,0.0,0.65,0
PX008588,4999,expired_card,card,ecommerce,11,2,3,11,48,387,6791.94,0.736,0.846,0.18182,22.4,0
PX008589,9999,mandate_expired,card,ecommerce,8,3,3,44,36,1,9148.96,1.093,0.727,0.06818,8.75,1
PX008590,999,expired_card,netbanking,education,6,2,0,10,11,258,692.11,1.443,0.75,0.2,38.8,0
PX008591,19999,suspicious_reversal,wallet,education,8,2,0,35,1,301,19919.47,1.004,0.8,0.05714,24.73,0
PX008592,1499,mandate_expired,card,ecommerce,10,0,3,49,52,131,1904.1,0.787,1.0,0.0,35.98,1
PX008593,499,mandate_expired,wallet,education,6,3,1,41,52,603,524.73,0.951,0.667,0.07317,21.61,1
PX008594,19999,insufficient_funds,netbanking,media,7,1,0,18,26,104,21031.51,0.951,0.875,0.05556,38.92,1
PX008595,2499,expired_card,wallet,ecommerce,12,3,1,22,13,636,2140.97,1.167,0.8,0.13636,39.13,1
PX008596,499,bank_timeout,upi,saas,5,2,2,41,40,88,571.57,0.873,0.714,0.04878,27.42,1
PX008597,2499,insufficient_funds,card,subscription,7,3,0,25,23,10,3117.73,0.802,0.7,0.12,6.27,1
PX008598,999,suspicious_reversal,card,ecommerce,11,0,1,54,20,91,971.19,1.029,1.0,0.0,34.26,1
PX008599,19999,expired_card,wallet,saas,12,3,3,9,31,567,12410.92,1.611,0.8,0.33333,0.94,1
PX008600,9999,bank_timeout,wallet,saas,9,3,1,57,30,91,12241.2,0.817,0.75,0.05263,45.44,1
PX008601,19999,mandate_expired,card,ecommerce,11,2,0,8,58,620,23607.73,0.847,0.846,0.25,9.03,0
PX008602,2499,mandate_expired,upi,ecommerce,7,4,3,11,53,128,3449.85,0.724,0.636,0.36364,29.92,0
PX008603,19999,bank_timeout,upi,ecommerce,9,3,0,57,41,527,18469.84,1.083,0.75,0.05263,47.56,1
PX008604,999,bank_timeout,netbanking,subscription,9,3,2,17,18,707,965.04,1.035,0.75,0.17647,31.74,1
PX008605,999,mandate_expired,card,education,8,3,1,42,12,402,1295.09,0.771,0.727,0.07143,14.75,1
PX008606,19999,insufficient_funds,upi,education,9,1,1,20,14,660,14595.55,1.37,0.9,0.05,20.39,1
PX008607,4999,suspicious_reversal,upi,media,7,1,1,22,18,559,4357.26,1.147,0.875,0.04545,1.05,1
PX008608,999,expired_card,upi,saas,3,4,0,5,31,40,1330.17,0.751,0.429,0.8,33.44,0
PX008609,499,expired_card,netbanking,education,12,2,2,44,32,509,533.86,0.935,0.857,0.04545,15.67,0
PX008610,9999,suspicious_reversal,upi,education,4,3,2,5,57,253,8280.68,1.208,0.571,0.6,39.51,0
PX008611,2499,bank_timeout,upi,media,9,3,3,30,60,76,1976.4,1.264,0.75,0.1,36.26,1
PX008612,19999,insufficient_funds,wallet,subscription,12,2,0,27,7,82,23891.23,0.837,0.857,0.07407,19.68,0
PX008613,19999,mandate_expired,wallet,saas,8,4,1,57,43,688,16687.53,1.198,0.667,0.07018,19.85,0
PX008614,4999,insufficient_funds,card,ecommerce,9,2,0,57,12,355,3383.51,1.477,0.818,0.03509,27.45,1
PX008615,499,expired_card,upi,subscription,6,3,3,60,13,193,515.5,0.968,0.667,0.05,44.24,0
PX008616,1999,mandate_expired,upi,media,2,0,1,35,50,132,2220.05,0.9,1.0,0.0,36.0,1
PX008617,2499,mandate_expired,wallet,subscription,12,2,1,5,37,202,3077.68,0.812,0.857,0.4,5.01,1
PX008618,9999,insufficient_funds,wallet,media,10,3,3,9,53,489,10333.21,0.968,0.769,0.33333,35.46,1
PX008619,2499,expired_card,netbanking,media,9,2,1,7,15,605,3161.47,0.79,0.818,0.28571,33.83,1
PX008620,9999,suspicious_reversal,wallet,ecommerce,4,4,2,59,19,92,7184.35,1.392,0.5,0.0678,40.61,0
PX008621,999,suspicious_reversal,wallet,ecommerce,10,1,3,30,6,707,614.94,1.625,0.909,0.03333,1.52,0
PX008622,499,mandate_expired,wallet,education,4,3,2,6,38,536,657.45,0.759,0.571,0.5,3.73,0
PX008623,9999,expired_card,upi,media,8,1,1,44,4,335,10295.38,0.971,0.889,0.02273,22.16,1
PX008624,19999,mandate_expired,upi,subscription,8,0,2,37,26,258,18851.23,1.061,1.0,0.0,23.06,0
PX008625,4999,bank_timeout,card,subscription,8,2,1,58,50,618,6537.59,0.765,0.8,0.03448,36.67,1
PX008626,19999,mandate_expired,upi,saas,8,3,0,26,34,457,22155.6,0.903,0.727,0.11538,15.09,1
PX008627,1999,bank_timeout,netbanking,media,12,0,0,7,15,140,2069.15,0.966,1.0,0.0,2.91,1
PX008628,499,insufficient_funds,netbanking,saas,6,4,2,30,7,494,398.23,1.253,0.6,0.13333,11.46,0
PX008629,1999,insufficient_funds,upi,saas,6,2,1,9,51,257,2070.71,0.965,0.75,0.22222,35.64,1
PX008630,2499,mandate_expired,card,media,14,3,3,6,23,277,2850.47,0.877,0.824,0.5,30.23,1
PX008631,1499,insufficient_funds,wallet,education,5,1,3,12,53,469,1283.19,1.168,0.833,0.08333,41.21,0
PX008632,4999,expired_card,wallet,media,5,3,0,10,60,549,3270.03,1.529,0.625,0.3,23.8,1
PX008633,499,expired_card,card,saas,7,2,0,31,54,592,415.46,1.201,0.778,0.06452,26.65,1
PX008634,499,expired_card,wallet,education,9,5,1,25,4,198,330.6,1.509,0.643,0.2,17.97,1
PX008635,4999,mandate_expired,upi,education,9,2,1,32,52,376,6160.76,0.811,0.818,0.0625,18.95,1
PX008636,2499,mandate_expired,upi,media,9,6,2,28,44,108,2909.73,0.859,0.6,0.21429,37.8,1
PX008637,1499,mandate_expired,card,education,5,5,2,27,33,451,1662.53,0.902,0.5,0.18519,31.1,0
PX008638,4999,suspicious_reversal,card,saas,7,1,2,33,56,570,4053.1,1.233,0.875,0.0303,24.74,0
PX008639,9999,expired_card,wallet,education,11,1,0,22,25,516,13638.55,0.733,0.917,0.04545,46.92,0
PX008640,1999,suspicious_reversal,upi,saas,8,0,0,58,15,8,2268.1,0.881,1.0,0.0,28.55,0
PX008641,1499,insufficient_funds,upi,subscription,10,1,2,17,54,387,1619.96,0.925,0.909,0.05882,39.16,1
PX008642,9999,insufficient_funds,card,ecommerce,10,0,0,32,11,595,13178.72,0.759,1.0,0.0,6.09,1
PX008643,9999,mandate_expired,netbanking,saas,7,2,1,16,54,41,13575.79,0.737,0.778,0.125,29.46,0
PX008644,499,suspicious_reversal,card,saas,5,2,1,40,27,422,604.19,0.826,0.714,0.05,44.57,1
PX008645,4999,expired_card,wallet,ecommerce,12,3,1,26,50,728,5987.61,0.835,0.8,0.11538,46.38,1
PX008646,19999,bank_timeout,card,subscription,8,1,1,50,25,587,17416.05,1.148,0.889,0.02,8.36,1
PX008647,2499,expired_card,netbanking,subscription,6,6,0,56,23,406,2905.62,0.86,0.5,0.10714,26.24,0
PX008648,2499,mandate_expired,wallet,saas,7,2,3,1,38,545,1813.54,1.378,0.778,2.0,21.04,0
PX008649,1499,mandate_expired,card,saas,5,0,0,26,58,300,1096.93,1.367,1.0,0.0,40.61,1
PX008650,2499,expired_card,wallet,saas,7,0,1,29,29,262,3082.41,0.811,1.0,0.0,6.88,1
PX008651,4999,expired_card,netbanking,media,7,5,1,35,15,16,4780.24,1.046,0.583,0.14286,47.64,1
PX008652,499,suspicious_reversal,upi,ecommerce,7,4,1,20,41,727,459.91,1.085,0.636,0.2,39.22,0
PX008653,499,bank_timeout,netbanking,subscription,4,1,0,15,21,93,429.99,1.16,0.8,0.06667,22.73,1
PX008654,499,mandate_expired,netbanking,media,11,3,3,10,47,633,423.87,1.177,0.786,0.3,34.93,1
PX008655,2499,expired_card,upi,subscription,6,3,1,10,8,481,3315.71,0.754,0.667,0.3,30.27,0
PX008656,2499,bank_timeout,upi,ecommerce,9,1,3,35,39,360,3160.8,0.791,0.9,0.02857,13.69,1
PX008657,9999,expired_card,netbanking,ecommerce,10,1,0,14,51,55,6097.86,1.64,0.909,0.07143,10.73,1
PX008658,1499,expired_card,netbanking,subscription,7,0,3,26,57,550,1620.36,0.925,1.0,0.0,24.94,0
PX008659,9999,expired_card,upi,ecommerce,6,2,3,48,14,407,10276.19,0.973,0.75,0.04167,32.0,1
PX008660,9999,suspicious_reversal,netbanking,education,12,4,0,11,34,407,9854.6,1.015,0.75,0.36364,11.36,0
PX008661,9999,expired_card,upi,subscription,6,2,1,19,13,421,7501.29,1.333,0.75,0.10526,28.52,0
PX008662,499,bank_timeout,netbanking,education,11,2,2,59,25,725,681.19,0.733,0.846,0.0339,43.29,1
PX008663,1499,bank_timeout,wallet,ecommerce,15,0,3,52,37,228,1305.81,1.148,1.0,0.0,29.61,1
PX008664,2499,suspicious_reversal,upi,ecommerce,10,2,1,42,17,524,3371.24,0.741,0.833,0.04762,32.14,0
PX008665,4999,mandate_expired,wallet,saas,8,1,0,49,28,350,3922.91,1.274,0.889,0.02041,44.55,1
PX008666,9999,insufficient_funds,upi,ecommerce,9,1,0,18,13,713,12276.01,0.815,0.9,0.05556,6.18,0
PX008667,19999,expired_card,card,subscription,11,2,3,3,47,352,17731.29,1.128,0.846,0.66667,44.98,0
PX008668,19999,insufficient_funds,netbanking,ecommerce,7,1,1,27,16,431,24899.46,0.803,0.875,0.03704,8.49,1
PX008669,1999,bank_timeout,netbanking,ecommerce,4,2,0,57,54,372,2329.08,0.858,0.667,0.03509,26.33,0
PX008670,4999,insufficient_funds,netbanking,subscription,5,3,0,16,11,700,5115.78,0.977,0.625,0.1875,29.23,1
PX008671,9999,bank_timeout,card,ecommerce,7,2,0,18,31,667,13377.62,0.747,0.778,0.11111,42.4,1
PX008672,9999,insufficient_funds,card,saas,10,2,0,51,44,603,7497.41,1.334,0.833,0.03922,5.43,1
PX008673,1499,mandate_expired,upi,subscription,9,4,2,18,38,601,1928.38,0.777,0.692,0.22222,30.64,0
PX008674,19999,bank_timeout,upi,media,10,2,3,36,15,38,15428.84,1.296,0.833,0.05556,43.95,1
PX008675,1999,expired_card,upi,saas,7,1,0,35,24,259,1227.83,1.628,0.875,0.02857,23.7,0
PX008676,9999,insufficient_funds,upi,education,6,2,3,49,25,174,7507.83,1.332,0.75,0.04082,5.82,1
PX008677,499,insufficient_funds,card,ecommerce,6,2,0,30,16,47,673.2,0.741,0.75,0.06667,10.23,1
PX008678,999,insufficient_funds,netbanking,ecommerce,12,3,0,35,7,292,859.67,1.162,0.8,0.08571,34.63,1
PX008679,1499,expired_card,netbanking,saas,7,0,2,38,41,22,955.49,1.569,1.0,0.0,32.52,0
PX008680,19999,expired_card,wallet,media,9,1,0,28,17,659,26257.3,0.762,0.9,0.03571,5.91,0
PX008681,499,bank_timeout,wallet,ecommerce,5,3,3,44,19,351,341.38,1.462,0.625,0.06818,31.96,1
PX008682,1499,suspicious_reversal,wallet,media,16,1,0,21,37,256,1610.88,0.931,0.941,0.04762,34.76,0
PX008683,9999,insufficient_funds,netbanking,education,8,1,3,54,60,702,13991.7,0.715,0.889,0.01852,16.34,1
PX008684,1999,bank_timeout,upi,saas,3,2,1,30,52,407,1834.38,1.09,0.6,0.06667,2.81,1
PX008685,1499,mandate_expired,card,ecommerce,7,2,3,38,48,690,1942.54,0.772,0.778,0.05263,33.26,0
PX008686,9999,insufficient_funds,upi,saas,5,1,3,9,56,305,12508.04,0.799,0.833,0.11111,16.88,0
PX008687,19999,bank_timeout,netbanking,media,5,1,2,37,53,82,19273.37,1.038,0.833,0.02703,13.94,1
PX008688,1499,mandate_expired,upi,education,5,4,0,11,7,67,1343.22,1.116,0.556,0.36364,6.86,0
PX008689,499,insufficient_funds,netbanking,subscription,10,0,2,28,13,373,599.34,0.833,1.0,0.0,23.11,1
PX008690,1999,insufficient_funds,netbanking,media,11,2,2,7,39,46,1437.18,1.391,0.846,0.28571,27.13,1
PX008691,2499,insufficient_funds,wallet,saas,8,2,3,42,59,285,1916.47,1.304,0.8,0.04762,2.62,0
PX008692,499,bank_timeout,netbanking,media,10,5,0,36,46,555,309.89,1.61,0.667,0.13889,18.14,1
PX008693,1499,insufficient_funds,netbanking,education,7,1,3,28,7,564,1889.34,0.793,0.875,0.03571,46.89,1
PX008694,4999,mandate_expired,netbanking,education,11,3,2,26,46,132,5492.14,0.91,0.786,0.11538,38.94,1
PX008695,9999,mandate_expired,netbanking,ecommerce,13,0,1,7,9,438,6308.49,1.585,1.0,0.0,41.61,1
PX008696,19999,expired_card,card,media,6,4,0,54,37,317,24102.18,0.83,0.6,0.07407,22.4,1
PX008697,499,suspicious_reversal,card,subscription,4,2,3,39,41,294,452.27,1.103,0.667,0.05128,42.48,0
PX008698,2499,mandate_expired,card,media,7,3,1,39,9,578,1637.65,1.526,0.7,0.07692,39.95,1
PX008699,1999,bank_timeout,wallet,education,7,0,1,30,34,268,2353.53,0.849,1.0,0.0,14.11,1
PX008700,2499,insufficient_funds,card,subscription,5,3,0,11,6,690,3181.03,0.786,0.625,0.27273,36.0,0
PX008701,999,insufficient_funds,netbanking,media,7,0,3,45,59,519,817.07,1.223,1.0,0.0,20.23,0
PX008702,1999,bank_timeout,card,ecommerce,8,2,2,16,5,238,2206.56,0.906,0.8,0.125,2.33,1
PX008703,1999,bank_timeout,upi,subscription,3,2,1,60,10,691,1843.62,1.084,0.6,0.03333,46.39,1
PX008704,499,mandate_expired,card,media,11,1,3,19,2,696,605.37,0.824,0.917,0.05263,46.13,1
PX008705,19999,expired_card,upi,education,7,2,3,28,29,540,21287.74,0.939,0.778,0.07143,28.59,0
PX008706,1499,suspicious_reversal,card,saas,12,2,0,47,7,518,1661.48,0.902,0.857,0.04255,43.09,0
PX008707,19999,expired_card,wallet,ecommerce,6,1,2,47,23,152,21259.44,0.941,0.857,0.02128,10.86,0
PX008708,2499,insufficient_funds,card,saas,7,2,2,5,5,688,2694.16,0.928,0.778,0.4,36.66,1
PX008709,999,expired_card,card,media,5,0,0,37,37,270,1156.83,0.864,1.0,0.0,19.17,0
PX008710,19999,bank_timeout,wallet,subscription,8,2,0,34,39,382,18347.17,1.09,0.8,0.05882,37.08,1
PX008711,4999,bank_timeout,card,saas,8,5,1,57,25,41,5932.54,0.843,0.615,0.08772,22.07,1
PX008712,1999,expired_card,upi,subscription,10,2,2,24,18,29,1562.71,1.279,0.833,0.08333,38.4,1
PX008713,9999,mandate_expired,card,education,7,1,1,47,2,60,13146.61,0.761,0.875,0.02128,26.23,0
PX008714,2499,suspicious_reversal,upi,saas,8,2,3,47,33,480,1610.97,1.551,0.8,0.04255,2.48,0
PX008715,9999,expired_card,wallet,education,6,1,3,6,28,688,8587.04,1.164,0.857,0.16667,14.12,0
PX008716,19999,insufficient_funds,wallet,ecommerce,9,1,3,27,6,679,15177.19,1.318,0.9,0.03704,7.61,0
PX008717,9999,expired_card,wallet,saas,9,4,3,60,49,257,9572.9,1.045,0.692,0.06667,4.7,0
PX008718,9999,bank_timeout,wallet,saas,5,3,2,29,46,288,10650.92,0.939,0.625,0.10345,22.9,1
PX008719,1499,mandate_expired,netbanking,media,6,6,0,55,19,195,1746.06,0.859,0.5,0.10909,27.22,1
PX008720,999,bank_timeout,wallet,ecommerce,15,0,0,56,39,544,1295.0,0.771,1.0,0.0,7.45,1
PX008721,9999,suspicious_reversal,netbanking,education,10,0,0,15,47,59,7892.38,1.267,1.0,0.0,9.51,0
PX008722,499,insufficient_funds,card,saas,10,1,0,49,59,451,595.98,0.837,0.909,0.02041,2.31,1
PX008723,1499,suspicious_reversal,wallet,media,12,2,2,59,28,626,1348.13,1.112,0.857,0.0339,40.9,0
PX008724,2499,insufficient_funds,wallet,subscription,11,3,0,59,9,496,2590.86,0.965,0.786,0.05085,4.1,0
PX008725,4999,expired_card,upi,education,8,4,0,36,31,328,3101.73,1.612,0.667,0.11111,5.64,1
PX008726,1499,expired_card,wallet,saas,13,3,0,43,44,37,1614.39,0.929,0.812,0.06977,20.27,0
PX008727,1499,suspicious_reversal,netbanking,saas,6,1,3,25,38,74,1376.39,1.089,0.857,0.04,32.8,1
PX008728,1499,mandate_expired,upi,education,10,3,3,44,35,656,1339.47,1.119,0.769,0.06818,35.77,1
PX008729,4999,mandate_expired,netbanking,saas,10,1,1,32,24,459,3698.09,1.352,0.909,0.03125,47.86,0
PX008730,1999,mandate_expired,upi,media,8,3,1,51,27,553,1435.32,1.393,0.727,0.05882,34.84,1
PX008731,1499,expired_card,wallet,saas,13,1,3,32,8,367,1845.44,0.812,0.929,0.03125,2.78,1
PX008732,999,expired_card,wallet,media,7,1,1,60,5,660,1312.81,0.761,0.875,0.01667,1.8,1
PX008733,1999,suspicious_reversal,netbanking,education,7,3,0,19,34,399,1822.82,1.097,0.7,0.15789,45.24,0
PX008734,4999,insufficient_funds,wallet,media,11,1,0,15,45,38,3382.36,1.478,0.917,0.06667,28.99,1
PX008735,499,insufficient_funds,netbanking,media,13,3,0,42,29,513,387.96,1.286,0.812,0.07143,24.71,0
PX008736,19999,insufficient_funds,upi,education,14,3,1,2,11,114,19833.68,1.008,0.824,1.5,3.17,1
PX008737,4999,expired_card,upi,saas,4,3,3,36,30,450,5906.33,0.846,0.571,0.08333,19.95,0
PX008738,1999,insufficient_funds,netbanking,subscription,3,1,2,45,28,729,2749.16,0.727,0.75,0.02222,8.67,0
PX008739,1999,expired_card,card,ecommerce,4,3,1,52,17,112,2308.16,0.866,0.571,0.05769,8.57,0
PX008740,2499,bank_timeout,upi,saas,4,1,1,18,17,633,3050.4,0.819,0.8,0.05556,29.54,0
PX008741,4999,mandate_expired,card,subscription,12,2,1,26,20,258,4177.68,1.197,0.857,0.07692,35.9,0
PX008742,499,mandate_expired,netbanking,education,4,1,0,51,52,669,495.69,1.007,0.8,0.01961,28.74,0
PX008743,1999,suspicious_reversal,upi,subscription,13,1,0,10,52,349,2770.6,0.722,0.929,0.1,40.76,1
PX008744,2499,mandate_expired,card,media,4,2,1,18,20,206,2293.1,1.09,0.667,0.11111,11.16,1
PX008745,19999,insufficient_funds,wallet,education,16,2,1,22,41,85,21730.95,0.92,0.889,0.09091,10.97,1
PX008746,1999,insufficient_funds,card,subscription,6,1,0,29,54,490,1472.92,1.357,0.857,0.03448,13.26,0
PX008747,1999,suspicious_reversal,wallet,subscription,3,5,3,19,34,430,1986.47,1.006,0.375,0.26316,7.2,0
PX008748,19999,mandate_expired,upi,saas,5,0,2,38,39,586,14644.46,1.366,1.0,0.0,16.0,0
PX008749,1999,bank_timeout,upi,subscription,12,1,1,43,22,452,1632.79,1.224,0.923,0.02326,36.95,1
PX008750,9999,mandate_expired,netbanking,saas,7,2,2,44,7,17,7874.19,1.27,0.778,0.04545,24.19,0
PX008751,1999,suspicious_reversal,wallet,education,12,1,0,9,11,84,2343.86,0.853,0.923,0.11111,17.01,0
PX008752,2499,bank_timeout,upi,subscription,12,1,3,3,36,424,2743.79,0.911,0.923,0.33333,12.24,1
PX008753,999,insufficient_funds,upi,subscription,7,1,3,2,36,469,1083.04,0.922,0.875,0.5,22.56,1
PX008754,1499,insufficient_funds,upi,media,7,1,2,30,17,442,921.57,1.627,0.875,0.03333,7.06,1
PX008755,9999,suspicious_reversal,wallet,subscription,17,2,0,48,8,652,6004.94,1.665,0.895,0.04167,14.78,0
PX008756,9999,insufficient_funds,netbanking,ecommerce,9,3,3,44,53,409,9129.84,1.095,0.75,0.06818,4.42,0
PX008757,2499,mandate_expired,card,education,10,2,1,6,44,368,2463.44,1.014,0.833,0.33333,21.7,0
PX008758,999,expired_card,upi,media,7,3,3,22,11,385,1268.04,0.788,0.7,0.13636,33.45,0
PX008759,19999,bank_timeout,card,ecommerce,10,2,3,12,15,154,12092.09,1.654,0.833,0.16667,16.66,0
PX008760,999,expired_card,wallet,education,4,2,0,39,40,402,1267.39,0.788,0.667,0.05128,12.88,1
PX008761,19999,suspicious_reversal,wallet,subscription,4,1,3,3,28,158,17838.41,1.121,0.8,0.33333,36.51,0
PX008762,4999,bank_timeout,netbanking,media,8,0,1,56,57,516,3091.65,1.617,1.0,0.0,29.0,1
PX008763,1499,mandate_expired,card,ecommerce,8,2,0,21,59,479,1629.58,0.92,0.8,0.09524,21.08,0
PX008764,999,suspicious_reversal,netbanking,ecommerce,6,1,3,37,4,267,928.66,1.076,0.857,0.02703,29.16,0
PX008765,19999,mandate_expired,card,media,6,0,3,16,55,684,14414.26,1.387,1.0,0.0,20.37,0
PX008766,499,insufficient_funds,wallet,education,8,4,0,56,8,401,554.53,0.9,0.667,0.07143,34.51,1
PX008767,499,insufficient_funds,wallet,ecommerce,6,0,2,58,1,108,334.14,1.493,1.0,0.0,40.98,1
PX008768,4999,suspicious_reversal,card,media,4,3,0,19,24,155,5894.98,0.848,0.571,0.15789,4.23,1
PX008769,999,mandate_expired,upi,ecommerce,7,0,0,9,17,370,764.86,1.306,1.0,0.0,32.58,0
PX008770,1499,insufficient_funds,upi,subscription,8,3,3,17,19,292,992.58,1.51,0.727,0.17647,46.35,1
PX008771,4999,bank_timeout,wallet,education,8,1,1,37,7,525,4202.01,1.19,0.889,0.02703,43.98,1
PX008772,9999,expired_card,card,media,8,0,3,23,6,211,8591.71,1.164,1.0,0.0,37.21,0
PX008773,4999,insufficient_funds,wallet,subscription,13,1,3,50,55,492,6313.02,0.792,0.929,0.02,27.69,1
PX008774,4999,insufficient_funds,upi,subscription,6,1,1,21,41,723,5518.34,0.906,0.857,0.04762,28.31,0
PX008775,499,mandate_expired,wallet,subscription,8,0,3,21,56,317,671.37,0.743,1.0,0.0,46.85,1
PX008776,9999,suspicious_reversal,wallet,subscription,9,1,1,33,55,45,13194.12,0.758,0.9,0.0303,6.98,0
PX008777,1499,mandate_expired,upi,education,7,1,3,26,59,669,1383.84,1.083,0.875,0.03846,34.68,0
PX008778,19999,suspicious_reversal,wallet,media,6,2,1,22,22,259,27572.55,0.725,0.75,0.09091,24.31,0
PX008779,4999,insufficient_funds,netbanking,saas,8,1,1,40,42,572,5468.94,0.914,0.889,0.025,31.22,1
PX008780,4999,bank_timeout,card,education,7,2,1,57,49,75,6737.99,0.742,0.778,0.03509,18.8,1
PX008781,4999,bank_timeout,upi,media,6,0,3,36,34,684,6540.35,0.764,1.0,0.0,13.18,1
PX008782,19999,insufficient_funds,card,media,9,6,0,34,49,225,21784.17,0.918,0.6,0.17647,27.73,0
PX008783,999,suspicious_reversal,netbanking,saas,6,4,2,42,42,586,908.27,1.1,0.6,0.09524,12.31,0
PX008784,1999,bank_timeout,upi,ecommerce,5,3,0,5,59,364,1847.35,1.082,0.625,0.6,38.32,1
PX008785,1999,bank_timeout,netbanking,education,8,5,2,10,39,260,1622.49,1.232,0.615,0.5,13.65,1
PX008786,1999,expired_card,upi,education,11,2,1,60,60,375,2725.63,0.733,0.846,0.03333,24.47,0
PX008787,1499,mandate_expired,netbanking,saas,5,1,0,50,6,366,1232.13,1.217,0.833,0.02,6.18,0
PX008788,9999,bank_timeout,upi,saas,9,3,3,46,32,230,10964.33,0.912,0.75,0.06522,5.46,1
PX008789,4999,expired_card,card,ecommerce,6,3,2,18,19,91,5834.35,0.857,0.667,0.16667,16.3,0
PX008790,1499,suspicious_reversal,netbanking,saas,11,0,2,12,29,118,1034.31,1.449,1.0,0.0,47.53,0
PX008791,499,expired_card,wallet,education,8,3,1,3,1,281,451.52,1.105,0.727,1.0,30.76,0
PX008792,1499,bank_timeout,netbanking,subscription,6,0,1,32,37,403,1797.3,0.834,1.0,0.0,8.44,0
PX008793,999,bank_timeout,wallet,media,13,3,1,14,25,100,1230.52,0.812,0.812,0.21429,26.87,1
PX008794,1499,bank_timeout,wallet,ecommerce,6,4,1,9,28,232,1235.8,1.213,0.6,0.44444,13.49,1
PX008795,2499,bank_timeout,card,ecommerce,7,2,3,42,37,727,1571.68,1.59,0.778,0.04762,27.34,1
PX008796,1999,bank_timeout,card,ecommerce,6,5,1,14,50,436,2655.05,0.753,0.545,0.35714,13.75,1
PX008797,999,suspicious_reversal,wallet,media,8,1,0,53,38,122,1135.85,0.88,0.889,0.01887,13.85,0
PX008798,2499,bank_timeout,card,media,7,5,3,32,37,629,3384.75,0.738,0.583,0.15625,10.18,1
PX008799,2499,bank_timeout,upi,saas,7,2,1,10,21,245,2803.92,0.891,0.778,0.2,43.11,1
PX008800,1999,suspicious_reversal,netbanking,ecommerce,14,3,3,15,2,646,1396.93,1.431,0.824,0.2,4.49,0
PX008801,499,suspicious_reversal,upi,media,10,2,3,13,58,143,428.66,1.164,0.833,0.15385,10.41,0
PX008802,499,insufficient_funds,wallet,subscription,8,2,1,24,3,168,521.98,0.956,0.8,0.08333,9.28,1
PX008803,999,expired_card,wallet,ecommerce,5,2,0,42,8,449,974.84,1.025,0.714,0.04762,33.01,1
PX008804,1499,insufficient_funds,upi,subscription,5,1,0,39,49,366,999.89,1.499,0.833,0.02564,9.43,1
PX008805,2499,bank_timeout,netbanking,saas,6,3,1,32,13,418,3217.69,0.777,0.667,0.09375,34.52,1
PX008806,1999,insufficient_funds,card,education,9,3,1,58,5,556,2606.66,0.767,0.75,0.05172,11.29,0
PX008807,19999,expired_card,wallet,saas,10,4,3,12,20,441,23604.25,0.847,0.714,0.33333,44.96,0
PX008808,2499,insufficient_funds,wallet,saas,8,1,2,42,4,218,2033.06,1.229,0.889,0.02381,12.72,0
PX008809,1999,expired_card,upi,education,10,1,3,45,17,12,1537.98,1.3,0.909,0.02222,29.67,0
PX008810,1999,bank_timeout,card,subscription,10,5,2,18,54,583,2541.16,0.787,0.667,0.27778,22.68,1
PX008811,2499,expired_card,card,education,6,1,3,5,29,329,2695.81,0.927,0.857,0.2,17.96,0
PX008812,19999,expired_card,card,ecommerce,7,4,3,47,54,110,24827.56,0.806,0.636,0.08511,31.14,0
PX008813,4999,mandate_expired,wallet,saas,5,2,2,42,5,534,4938.16,1.012,0.714,0.04762,29.68,0
PX008814,19999,bank_timeout,netbanking,ecommerce,8,0,3,16,6,65,12134.7,1.648,1.0,0.0,6.39,1
PX008815,2499,expired_card,card,education,7,2,0,19,19,337,3074.17,0.813,0.778,0.10526,13.26,0
PX008816,1499,mandate_expired,card,education,6,2,0,11,31,627,1014.94,1.477,0.75,0.18182,40.71,0
PX008817,499,bank_timeout,netbanking,media,10,3,0,6,23,161,507.84,0.983,0.769,0.5,6.09,1
PX008818,2499,expired_card,upi,education,5,2,1,27,55,265,2006.63,1.245,0.714,0.07407,24.41,1
PX008819,999,insufficient_funds,netbanking,subscription,4,2,2,28,60,108,1000.04,0.999,0.667,0.07143,16.01,0
PX008820,9999,mandate_expired,upi,saas,7,5,3,45,60,637,11218.48,0.891,0.583,0.11111,39.13,0
PX008821,4999,expired_card,upi,education,6,4,2,6,60,535,5445.8,0.918,0.6,0.66667,22.93,0
PX008822,19999,insufficient_funds,upi,education,10,2,1,1,34,76,15289.29,1.308,0.833,2.0,3.22,1
PX008823,1999,insufficient_funds,upi,ecommerce,8,3,3,54,54,149,1688.1,1.184,0.727,0.05556,1.28,0
PX008824,19999,insufficient_funds,upi,education,8,0,3,11,41,445,13975.53,1.431,1.0,0.0,5.8,1
PX008825,19999,expired_card,upi,ecommerce,5,1,1,12,52,656,18794.0,1.064,0.833,0.08333,6.08,1
PX008826,9999,mandate_expired,wallet,education,2,0,1,3,39,170,6844.24,1.461,1.0,0.0,27.31,0
PX008827,1999,suspicious_reversal,netbanking,media,8,2,2,9,20,11,2080.11,0.961,0.8,0.22222,11.09,0
PX008828,19999,bank_timeout,card,saas,8,2,3,6,17,208,17051.21,1.173,0.8,0.33333,7.95,0
PX008829,999,mandate_expired,card,media,8,2,0,21,32,73,1010.86,0.988,0.8,0.09524,4.32,1
PX008830,2499,suspicious_reversal,wallet,media,4,4,2,29,51,441,2736.51,0.913,0.5,0.13793,10.47,0
PX008831,499,expired_card,upi,saas,14,1,0,54,11,420,416.56,1.198,0.933,0.01852,21.74,0
PX008832,1999,insufficient_funds,wallet,media,11,1,0,36,15,238,2384.05,0.838,0.917,0.02778,35.31,1
PX008833,499,insufficient_funds,wallet,subscription,10,0,2,24,40,70,381.87,1.307,1.0,0.0,18.89,0
PX008834,19999,mandate_expired,card,ecommerce,8,1,1,10,57,602,21772.67,0.919,0.889,0.1,34.97,1
PX008835,9999,suspicious_reversal,wallet,media,10,4,1,10,41,308,12973.43,0.771,0.714,0.4,1.79,0
PX008836,1999,suspicious_reversal,card,saas,15,0,2,35,10,402,2138.33,0.935,1.0,0.0,38.02,1
PX008837,499,expired_card,wallet,subscription,10,0,1,23,60,513,453.31,1.101,1.0,0.0,17.01,0
PX008838,1999,bank_timeout,card,media,5,2,0,45,9,273,2427.2,0.824,0.714,0.04444,11.91,1
PX008839,2499,mandate_expired,wallet,education,8,1,1,23,33,57,2894.11,0.863,0.889,0.04348,43.37,0
PX008840,4999,suspicious_reversal,wallet,education,10,4,0,60,56,554,6535.11,0.765,0.714,0.06667,18.09,0
PX008841,9999,mandate_expired,card,ecommerce,8,1,1,26,52,690,12939.68,0.773,0.889,0.03846,22.87,0
PX008842,999,insufficient_funds,card,media,5,5,1,31,40,59,780.81,1.279,0.5,0.16129,5.59,1
PX008843,4999,insufficient_funds,netbanking,media,5,1,2,10,23,309,6501.2,0.769,0.833,0.1,8.65,0
PX008844,1999,bank_timeout,upi,saas,13,3,1,3,14,58,1725.82,1.158,0.812,1.0,18.36,1
PX008845,499,bank_timeout,wallet,media,5,3,1,26,20,415,655.53,0.761,0.625,0.11538,37.15,1
PX008846,1999,insufficient_funds,card,saas,11,1,3,36,51,427,2168.83,0.922,0.917,0.02778,24.52,0
PX008847,499,expired_card,wallet,subscription,12,2,3,23,11,218,665.39,0.75,0.857,0.08696,27.67,1
PX008848,2499,insufficient_funds,upi,saas,11,3,3,2,11,643,2912.15,0.858,0.786,1.5,35.86,0
PX008849,1499,bank_timeout,wallet,ecommerce,7,4,0,40,48,331,1464.33,1.024,0.636,0.1,40.87,1
PX008850,999,bank_timeout,upi,education,3,1,2,12,43,173,666.24,1.499,0.75,0.08333,26.81,1
PX008851,1499,expired_card,netbanking,ecommerce,4,1,0,46,26,299,1177.85,1.273,0.8,0.02174,31.55,1
PX008852,999,insufficient_funds,card,ecommerce,4,2,0,57,60,163,1289.77,0.775,0.667,0.03509,2.49,1
PX008853,4999,insufficient_funds,netbanking,ecommerce,6,0,3,5,31,299,6481.98,0.771,1.0,0.0,42.75,1
PX008854,499,mandate_expired,card,subscription,11,2,1,14,54,50,438.3,1.138,0.846,0.14286,22.72,0
PX008855,4999,bank_timeout,wallet,saas,2,0,1,58,6,372,6538.49,0.765,1.0,0.0,24.73,1
PX008856,499,insufficient_funds,wallet,saas,14,4,3,6,55,707,386.01,1.293,0.778,0.66667,2.73,0
PX008857,9999,bank_timeout,netbanking,subscription,8,1,1,38,42,648,10892.65,0.918,0.889,0.02632,22.01,1
PX008858,999,bank_timeout,wallet,education,8,1,3,33,28,355,1074.75,0.93,0.889,0.0303,7.95,1
PX008859,1999,insufficient_funds,card,ecommerce,10,3,0,33,35,13,1214.3,1.646,0.769,0.09091,46.59,0
PX008860,999,mandate_expired,wallet,saas,9,2,2,43,31,281,886.92,1.126,0.818,0.04651,40.17,1
PX008861,499,expired_card,card,education,5,2,0,15,21,355,375.72,1.328,0.714,0.13333,36.71,0
PX008862,499,suspicious_reversal,upi,ecommerce,6,2,0,27,26,196,681.09,0.733,0.75,0.07407,43.97,0
PX008863,2499,expired_card,upi,subscription,6,4,2,6,59,551,1525.71,1.638,0.6,0.66667,32.71,0
PX008864,499,insufficient_funds,wallet,ecommerce,8,2,1,44,29,303,681.53,0.732,0.8,0.04545,28.04,1
PX008865,19999,mandate_expired,upi,subscription,7,2,0,51,49,659,14780.95,1.353,0.778,0.03922,5.83,0
PX008866,4999,expired_card,card,media,8,4,1,5,2,270,5355.78,0.933,0.667,0.8,11.94,0
PX008867,1999,expired_card,wallet,subscription,10,3,0,17,43,502,2420.45,0.826,0.769,0.17647,27.51,0
PX008868,9999,insufficient_funds,netbanking,ecommerce,10,0,1,48,30,466,13703.85,0.73,1.0,0.0,9.58,0
PX008869,1999,bank_timeout,card,subscription,11,3,2,33,7,322,1453.61,1.375,0.786,0.09091,47.21,0
PX008870,4999,insufficient_funds,upi,education,6,2,2,46,41,50,5409.32,0.924,0.75,0.04348,26.48,0
PX008871,499,expired_card,upi,media,10,0,1,30,6,119,609.94,0.818,1.0,0.0,5.52,1
PX008872,9999,insufficient_funds,netbanking,ecommerce,9,1,2,17,4,170,12635.0,0.791,0.9,0.05882,14.26,1
PX008873,999,mandate_expired,upi,ecommerce,9,1,3,41,52,563,1044.07,0.957,0.9,0.02439,35.22,0
PX008874,1499,suspicious_reversal,card,saas,14,2,2,40,53,48,1312.01,1.143,0.875,0.05,17.0,0
PX008875,4999,expired_card,upi,media,7,0,3,7,16,339,4065.82,1.23,1.0,0.0,29.06,0
PX008876,1999,mandate_expired,card,education,10,0,1,21,25,323,2353.34,0.849,1.0,0.0,9.61,1
PX008877,1999,mandate_expired,wallet,media,13,1,1,39,30,703,1824.17,1.096,0.929,0.02564,38.27,1
PX008878,499,mandate_expired,upi,saas,10,1,1,14,24,402,465.86,1.071,0.909,0.07143,27.31,0
PX008879,9999,bank_timeout,netbanking,subscription,12,2,0,26,24,430,7110.83,1.406,0.857,0.07692,35.31,1
PX008880,9999,bank_timeout,wallet,education,6,0,1,31,41,516,10626.25,0.941,1.0,0.0,32.73,1
PX008881,9999,suspicious_reversal,netbanking,media,9,0,1,23,37,89,11954.9,0.836,1.0,0.0,34.12,0
PX008882,2499,expired_card,netbanking,ecommerce,5,2,0,52,59,453,1791.34,1.395,0.714,0.03846,24.53,1
PX008883,999,bank_timeout,card,subscription,11,2,2,2,14,589,1251.49,0.798,0.846,1.0,17.38,1
PX008884,4999,insufficient_funds,upi,media,10,1,3,36,21,190,4309.48,1.16,0.909,0.02778,12.07,0
PX008885,1999,suspicious_reversal,upi,ecommerce,5,0,0,40,42,328,1883.69,1.061,1.0,0.0,30.93,1
PX008886,9999,expired_card,netbanking,ecommerce,6,3,0,56,23,30,7439.35,1.344,0.667,0.05357,26.71,1
PX008887,1999,bank_timeout,upi,saas,7,3,2,36,39,123,1691.76,1.182,0.7,0.08333,28.75,1
PX008888,499,mandate_expired,card,saas,9,3,3,46,43,21,637.01,0.783,0.75,0.06522,40.01,1
PX008889,9999,insufficient_funds,card,saas,8,1,1,12,26,626,13745.86,0.727,0.889,0.08333,41.7,0
PX008890,1999,expired_card,card,media,11,1,3,11,42,38,2106.16,0.949,0.917,0.09091,1.26,1
PX008891,1499,expired_card,wallet,saas,4,4,0,20,25,677,1641.92,0.913,0.5,0.2,10.5,0
PX008892,19999,bank_timeout,netbanking,ecommerce,6,4,2,2,21,520,13008.96,1.537,0.6,2.0,14.37,1
PX008893,19999,bank_timeout,upi,ecommerce,4,1,3,21,37,583,20472.85,0.977,0.8,0.04762,10.25,1
PX008894,2499,suspicious_reversal,card,ecommerce,7,0,0,17,23,359,3359.77,0.744,1.0,0.0,29.12,0
PX008895,999,expired_card,upi,media,4,1,1,60,22,536,749.5,1.333,0.8,0.01667,13.76,1
PX008896,2499,expired_card,wallet,education,6,4,2,5,58,202,2623.9,0.952,0.6,0.8,42.78,0
PX008897,999,mandate_expired,card,media,15,2,0,50,54,541,928.85,1.076,0.882,0.04,14.73,1
PX008898,2499,expired_card,netbanking,saas,10,0,0,36,50,634,2687.75,0.93,1.0,0.0,14.64,0
PX008899,9999,suspicious_reversal,card,subscription,6,1,3,6,42,721,10856.92,0.921,0.857,0.16667,8.03,1
PX008900,999,expired_card,upi,saas,6,1,1,37,13,145,635.09,1.573,0.857,0.02703,37.38,0
PX008901,1999,mandate_expired,upi,education,7,1,0,34,36,453,1716.56,1.165,0.875,0.02941,38.0,1
PX008902,4999,suspicious_reversal,wallet,ecommerce,9,2,1,4,36,192,4321.33,1.157,0.818,0.5,34.55,1
PX008903,2499,mandate_expired,upi,education,7,3,3,46,57,118,2506.97,0.997,0.7,0.06522,6.2,0
PX008904,9999,insufficient_funds,card,subscription,10,2,3,27,18,507,13314.93,0.751,0.833,0.07407,28.83,0
PX008905,2499,bank_timeout,netbanking,education,4,3,2,18,48,681,1941.16,1.287,0.571,0.16667,30.52,1
PX008906,1999,suspicious_reversal,card,saas,8,2,0,2,36,641,2644.39,0.756,0.8,1.0,0.97,0
PX008907,499,suspicious_reversal,upi,media,6,4,1,43,49,654,584.6,0.854,0.6,0.09302,18.69,0
PX008908,4999,suspicious_reversal,card,education,7,1,1,37,40,336,4888.43,1.023,0.875,0.02703,27.41,0
PX008909,2499,suspicious_reversal,upi,education,5,2,1,52,51,494,3144.97,0.795,0.714,0.03846,30.44,1
PX008910,1999,bank_timeout,upi,media,4,1,3,41,41,671,2679.17,0.746,0.8,0.02439,43.84,1
PX008911,999,suspicious_reversal,wallet,saas,10,3,3,57,33,623,1218.97,0.82,0.769,0.05263,1.09,0
PX008912,499,insufficient_funds,card,ecommerce,7,0,1,12,50,48,491.01,1.016,1.0,0.0,47.94,1
PX008913,1499,suspicious_reversal,wallet,media,7,2,1,56,23,496,2007.54,0.747,0.778,0.03571,15.66,0
PX008914,999,bank_timeout,upi,education,7,3,3,60,55,632,811.77,1.231,0.7,0.05,30.93,0
PX008915,499,expired_card,upi,education,8,5,2,15,28,695,692.68,0.72,0.615,0.33333,6.09,0
PX008916,1499,expired_card,upi,media,10,1,0,20,19,26,1035.0,1.448,0.909,0.05,35.2,0
PX008917,1999,bank_timeout,wallet,ecommerce,8,3,2,30,13,572,2261.5,0.884,0.727,0.1,10.31,1
PX008918,499,suspicious_reversal,netbanking,education,10,2,3,57,54,556,359.5,1.388,0.833,0.03509,43.95,0
PX008919,999,suspicious_reversal,upi,media,7,3,2,40,32,218,807.43,1.237,0.7,0.075,8.96,1
PX008920,1999,expired_card,netbanking,media,8,6,1,4,51,427,1228.26,1.628,0.571,1.5,1.65,0
PX008921,19999,insufficient_funds,card,media,10,5,3,35,38,448,26312.03,0.76,0.667,0.14286,10.09,0
PX008922,1499,bank_timeout,wallet,saas,7,3,2,57,37,721,1036.38,1.446,0.7,0.05263,40.68,1
PX008923,1999,suspicious_reversal,netbanking,education,9,3,2,25,49,194,2118.7,0.944,0.75,0.12,16.19,0
PX008924,499,bank_timeout,card,subscription,6,1,0,1,22,727,685.27,0.728,0.857,1.0,17.58,1
PX008925,4999,insufficient_funds,upi,media,7,1,1,19,52,514,6884.53,0.726,0.875,0.05263,36.81,1
PX008926,1999,mandate_expired,upi,education,7,4,1,11,7,651,2339.72,0.854,0.636,0.36364,47.07,1
PX008927,499,insufficient_funds,wallet,subscription,6,1,3,34,43,169,425.59,1.173,0.857,0.02941,19.08,1
PX008928,499,bank_timeout,upi,subscription,11,2,3,8,21,10,458.25,1.089,0.846,0.25,19.25,1
PX008929,2499,bank_timeout,wallet,ecommerce,6,3,0,15,45,578,3066.03,0.815,0.667,0.2,7.72,0
PX008930,1499,insufficient_funds,upi,education,8,1,1,52,46,472,1207.61,1.241,0.889,0.01923,15.1,1
PX008931,9999,bank_timeout,card,education,7,1,0,7,29,659,7198.03,1.389,0.875,0.14286,1.99,1
PX008932,499,mandate_expired,card,media,3,3,2,9,48,626,397.11,1.257,0.5,0.33333,25.09,1
PX008933,999,bank_timeout,card,media,8,2,0,27,53,8,668.4,1.495,0.8,0.07407,17.97,1
PX008934,999,expired_card,card,media,13,2,1,39,43,669,998.12,1.001,0.867,0.05128,37.67,1
PX008935,19999,suspicious_reversal,card,saas,7,3,0,10,30,417,15787.06,1.267,0.7,0.3,11.07,0
PX008936,19999,mandate_expired,wallet,education,10,2,3,30,6,581,20076.94,0.996,0.833,0.06667,27.25,0
PX008937,4999,expired_card,upi,subscription,4,5,3,5,9,578,4696.0,1.065,0.444,1.0,11.45,0
PX008938,1999,suspicious_reversal,wallet,ecommerce,6,1,2,2,15,188,1537.12,1.3,0.857,0.5,34.71,1
PX008939,1999,expired_card,netbanking,saas,6,1,2,32,28,18,2194.41,0.911,0.857,0.03125,27.38,0
PX008940,9999,expired_card,netbanking,media,9,2,1,17,19,703,8404.45,1.19,0.818,0.11765,2.33,0
PX008941,999,bank_timeout,card,education,8,3,1,58,2,74,1180.7,0.846,0.727,0.05172,30.43,0
PX008942,4999,suspicious_reversal,netbanking,subscription,7,1,2,45,12,677,3309.67,1.51,0.875,0.02222,8.81,0
PX008943,2499,insufficient_funds,wallet,subscription,4,1,1,22,46,25,1543.51,1.619,0.8,0.04545,11.71,1
PX008944,1999,suspicious_reversal,upi,education,10,2,3,58,19,277,1877.12,1.065,0.833,0.03448,30.71,0
PX008945,19999,bank_timeout,wallet,ecommerce,11,2,3,52,21,317,16352.99,1.223,0.846,0.03846,2.81,1
PX008946,1999,insufficient_funds,netbanking,ecommerce,8,0,3,33,40,122,1450.33,1.378,1.0,0.0,7.41,1
PX008947,19999,bank_timeout,card,ecommerce,5,2,0,57,23,449,24278.03,0.824,0.714,0.03509,41.07,0
PX008948,1999,mandate_expired,netbanking,ecommerce,7,3,0,50,10,310,1329.9,1.503,0.7,0.06,13.37,1
PX008949,2499,bank_timeout,card,saas,7,1,2,60,3,22,3037.12,0.823,0.875,0.01667,24.28,1
PX008950,1499,bank_timeout,upi,media,11,1,1,10,30,313,1770.11,0.847,0.917,0.1,40.75,1
PX008951,4999,bank_timeout,netbanking,media,6,1,0,9,37,414,4108.86,1.217,0.857,0.11111,25.06,1
PX008952,999,suspicious_reversal,netbanking,media,7,1,2,28,29,106,1373.65,0.727,0.875,0.03571,30.63,0
PX008953,19999,insufficient_funds,upi,subscription,10,1,0,7,38,673,18529.4,1.079,0.909,0.14286,6.73,0
PX008954,1999,bank_timeout,card,media,5,1,3,49,3,717,1480.36,1.35,0.833,0.02041,27.41,0
PX008955,999,bank_timeout,netbanking,education,12,2,3,13,59,522,1342.96,0.744,0.857,0.15385,47.45,1
PX008956,4999,expired_card,netbanking,media,5,2,1,10,42,279,4495.83,1.112,0.714,0.2,14.15,1
PX008957,499,expired_card,netbanking,saas,8,2,2,3,8,424,686.56,0.727,0.8,0.66667,34.18,1
PX008958,19999,insufficient_funds,card,saas,5,7,3,35,6,122,15011.85,1.332,0.417,0.2,26.41,0
PX008959,1999,mandate_expired,netbanking,subscription,8,1,2,46,40,499,1888.8,1.058,0.889,0.02174,11.99,1
PX008960,1999,bank_timeout,card,subscription,3,2,1,51,37,700,2396.21,0.834,0.6,0.03922,38.34,0
PX008961,2499,bank_timeout,card,saas,7,2,3,9,34,204,1974.66,1.266,0.778,0.22222,24.27,1
PX008962,2499,expired_card,card,subscription,6,1,1,19,6,152,2089.63,1.196,0.857,0.05263,4.02,1
PX008963,1999,suspicious_reversal,card,education,7,2,3,5,28,456,2508.34,0.797,0.778,0.4,5.11,0
PX008964,1999,bank_timeout,card,saas,11,4,2,1,41,453,1593.67,1.254,0.733,4.0,5.04,0
PX008965,499,expired_card,netbanking,saas,11,3,1,32,49,350,364.69,1.368,0.786,0.09375,27.63,0
PX008966,9999,insufficient_funds,netbanking,ecommerce,12,0,2,56,34,620,7191.63,1.39,1.0,0.0,40.25,1
PX008967,499,insufficient_funds,upi,education,7,5,0,32,23,366,342.33,1.458,0.583,0.15625,33.16,1
PX008968,4999,bank_timeout,wallet,subscription,3,1,0,7,20,412,4080.24,1.225,0.75,0.14286,11.71,1
PX008969,9999,suspicious_reversal,upi,ecommerce,8,0,1,45,54,160,13191.23,0.758,1.0,0.0,38.54,0
PX008970,19999,suspicious_reversal,netbanking,media,3,0,0,19,42,407,21354.74,0.937,1.0,0.0,22.62,0
PX008971,4999,mandate_expired,wallet,ecommerce,5,2,3,49,33,340,3012.87,1.659,0.714,0.04082,9.58,0
PX008972,9999,mandate_expired,upi,ecommerce,7,0,2,52,15,645,10470.79,0.955,1.0,0.0,17.13,0
PX008973,4999,insufficient_funds,upi,saas,9,1,0,59,40,15,3425.02,1.46,0.9,0.01695,13.73,1
PX008974,4999,suspicious_reversal,wallet,saas,5,2,2,47,34,560,3924.23,1.274,0.714,0.04255,12.91,0
PX008975,1999,expired_card,netbanking,saas,7,2,3,28,33,38,2054.02,0.973,0.778,0.07143,26.38,0
PX008976,2499,insufficient_funds,netbanking,ecommerce,11,0,0,38,54,578,1905.57,1.311,1.0,0.0,47.1,1
PX008977,4999,insufficient_funds,wallet,subscription,10,3,0,21,39,473,3516.63,1.422,0.769,0.14286,45.13,1
PX008978,9999,bank_timeout,card,media,8,2,2,11,58,492,10935.82,0.914,0.8,0.18182,31.2,0
PX008979,499,bank_timeout,wallet,saas,12,4,2,32,40,137,693.37,0.72,0.75,0.125,15.77,1
PX008980,499,mandate_expired,netbanking,subscription,10,0,0,46,56,641,300.04,1.663,1.0,0.0,7.53,0
PX008981,9999,bank_timeout,card,education,6,1,2,20,1,714,13841.3,0.722,0.857,0.05,27.5,1
PX008982,999,insufficient_funds,card,education,11,1,3,21,10,144,1200.61,0.832,0.917,0.04762,26.42,1
PX008983,9999,insufficient_funds,card,ecommerce,9,1,0,57,38,414,12393.62,0.807,0.9,0.01754,32.22,0
PX008984,9999,insufficient_funds,upi,media,7,1,3,10,3,184,10653.19,0.939,0.875,0.1,46.77,1
PX008985,999,expired_card,upi,media,7,1,0,2,23,331,685.28,1.458,0.875,0.5,34.51,0
PX008986,1499,bank_timeout,card,education,10,4,1,28,53,415,1051.65,1.425,0.714,0.14286,14.21,1
PX008987,4999,suspicious_reversal,card,subscription,15,3,2,41,4,576,6796.6,0.736,0.833,0.07317,15.28,0
PX008988,1999,expired_card,wallet,education,11,5,2,44,52,615,1429.35,1.399,0.688,0.11364,10.11,0
PX008989,2499,mandate_expired,wallet,media,9,1,1,27,50,337,2313.81,1.08,0.9,0.03704,18.62,1
PX008990,9999,bank_timeout,upi,education,9,1,0,33,25,97,11840.45,0.844,0.9,0.0303,43.87,1
PX008991,1999,suspicious_reversal,upi,education,11,6,1,1,20,99,2662.78,0.751,0.647,6.0,40.66,1
PX008992,9999,mandate_expired,upi,media,9,3,0,36,5,597,10646.45,0.939,0.75,0.08333,8.56,1
PX008993,1499,bank_timeout,netbanking,subscription,6,3,1,6,50,46,1495.22,1.003,0.667,0.5,21.78,1
PX008994,1499,suspicious_reversal,upi,education,13,3,3,36,10,114,1841.91,0.814,0.812,0.08333,5.68,0
PX008995,9999,expired_card,card,saas,6,2,1,39,46,633,7679.45,1.302,0.75,0.05128,35.34,0
PX008996,4999,suspicious_reversal,card,ecommerce,6,1,3,25,56,319,4677.88,1.069,0.857,0.04,29.04,0
PX008997,2499,insufficient_funds,netbanking,education,9,2,3,15,58,511,3425.15,0.73,0.818,0.13333,10.55,1
PX008998,9999,expired_card,upi,ecommerce,10,4,3,60,25,663,7810.84,1.28,0.714,0.06667,15.17,0
PX008999,2499,expired_card,wallet,education,6,3,0,14,24,639,2005.85,1.246,0.667,0.21429,41.05,1
PX009000,19999,mandate_expired,upi,ecommerce,8,1,3,53,12,201,21983.75,0.91,0.889,0.01887,13.07,0
PX009001,9999,suspicious_reversal,netbanking,media,6,3,0,6,39,215,9069.89,1.102,0.667,0.5,24.81,0
PX009002,4999,mandate_expired,wallet,ecommerce,11,1,1,34,18,184,6996.95,0.714,0.917,0.02941,30.23,0
PX009003,19999,bank_timeout,netbanking,education,7,2,3,25,28,255,13429.58,1.489,0.778,0.08,45.95,1
PX009004,999,expired_card,card,saas,12,1,0,12,25,302,1223.42,0.817,0.923,0.08333,46.65,0
PX009005,1999,mandate_expired,netbanking,subscription,17,4,1,52,3,31,2235.92,0.894,0.81,0.07692,18.12,0
PX009006,19999,insufficient_funds,card,ecommerce,4,2,0,37,19,406,25429.91,0.786,0.667,0.05405,6.75,1
PX009007,9999,suspicious_reversal,upi,media,6,0,0,33,29,550,10869.05,0.92,1.0,0.0,37.87,0
PX009008,1499,insufficient_funds,netbanking,saas,9,2,3,49,9,234,1153.42,1.3,0.818,0.04082,19.58,0
PX009009,2499,expired_card,wallet,saas,6,2,2,29,16,378,3069.46,0.814,0.75,0.06897,45.51,1
PX009010,19999,suspicious_reversal,card,subscription,6,2,3,27,13,74,16773.78,1.192,0.75,0.07407,11.28,0
PX009011,2499,suspicious_reversal,upi,media,5,4,0,31,40,507,3476.3,0.719,0.556,0.12903,6.33,0
PX009012,4999,bank_timeout,card,saas,10,1,1,47,32,196,5621.39,0.889,0.909,0.02128,39.57,1
PX009013,2499,suspicious_reversal,netbanking,education,6,2,1,5,22,37,3001.92,0.832,0.75,0.4,20.77,0
PX009014,19999,mandate_expired,card,ecommerce,7,2,1,52,45,358,24639.76,0.812,0.778,0.03846,5.84,0
PX009015,999,suspicious_reversal,upi,ecommerce,10,3,2,8,52,75,1155.02,0.865,0.769,0.375,27.14,0
PX009016,19999,suspicious_reversal,netbanking,ecommerce,11,2,3,33,3,723,15054.15,1.328,0.846,0.06061,14.05,0
PX009017,4999,mandate_expired,netbanking,education,11,1,2,22,59,91,3816.16,1.31,0.917,0.04545,21.18,0
PX009018,4999,insufficient_funds,upi,media,6,1,2,22,53,626,6889.85,0.726,0.857,0.04545,36.71,1
PX009019,4999,expired_card,card,subscription,7,0,2,26,25,447,4441.37,1.126,1.0,0.0,42.71,0
PX009020,499,expired_card,wallet,saas,7,1,2,43,47,216,547.52,0.911,0.875,0.02326,13.19,1
PX009021,999,mandate_expired,card,ecommerce,7,0,2,58,28,337,939.2,1.064,1.0,0.0,20.19,1
PX009022,9999,suspicious_reversal,wallet,saas,11,2,0,1,44,699,11700.23,0.855,0.846,2.0,12.61,1
PX009023,1499,insufficient_funds,wallet,saas,11,5,2,20,7,674,1673.2,0.896,0.688,0.25,35.77,0
PX009024,2499,suspicious_reversal,card,ecommerce,5,2,1,45,19,506,2816.09,0.887,0.714,0.04444,11.24,0
PX009025,999,expired_card,netbanking,saas,4,1,1,43,25,121,1271.18,0.786,0.8,0.02326,8.7,0
PX009026,9999,bank_timeout,card,education,7,2,3,17,16,290,13284.5,0.753,0.778,0.11765,26.01,0
PX009027,499,bank_timeout,wallet,ecommerce,7,0,2,2,36,651,652.53,0.765,1.0,0.0,15.26,1
PX009028,1999,insufficient_funds,wallet,subscription,9,4,2,50,2,54,1539.32,1.299,0.692,0.08,8.53,1
PX009029,4999,insufficient_funds,upi,ecommerce,9,2,0,5,13,68,4380.86,1.141,0.818,0.4,40.93,0
PX009030,1499,suspicious_reversal,card,media,6,2,3,14,35,209,1876.91,0.799,0.75,0.14286,8.24,0
PX009031,4999,insufficient_funds,netbanking,media,9,3,1,23,2,622,3750.72,1.333,0.75,0.13043,37.47,0
PX009032,999,bank_timeout,card,education,5,1,3,1,11,594,1372.93,0.728,0.833,1.0,15.76,1
PX009033,1499,suspicious_reversal,netbanking,saas,9,4,0,29,20,85,1514.43,0.99,0.692,0.13793,18.58,1
PX009034,499,bank_timeout,wallet,education,8,2,1,24,21,165,316.9,1.575,0.8,0.08333,42.34,0
PX009035,499,insufficient_funds,upi,saas,9,3,3,22,19,706,427.31,1.168,0.75,0.13636,15.17,0
PX009036,1999,bank_timeout,wallet,subscription,10,1,3,37,56,431,1751.24,1.141,0.909,0.02703,2.85,0
PX009037,999,expired_card,netbanking,saas,4,0,2,10,1,515,1022.42,0.977,1.0,0.0,41.54,0
PX009038,1499,suspicious_reversal,netbanking,education,6,0,1,54,23,461,1225.95,1.223,1.0,0.0,45.08,0
PX009039,1499,suspicious_reversal,card,education,7,0,2,51,26,163,1311.36,1.143,1.0,0.0,45.08,0
PX009040,19999,mandate_expired,upi,ecommerce,4,0,0,17,13,524,25125.0,0.796,1.0,0.0,41.22,0
PX009041,1499,expired_card,card,education,8,1,2,42,50,1,1439.16,1.042,0.889,0.02381,36.61,1
PX009042,499,suspicious_reversal,wallet,media,8,2,1,17,55,456,467.56,1.067,0.8,0.11765,5.11,0
PX009043,9999,mandate_expired,wallet,ecommerce,5,3,0,6,4,177,11345.8,0.881,0.625,0.5,36.38,1
PX009044,1999,mandate_expired,wallet,ecommerce,3,4,0,38,4,457,1398.49,1.429,0.429,0.10526,38.85,1
PX009045,999,bank_timeout,wallet,media,13,2,3,46,18,63,1089.43,0.917,0.867,0.04348,42.6,1
PX009046,9999,mandate_expired,upi,ecommerce,5,2,1,14,5,150,12954.77,0.772,0.714,0.14286,45.97,0
PX009047,999,bank_timeout,card,ecommerce,10,1,0,9,43,62,1385.75,0.721,0.909,0.11111,11.2,1
PX009048,4999,mandate_expired,upi,media,6,0,3,53,29,146,3177.09,1.573,1.0,0.0,27.14,0
PX009049,19999,insufficient_funds,netbanking,saas,11,4,1,55,51,152,14012.98,1.427,0.733,0.07273,13.28,0
PX009050,1499,bank_timeout,netbanking,subscription,2,1,0,17,58,376,1134.74,1.321,0.667,0.05882,29.47,1
PX009051,2499,mandate_expired,upi,ecommerce,8,1,1,25,22,683,1760.63,1.419,0.889,0.04,22.49,0
PX009052,19999,bank_timeout,card,education,8,0,3,27,24,260,19469.96,1.027,1.0,0.0,28.46,1
PX009053,4999,expired_card,card,subscription,6,1,1,17,57,462,5498.08,0.909,0.857,0.05882,32.46,1
PX009054,1499,insufficient_funds,wallet,education,11,5,1,1,45,462,1054.73,1.421,0.688,5.0,21.21,0
PX009055,999,expired_card,card,ecommerce,7,5,0,33,52,267,747.44,1.337,0.583,0.15152,47.97,0
PX009056,999,insufficient_funds,card,subscription,8,1,3,30,14,220,813.32,1.228,0.889,0.03333,24.05,0
PX009057,4999,insufficient_funds,card,saas,11,2,0,18,19,495,5301.65,0.943,0.846,0.11111,22.61,1
PX009058,1999,mandate_expired,netbanking,education,4,4,0,12,17,702,2475.8,0.807,0.5,0.33333,13.58,0
PX009059,9999,bank_timeout,netbanking,media,7,1,1,42,50,6,13751.77,0.727,0.875,0.02381,21.34,1
PX009060,2499,expired_card,netbanking,media,13,2,1,53,15,175,2846.99,0.878,0.867,0.03774,44.53,0
PX009061,1499,suspicious_reversal,card,media,9,1,2,29,56,343,1031.7,1.453,0.9,0.03448,30.36,0
PX009062,1499,suspicious_reversal,netbanking,subscription,9,1,2,55,8,135,2079.77,0.721,0.9,0.01818,39.27,1
PX009063,2499,expired_card,card,media,10,1,0,17,57,224,1519.63,1.644,0.909,0.05882,30.96,1
PX009064,2499,mandate_expired,netbanking,ecommerce,10,3,0,10,51,566,2660.53,0.939,0.769,0.3,6.57,1
PX009065,1999,expired_card,wallet,education,9,1,1,16,14,151,1276.73,1.566,0.9,0.0625,11.28,1
PX009066,999,expired_card,card,media,11,0,0,7,57,617,848.87,1.177,1.0,0.0,19.02,0
PX009067,999,suspicious_reversal,netbanking,saas,8,0,2,26,2,136,755.82,1.322,1.0,0.0,39.21,0
PX009068,9999,suspicious_reversal,netbanking,media,9,2,2,46,32,711,11828.11,0.845,0.818,0.04348,27.98,0
PX009069,9999,bank_timeout,upi,saas,4,2,3,4,40,706,6067.56,1.648,0.667,0.5,1.02,1
PX009070,1499,bank_timeout,netbanking,education,8,0,2,38,10,663,985.02,1.522,1.0,0.0,3.18,1
PX009071,999,suspicious_reversal,wallet,ecommerce,7,5,1,4,41,593,923.38,1.082,0.583,1.25,20.06,0
PX009072,999,insufficient_funds,card,media,11,2,1,24,51,167,1334.95,0.748,0.846,0.08333,36.95,1
PX009073,2499,expired_card,upi,ecommerce,12,3,0,22,46,695,3042.46,0.821,0.8,0.13636,46.1,0
PX009074,4999,insufficient_funds,upi,media,10,3,1,54,7,616,4602.16,1.086,0.769,0.05556,40.33,0
PX009075,19999,mandate_expired,upi,education,6,3,1,30,60,615,23609.1,0.847,0.667,0.1,47.14,1
PX009076,499,insufficient_funds,wallet,education,9,2,1,8,21,130,358.33,1.393,0.818,0.25,31.05,1
PX009077,9999,insufficient_funds,netbanking,media,9,1,2,9,24,467,9007.58,1.11,0.9,0.11111,46.08,0
PX009078,1999,mandate_expired,wallet,media,8,1,3,18,31,434,2399.63,0.833,0.889,0.05556,14.67,1
PX009079,9999,mandate_expired,card,subscription,9,2,0,5,16,621,8093.49,1.235,0.818,0.4,30.44,1
PX009080,9999,suspicious_reversal,netbanking,saas,12,1,3,15,10,347,13100.35,0.763,0.923,0.06667,46.26,0
PX009081,999,bank_timeout,wallet,ecommerce,8,1,3,16,51,21,1370.48,0.729,0.889,0.0625,43.62,0
PX009082,1499,expired_card,upi,saas,7,1,0,40,2,170,1674.56,0.895,0.875,0.025,37.42,0
PX009083,499,mandate_expired,upi,media,7,1,1,2,6,380,311.56,1.602,0.875,0.5,4.53,0
PX009084,2499,mandate_expired,card,education,15,1,2,39,37,563,2111.01,1.184,0.938,0.02564,39.74,1
PX009085,1499,expired_card,card,education,9,1,3,14,43,172,1695.39,0.884,0.9,0.07143,47.37,1
PX009086,499,mandate_expired,upi,education,3,2,2,2,20,638,302.58,1.649,0.6,1.0,23.82,0
PX009087,2499,insufficient_funds,card,media,9,3,2,31,18,164,3336.06,0.749,0.75,0.09677,5.85,0
PX009088,2499,mandate_expired,wallet,ecommerce,5,1,2,18,8,137,1894.16,1.319,0.833,0.05556,22.62,0
PX009089,999,expired_card,wallet,education,8,3,2,40,19,695,1189.19,0.84,0.727,0.075,20.7,0
PX009090,4999,insufficient_funds,wallet,saas,3,4,3,49,16,424,5293.28,0.944,0.429,0.08163,39.71,1
PX009091,9999,mandate_expired,wallet,ecommerce,9,2,2,14,47,61,11622.53,0.86,0.818,0.14286,20.1,0
PX009092,999,insufficient_funds,netbanking,saas,5,2,2,43,25,77,1350.68,0.74,0.714,0.04651,47.34,1
PX009093,1499,expired_card,wallet,saas,7,3,0,53,17,432,1012.75,1.48,0.7,0.0566,18.83,1
PX009094,1499,mandate_expired,card,media,17,2,1,48,19,557,1466.77,1.022,0.895,0.04167,37.09,0
PX009095,1999,expired_card,netbanking,subscription,11,3,3,37,33,210,2762.17,0.724,0.786,0.08108,43.68,0
PX009096,2499,bank_timeout,card,education,5,5,1,36,22,488,2096.51,1.192,0.5,0.13889,13.14,1
PX009097,19999,expired_card,card,education,9,3,3,32,57,463,26819.28,0.746,0.75,0.09375,13.69,0
PX009098,19999,mandate_expired,wallet,education,9,5,3,15,9,652,27873.54,0.717,0.643,0.33333,13.0,0
PX009099,4999,bank_timeout,upi,subscription,15,2,1,41,14,35,5796.53,0.862,0.882,0.04878,22.09,1
PX009100,999,insufficient_funds,card,ecommerce,6,3,2,51,53,456,1016.32,0.983,0.667,0.05882,33.27,1
PX009101,2499,expired_card,card,education,6,1,3,41,60,605,2150.29,1.162,0.857,0.02439,42.52,1
PX009102,1499,insufficient_funds,wallet,saas,9,5,2,5,6,2,1454.92,1.03,0.643,1.0,25.28,1
PX009103,999,expired_card,wallet,education,7,1,3,12,15,42,1276.91,0.782,0.875,0.08333,29.7,0
PX009104,4999,bank_timeout,wallet,ecommerce,3,3,0,10,50,116,3999.3,1.25,0.5,0.3,16.44,1
PX009105,1999,insufficient_funds,upi,education,11,5,1,23,21,505,2142.95,0.933,0.688,0.21739,8.48,1
PX009106,1499,mandate_expired,netbanking,media,5,1,1,59,60,577,1489.81,1.006,0.833,0.01695,38.91,0
PX009107,9999,bank_timeout,card,education,9,4,2,12,58,397,7858.4,1.272,0.692,0.33333,11.87,1
PX009108,499,insufficient_funds,upi,subscription,5,1,0,17,16,361,485.56,1.028,0.833,0.05882,3.25,1
PX009109,4999,mandate_expired,card,education,9,2,1,43,43,206,5170.42,0.967,0.818,0.04651,4.46,1
PX009110,1999,mandate_expired,card,subscription,6,1,1,17,22,91,2441.83,0.819,0.857,0.05882,30.78,0
PX009111,9999,suspicious_reversal,upi,ecommerce,15,2,2,52,20,721,7408.32,1.35,0.882,0.03846,14.87,0
PX009112,9999,insufficient_funds,netbanking,subscription,10,1,3,6,23,223,8537.06,1.171,0.909,0.16667,16.63,1
PX009113,2499,mandate_expired,wallet,media,8,1,2,33,14,695,1986.58,1.258,0.889,0.0303,39.84,1
PX009114,999,suspicious_reversal,card,education,6,4,3,46,5,89,1280.83,0.78,0.6,0.08696,24.34,0
PX009115,19999,expired_card,wallet,subscription,4,1,3,55,39,155,21943.89,0.911,0.8,0.01818,1.57,0
PX009116,999,bank_timeout,netbanking,ecommerce,7,4,1,42,7,49,951.43,1.05,0.636,0.09524,18.99,1
PX009117,1999,expired_card,netbanking,subscription,5,4,2,45,44,321,1710.02,1.169,0.556,0.08889,44.07,0
PX009118,999,expired_card,upi,education,10,1,1,28,39,262,1097.43,0.91,0.909,0.03571,1.95,1
PX009119,2499,mandate_expired,card,subscription,10,1,1,25,60,346,3018.64,0.828,0.909,0.04,8.12,1
PX009120,19999,bank_timeout,netbanking,education,5,2,2,43,52,642,15843.08,1.262,0.714,0.04651,13.42,1
PX009121,499,mandate_expired,card,media,3,3,1,6,58,79,652.53,0.765,0.5,0.5,13.14,0
PX009122,1999,expired_card,card,media,12,2,3,55,46,248,2056.19,0.972,0.857,0.03636,11.76,0
PX009123,4999,expired_card,wallet,media,7,2,2,12,7,373,3658.72,1.366,0.778,0.16667,17.26,0
PX009124,4999,mandate_expired,card,education,5,8,1,60,5,302,3875.38,1.29,0.385,0.13333,36.17,1
PX009125,2499,expired_card,upi,saas,6,2,1,36,30,582,2215.41,1.128,0.75,0.05556,4.35,0
PX009126,499,mandate_expired,netbanking,education,5,5,0,15,30,177,477.29,1.045,0.5,0.33333,1.55,1
PX009127,999,bank_timeout,wallet,ecommerce,13,2,3,6,53,495,602.17,1.659,0.867,0.33333,4.91,1
PX009128,499,bank_timeout,netbanking,saas,9,2,0,5,50,705,521.72,0.956,0.818,0.4,39.87,1
PX009129,1999,mandate_expired,card,saas,5,1,1,38,35,99,2553.35,0.783,0.833,0.02632,21.11,1
PX009130,1499,insufficient_funds,netbanking,saas,8,5,3,49,37,587,1276.45,1.174,0.615,0.10204,21.7,0
PX009131,499,bank_timeout,upi,media,10,1,3,26,20,18,410.95,1.214,0.909,0.03846,7.64,1
PX009132,1499,mandate_expired,upi,media,9,1,3,18,15,334,1721.29,0.871,0.9,0.05556,29.88,1
PX009133,999,suspicious_reversal,netbanking,saas,5,2,1,26,56,617,835.8,1.195,0.714,0.07692,32.11,1
PX009134,1499,suspicious_reversal,card,education,8,2,1,12,17,186,1234.0,1.215,0.8,0.16667,46.32,1
PX009135,499,bank_timeout,upi,media,8,3,3,28,35,298,629.76,0.792,0.727,0.10714,40.68,1
PX009136,999,bank_timeout,wallet,media,7,0,2,33,12,290,716.4,1.394,1.0,0.0,27.19,1
PX009137,2499,mandate_expired,upi,ecommerce,5,1,2,43,36,465,3293.85,0.759,0.833,0.02326,38.64,1
PX009138,9999,insufficient_funds,upi,saas,6,1,0,9,27,322,8461.76,1.182,0.857,0.11111,36.71,1
PX009139,4999,suspicious_reversal,wallet,ecommerce,8,0,2,44,41,394,3827.58,1.306,1.0,0.0,13.49,1
PX009140,4999,insufficient_funds,upi,subscription,8,1,3,47,2,1,3276.23,1.526,0.889,0.02128,47.84,0
PX009141,1499,bank_timeout,upi,saas,5,2,0,21,21,520,1598.92,0.938,0.714,0.09524,35.58,1
PX009142,499,insufficient_funds,netbanking,media,13,1,0,55,54,643,506.25,0.986,0.929,0.01818,17.34,1
PX009143,19999,insufficient_funds,netbanking,saas,9,1,0,48,51,519,18890.3,1.059,0.9,0.02083,42.43,1
PX009144,999,mandate_expired,netbanking,subscription,12,2,3,53,10,493,744.43,1.342,0.857,0.03774,33.05,1
PX009145,9999,suspicious_reversal,card,saas,10,2,0,27,11,23,13663.24,0.732,0.833,0.07407,47.48,1
PX009146,4999,expired_card,netbanking,ecommerce,8,1,0,54,23,534,6978.47,0.716,0.889,0.01852,2.41,0
PX009147,499,expired_card,card,saas,11,3,0,17,57,210,623.01,0.801,0.786,0.17647,26.86,0
PX009148,499,mandate_expired,netbanking,saas,9,4,3,40,10,108,579.55,0.861,0.692,0.1,20.34,0
PX009149,1499,mandate_expired,upi,saas,8,0,1,49,17,524,1324.07,1.132,1.0,0.0,16.25,1
PX009150,1999,suspicious_reversal,wallet,subscription,7,2,3,46,47,408,1246.0,1.604,0.778,0.04348,1.56,0
PX009151,1999,mandate_expired,card,saas,4,1,2,29,18,536,1489.1,1.342,0.8,0.03448,46.86,0
PX009152,19999,insufficient_funds,upi,subscription,11,2,3,26,57,563,13587.4,1.472,0.846,0.07692,42.24,0
PX009153,2499,mandate_expired,netbanking,subscription,4,1,2,60,12,24,1817.96,1.375,0.8,0.01667,35.99,0
PX009154,9999,expired_card,netbanking,ecommerce,10,2,0,38,29,206,9397.93,1.064,0.833,0.05263,17.17,0
PX009155,499,suspicious_reversal,netbanking,saas,13,2,0,7,25,247,512.11,0.974,0.867,0.28571,31.95,1
PX009156,4999,expired_card,upi,saas,7,5,1,45,1,289,5529.84,0.904,0.583,0.11111,25.85,1
PX009157,1999,expired_card,wallet,subscription,7,2,1,50,21,705,2205.07,0.907,0.778,0.04,36.86,1
PX009158,9999,insufficient_funds,upi,subscription,6,0,3,10,43,50,6002.19,1.666,1.0,0.0,41.12,1
PX009159,1499,expired_card,netbanking,ecommerce,7,0,0,33,25,67,1746.51,0.858,1.0,0.0,24.32,0
PX009160,999,suspicious_reversal,wallet,subscription,7,5,1,22,31,660,1145.46,0.872,0.583,0.22727,1.87,0
PX009161,999,bank_timeout,upi,subscription,5,1,0,40,39,541,852.66,1.172,0.833,0.025,15.28,1
PX009162,1999,bank_timeout,netbanking,media,7,1,3,27,41,543,2353.04,0.85,0.875,0.03704,20.82,0
PX009163,19999,insufficient_funds,netbanking,ecommerce,9,0,3,11,26,556,27320.34,0.732,1.0,0.0,18.09,0
PX009164,19999,mandate_expired,card,education,17,2,0,17,22,149,12404.75,1.612,0.895,0.11765,27.21,0
PX009165,9999,insufficient_funds,wallet,education,5,0,3,44,1,441,10928.82,0.915,1.0,0.0,8.32,0
PX009166,4999,expired_card,card,education,6,1,3,7,56,128,5118.63,0.977,0.857,0.14286,9.9,0
PX009167,499,mandate_expired,wallet,subscription,10,5,0,55,28,622,632.0,0.79,0.667,0.09091,12.05,1
PX009168,499,expired_card,upi,education,4,2,0,60,49,661,515.86,0.967,0.667,0.03333,1.77,1
PX009169,19999,bank_timeout,wallet,education,3,4,0,21,45,628,17074.31,1.171,0.429,0.19048,25.97,0
PX009170,1999,suspicious_reversal,card,saas,10,0,3,2,15,303,1839.11,1.087,1.0,0.0,14.64,0
PX009171,2499,expired_card,upi,ecommerce,11,1,3,47,34,187,1927.79,1.296,0.917,0.02128,9.63,0
PX009172,9999,bank_timeout,netbanking,media,7,4,1,15,43,325,10628.09,0.941,0.636,0.26667,17.88,1
PX009173,2499,mandate_expired,upi,education,15,1,0,57,52,111,3141.66,0.795,0.938,0.01754,20.0,1
PX009174,1999,suspicious_reversal,upi,education,11,0,0,19,43,166,1425.7,1.402,1.0,0.0,42.24,0
PX009175,2499,expired_card,card,education,7,1,1,47,53,607,3088.43,0.809,0.875,0.02128,20.45,1
PX009176,9999,insufficient_funds,card,saas,7,3,2,60,45,500,8000.47,1.25,0.7,0.05,2.99,1
PX009177,19999,insufficient_funds,wallet,subscription,7,3,0,31,15,688,21409.66,0.934,0.7,0.09677,30.91,0
PX009178,499,mandate_expired,upi,ecommerce,8,2,2,44,55,341,472.78,1.055,0.8,0.04545,35.58,1
PX009179,9999,expired_card,netbanking,saas,7,4,3,1,46,498,12729.48,0.785,0.636,4.0,16.7,1
PX009180,999,expired_card,card,subscription,6,0,0,12,51,364,1207.12,0.828,1.0,0.0,36.19,0
PX009181,9999,bank_timeout,card,ecommerce,7,1,2,9,57,149,7932.56,1.261,0.875,0.11111,46.99,1
PX009182,999,suspicious_reversal,netbanking,subscription,9,2,0,12,12,554,805.75,1.24,0.818,0.16667,21.24,0
PX009183,9999,mandate_expired,upi,subscription,3,2,2,55,22,131,8253.54,1.211,0.6,0.03636,31.46,0
PX009184,4999,mandate_expired,netbanking,education,6,0,0,30,57,32,5678.41,0.88,1.0,0.0,31.93,1
PX009185,499,insufficient_funds,card,saas,7,3,2,42,40,595,651.78,0.766,0.7,0.07143,44.63,1
PX009186,999,suspicious_reversal,upi,ecommerce,11,2,0,39,40,280,1267.21,0.788,0.846,0.05128,46.91,0
PX009187,2499,insufficient_funds,netbanking,education,9,2,2,46,52,96,2203.1,1.134,0.818,0.04348,17.37,1
PX009188,1499,bank_timeout,netbanking,education,12,3,0,18,4,583,1846.64,0.812,0.8,0.16667,5.54,1
PX009189,1999,bank_timeout,card,education,15,0,0,53,34,706,1288.77,1.551,1.0,0.0,22.73,1
PX009190,19999,bank_timeout,netbanking,subscription,7,1,0,29,24,232,16932.3,1.181,0.875,0.03448,15.02,1
PX009191,499,mandate_expired,netbanking,saas,10,0,2,44,2,325,546.82,0.913,1.0,0.0,3.99,0
PX009192,19999,mandate_expired,card,subscription,7,1,3,8,15,169,24873.32,0.804,0.875,0.125,13.54,0
PX009193,499,mandate_expired,card,education,6,1,1,7,32,580,312.83,1.595,0.857,0.14286,41.26,0
PX009194,4999,suspicious_reversal,upi,ecommerce,5,1,3,1,9,86,4475.57,1.117,0.833,1.0,32.35,0
PX009195,499,bank_timeout,wallet,education,14,3,1,60,57,269,590.32,0.845,0.824,0.05,20.46,1
PX009196,1499,insufficient_funds,netbanking,media,8,1,0,37,54,363,1633.41,0.918,0.889,0.02703,12.03,1
PX009197,9999,suspicious_reversal,netbanking,education,6,5,3,46,13,454,7599.72,1.316,0.545,0.1087,14.95,0
PX009198,4999,expired_card,card,media,11,4,3,23,56,460,5809.43,0.86,0.733,0.17391,42.26,0
PX009199,4999,insufficient_funds,wallet,saas,6,0,2,45,7,86,5093.95,0.981,1.0,0.0,43.5,0
PX009200,2499,mandate_expired,card,media,7,3,1,9,37,659,2593.77,0.963,0.7,0.33333,28.42,1
PX009201,499,suspicious_reversal,wallet,ecommerce,7,0,1,15,11,364,658.1,0.758,1.0,0.0,23.93,0
PX009202,999,expired_card,netbanking,saas,7,1,3,12,58,727,854.9,1.169,0.875,0.08333,29.96,0
PX009203,999,insufficient_funds,wallet,ecommerce,8,1,3,8,2,694,1322.96,0.755,0.889,0.125,7.87,1
PX009204,999,insufficient_funds,netbanking,ecommerce,5,2,0,27,57,545,1284.95,0.777,0.714,0.07407,46.16,1
PX009205,4999,insufficient_funds,netbanking,media,6,2,1,11,19,115,6294.14,0.794,0.75,0.18182,45.23,1
PX009206,499,suspicious_reversal,upi,ecommerce,7,2,3,27,8,124,380.58,1.311,0.778,0.07407,43.45,0
PX009207,1999,suspicious_reversal,upi,media,13,1,2,10,30,365,2668.99,0.749,0.929,0.1,8.32,0
PX009208,2499,bank_timeout,upi,saas,10,2,0,47,57,220,1935.46,1.291,0.833,0.04255,45.78,1
PX009209,9999,mandate_expired,upi,ecommerce,6,1,2,26,37,132,11986.14,0.834,0.857,0.03846,45.65,0
PX009210,1999,expired_card,netbanking,saas,9,3,1,14,48,649,1535.8,1.302,0.75,0.21429,1.09,0
PX009211,1999,bank_timeout,wallet,ecommerce,10,1,1,24,30,702,1294.18,1.545,0.909,0.04167,23.81,1
PX009212,999,expired_card,netbanking,subscription,5,1,1,2,20,600,754.59,1.324,0.833,0.5,40.24,0
PX009213,2499,expired_card,card,media,3,4,3,56,55,130,2030.44,1.231,0.429,0.07143,3.11,1
PX009214,999,expired_card,card,media,4,1,2,23,19,151,922.03,1.083,0.8,0.04348,31.62,0
PX009215,2499,expired_card,netbanking,education,6,2,1,4,54,375,3307.45,0.756,0.75,0.5,30.94,1
PX009216,9999,mandate_expired,upi,subscription,13,1,1,14,41,79,6684.99,1.496,0.929,0.07143,17.21,0
PX009217,2499,mandate_expired,netbanking,ecommerce,6,2,1,8,42,14,2327.58,1.074,0.75,0.25,28.52,1
PX009218,19999,mandate_expired,wallet,saas,8,1,3,51,4,328,24689.71,0.81,0.889,0.01961,46.37,0
PX009219,4999,mandate_expired,card,media,12,2,2,14,40,214,5306.72,0.942,0.857,0.14286,25.96,0
PX009220,1499,insufficient_funds,card,subscription,12,1,3,30,46,358,1904.82,0.787,0.923,0.03333,46.27,0
PX009221,1499,suspicious_reversal,upi,saas,8,2,0,50,39,273,1115.66,1.344,0.8,0.04,16.16,0
PX009222,4999,mandate_expired,netbanking,media,11,2,3,44,16,541,4374.23,1.143,0.846,0.04545,23.56,1
PX009223,19999,insufficient_funds,netbanking,education,7,1,2,6,22,718,18438.28,1.085,0.875,0.16667,8.05,1
PX009224,19999,suspicious_reversal,netbanking,education,6,1,1,21,58,474,20849.97,0.959,0.857,0.04762,10.58,0
PX009225,4999,bank_timeout,upi,ecommerce,12,3,1,39,17,615,4714.42,1.06,0.8,0.07692,8.59,1
PX009226,1499,suspicious_reversal,wallet,saas,11,2,2,55,8,307,2004.5,0.748,0.846,0.03636,38.5,0
PX009227,4999,suspicious_reversal,card,ecommerce,6,0,2,41,7,191,6407.18,0.78,1.0,0.0,0.73,0
PX009228,499,bank_timeout,netbanking,saas,9,1,0,36,6,416,334.83,1.49,0.9,0.02778,5.19,1
PX009229,1499,bank_timeout,card,saas,9,1,2,7,1,694,1762.99,0.85,0.9,0.14286,26.66,1
PX009230,4999,suspicious_reversal,wallet,subscription,7,1,0,17,11,252,3213.77,1.555,0.875,0.05882,14.42,0
PX009231,499,suspicious_reversal,upi,education,7,0,0,8,3,79,676.74,0.737,1.0,0.0,26.49,1
PX009232,1499,mandate_expired,card,subscription,5,2,1,55,24,598,1895.76,0.791,0.714,0.03636,17.23,1
PX009233,4999,insufficient_funds,netbanking,education,8,2,3,59,14,166,5704.81,0.876,0.8,0.0339,2.61,0
PX009234,9999,suspicious_reversal,netbanking,subscription,6,2,3,19,18,108,6774.29,1.476,0.75,0.10526,6.44,0
PX009235,19999,mandate_expired,upi,media,11,1,3,53,10,516,23474.37,0.852,0.917,0.01887,20.75,1
PX009236,499,bank_timeout,netbanking,saas,8,4,3,29,27,17,629.24,0.793,0.667,0.13793,19.5,0
PX009237,9999,bank_timeout,card,subscription,8,2,1,23,57,267,11802.73,0.847,0.8,0.08696,10.29,1
PX009238,9999,insufficient_funds,netbanking,media,14,3,3,59,50,4,12881.48,0.776,0.824,0.05085,8.12,1
PX009239,2499,insufficient_funds,wallet,ecommerce,2,2,1,17,10,108,2540.23,0.984,0.5,0.11765,43.89,0
PX009240,999,expired_card,wallet,subscription,13,1,3,12,33,55,1102.24,0.906,0.929,0.08333,4.04,0
PX009241,999,insufficient_funds,wallet,media,9,1,3,40,4,446,1212.58,0.824,0.9,0.025,47.97,1
PX009242,1999,bank_timeout,upi,ecommerce,10,4,1,37,14,322,1395.07,1.433,0.714,0.10811,18.07,1
PX009243,999,bank_timeout,card,ecommerce,7,3,1,9,7,640,1216.7,0.821,0.7,0.33333,43.05,1
PX009244,999,mandate_expired,card,subscription,4,3,1,59,55,13,807.07,1.238,0.571,0.05085,15.56,0
PX009245,499,bank_timeout,upi,subscription,5,1,1,7,18,126,335.78,1.486,0.833,0.14286,8.47,1
PX009246,4999,insufficient_funds,wallet,saas,11,1,3,8,19,597,4530.72,1.103,0.917,0.125,14.24,1
PX009247,2499,expired_card,netbanking,education,3,0,2,3,60,398,2585.53,0.967,1.0,0.0,16.47,0
PX009248,1499,insufficient_funds,upi,subscription,4,2,1,45,57,288,1110.48,1.35,0.667,0.04444,31.86,0
PX009249,4999,insufficient_funds,card,education,5,0,3,27,43,109,5515.82,0.906,1.0,0.0,15.93,1
PX009250,19999,suspicious_reversal,upi,saas,9,3,3,16,39,664,24711.66,0.809,0.75,0.1875,25.91,0
PX009251,1999,expired_card,upi,subscription,6,2,1,38,60,564,1841.39,1.086,0.75,0.05263,15.98,1
PX009252,19999,mandate_expired,netbanking,media,2,2,2,18,14,1,15210.43,1.315,0.5,0.11111,15.35,1
PX009253,4999,mandate_expired,card,subscription,5,1,3,11,46,101,6786.88,0.737,0.833,0.09091,10.85,0
PX009254,1499,insufficient_funds,card,subscription,10,2,3,23,46,397,1620.76,0.925,0.833,0.08696,44.03,1
PX009255,499,suspicious_reversal,upi,subscription,10,5,1,28,55,56,333.61,1.496,0.667,0.17857,5.12,0
PX009256,999,suspicious_reversal,card,education,7,1,1,5,37,461,1332.23,0.75,0.875,0.2,6.9,1
PX009257,9999,suspicious_reversal,wallet,subscription,11,3,0,32,43,663,12827.39,0.78,0.786,0.09375,31.34,0
PX009258,1999,expired_card,wallet,education,15,0,0,28,41,106,2209.76,0.905,1.0,0.0,24.78,1
PX009259,999,suspicious_reversal,upi,ecommerce,7,4,3,32,3,506,981.21,1.018,0.636,0.125,40.92,0
PX009260,19999,expired_card,upi,media,6,3,2,59,13,463,22981.36,0.87,0.667,0.05085,46.41,0
PX009261,4999,bank_timeout,upi,ecommerce,5,2,1,49,50,602,3531.9,1.415,0.714,0.04082,35.76,1
PX009262,499,mandate_expired,netbanking,ecommerce,7,1,0,11,23,646,638.29,0.782,0.875,0.09091,3.75,0
PX009263,1999,suspicious_reversal,netbanking,saas,8,4,2,54,59,567,1347.95,1.483,0.667,0.07407,14.23,0
PX009264,1999,suspicious_reversal,wallet,media,8,2,0,17,53,559,1744.46,1.146,0.8,0.11765,17.49,1
PX009265,19999,expired_card,upi,education,6,1,3,40,54,237,27134.96,0.737,0.857,0.025,6.85,0
PX009266,1999,suspicious_reversal,wallet,media,9,2,0,39,10,143,1217.67,1.642,0.818,0.05128,26.66,0
PX009267,1499,mandate_expired,card,saas,3,1,0,50,47,697,1689.97,0.887,0.75,0.02,17.69,0
PX009268,499,mandate_expired,netbanking,ecommerce,11,1,3,6,39,602,511.61,0.975,0.917,0.16667,2.52,0
PX009269,2499,mandate_expired,wallet,saas,5,0,1,9,25,562,2323.14,1.076,1.0,0.0,9.88,1
PX009270,1499,expired_card,wallet,saas,12,1,3,53,59,4,1589.69,0.943,0.923,0.01887,40.07,0
PX009271,9999,insufficient_funds,wallet,ecommerce,14,3,1,18,32,713,11459.52,0.873,0.824,0.16667,1.53,1
PX009272,9999,mandate_expired,wallet,subscription,12,3,0,51,60,362,13560.74,0.737,0.8,0.05882,46.6,1
PX009273,1999,insufficient_funds,card,education,8,3,0,8,47,271,1727.63,1.157,0.727,0.375,33.94,1
PX009274,999,expired_card,card,subscription,10,3,2,2,35,283,1194.89,0.836,0.769,1.5,38.3,0
PX009275,9999,bank_timeout,upi,education,6,3,3,44,53,505,6609.03,1.513,0.667,0.06818,43.78,1
PX009276,4999,suspicious_reversal,card,education,10,0,0,30,54,465,6344.78,0.788,1.0,0.0,22.17,1
PX009277,999,expired_card,upi,saas,8,4,0,21,8,479,1230.5,0.812,0.667,0.19048,41.76,1
PX009278,999,suspicious_reversal,netbanking,media,14,2,3,49,50,691,1029.82,0.97,0.875,0.04082,36.53,0
PX009279,19999,expired_card,wallet,education,11,0,2,60,28,157,27602.1,0.725,1.0,0.0,35.64,0
PX009280,1999,suspicious_reversal,upi,saas,8,0,0,20,40,82,1984.95,1.007,1.0,0.0,7.97,0
PX009281,499,bank_timeout,upi,ecommerce,14,2,0,36,21,254,431.01,1.158,0.875,0.05556,18.71,1
PX009282,999,bank_timeout,wallet,education,2,2,3,36,6,695,620.29,1.611,0.5,0.05556,13.44,0
PX009283,1499,bank_timeout,wallet,subscription,4,2,0,33,46,400,2026.95,0.74,0.667,0.06061,33.39,1
PX009284,1999,insufficient_funds,upi,ecommerce,8,4,0,23,55,558,2111.21,0.947,0.667,0.17391,2.72,0
PX009285,9999,insufficient_funds,card,saas,11,1,0,46,43,534,8045.66,1.243,0.917,0.02174,4.55,1
PX009286,9999,mandate_expired,netbanking,ecommerce,6,3,1,35,11,138,12742.38,0.785,0.667,0.08571,20.58,1
PX009287,9999,expired_card,wallet,media,9,1,2,54,3,305,11295.22,0.885,0.9,0.01852,28.44,1
PX009288,19999,insufficient_funds,wallet,saas,5,3,2,20,43,80,17610.0,1.136,0.625,0.15,38.35,1
PX009289,2499,mandate_expired,wallet,subscription,6,2,1,59,29,319,2780.03,0.899,0.75,0.0339,32.94,1
PX009290,19999,bank_timeout,upi,subscription,5,1,3,53,53,130,17034.53,1.174,0.833,0.01887,44.88,1
PX009291,19999,expired_card,card,education,6,2,2,7,54,257,25837.98,0.774,0.75,0.28571,33.34,0
PX009292,999,expired_card,upi,saas,10,1,2,45,16,267,1226.34,0.815,0.909,0.02222,13.24,1
PX009293,2499,insufficient_funds,netbanking,saas,6,0,2,27,15,506,3494.0,0.715,1.0,0.0,2.27,1
PX009294,999,insufficient_funds,card,education,8,2,3,16,56,117,1240.41,0.805,0.8,0.125,33.29,1
PX009295,9999,expired_card,upi,saas,11,1,1,27,27,658,13310.37,0.751,0.917,0.03704,2.77,0
PX009296,999,insufficient_funds,netbanking,education,8,4,0,17,48,570,884.12,1.13,0.667,0.23529,9.37,1
PX009297,9999,bank_timeout,upi,education,11,4,3,29,25,681,6163.59,1.622,0.733,0.13793,1.72,1
PX009298,2499,expired_card,netbanking,subscription,6,2,1,9,42,653,2296.39,1.088,0.75,0.22222,9.01,1
PX009299,1499,bank_timeout,wallet,education,13,5,3,16,32,98,1015.85,1.476,0.722,0.3125,7.09,0
PX009300,1499,bank_timeout,upi,saas,2,2,1,43,32,3,1566.66,0.957,0.5,0.04651,6.22,1
PX009301,9999,mandate_expired,wallet,saas,1,2,0,51,52,184,9430.16,1.06,0.333,0.03922,10.11,0
PX009302,9999,insufficient_funds,upi,education,4,1,1,36,14,602,11320.8,0.883,0.8,0.02778,38.27,1
PX009303,4999,bank_timeout,netbanking,media,7,1,3,27,18,134,4380.54,1.141,0.875,0.03704,23.52,1
PX009304,499,suspicious_reversal,upi,ecommerce,11,2,2,39,9,714,523.84,0.953,0.846,0.05128,16.05,1
PX009305,2499,bank_timeout,upi,education,9,2,0,56,56,719,1796.13,1.391,0.818,0.03571,0.72,1
PX009306,1999,suspicious_reversal,upi,education,8,0,0,18,11,347,1854.81,1.078,1.0,0.0,24.74,1
PX009307,4999,suspicious_reversal,upi,ecommerce,10,3,2,19,25,370,3743.15,1.336,0.769,0.15789,12.39,0
PX009308,9999,insufficient_funds,netbanking,education,6,1,1,36,27,407,13207.89,0.757,0.857,0.02778,4.61,1
PX009309,1999,mandate_expired,netbanking,ecommerce,6,2,0,20,19,220,1291.9,1.547,0.75,0.1,17.55,0
PX009310,1999,suspicious_reversal,wallet,media,7,2,3,51,17,434,2555.5,0.782,0.778,0.03922,15.18,0
PX009311,2499,mandate_expired,netbanking,education,9,4,2,46,59,607,1511.94,1.653,0.692,0.08696,8.52,0
PX009312,4999,mandate_expired,card,saas,6,2,1,7,43,540,3084.26,1.621,0.75,0.28571,2.0,0
PX009313,19999,insufficient_funds,upi,subscription,5,1,0,20,23,261,27335.05,0.732,0.833,0.05,32.21,0
PX009314,999,suspicious_reversal,card,ecommerce,8,0,0,29,46,279,666.21,1.5,1.0,0.0,40.54,1
PX009315,1999,insufficient_funds,wallet,education,8,1,1,52,45,302,2425.4,0.824,0.889,0.01923,11.2,1
PX009316,9999,suspicious_reversal,card,subscription,10,5,2,3,59,614,12717.6,0.786,0.667,1.66667,14.37,0
PX009317,19999,suspicious_reversal,netbanking,saas,5,2,2,3,2,723,14289.97,1.4,0.714,0.66667,25.67,0
PX009318,499,expired_card,upi,saas,7,0,0,13,36,415,584.82,0.853,1.0,0.0,5.23,0
PX009319,19999,expired_card,wallet,ecommerce,3,4,3,13,47,458,21033.79,0.951,0.429,0.30769,42.42,1
PX009320,499,mandate_expired,wallet,education,9,3,2,45,8,328,317.82,1.57,0.75,0.06667,27.36,1
PX009321,499,expired_card,wallet,education,10,2,3,57,53,153,451.01,1.106,0.833,0.03509,46.84,1
PX009322,1999,insufficient_funds,upi,education,9,4,2,48,33,13,1848.24,1.082,0.692,0.08333,47.46,1
PX009323,1999,suspicious_reversal,wallet,education,5,2,1,55,45,471,1527.52,1.309,0.714,0.03636,27.35,0
PX009324,999,expired_card,wallet,subscription,12,4,0,34,14,152,1019.81,0.98,0.75,0.11765,45.19,0
PX009325,999,suspicious_reversal,netbanking,media,7,2,1,34,31,124,841.82,1.187,0.778,0.05882,36.22,0
PX009326,499,insufficient_funds,wallet,subscription,10,2,2,29,14,252,656.85,0.76,0.833,0.06897,41.99,1
PX009327,9999,bank_timeout,upi,ecommerce,13,2,3,13,18,357,11555.81,0.865,0.867,0.15385,37.52,1
PX009328,1999,mandate_expired,upi,saas,5,4,3,3,38,599,1999.72,1.0,0.556,1.33333,38.8,0
PX009329,1499,suspicious_reversal,netbanking,media,7,2,2,11,22,509,990.28,1.514,0.778,0.18182,26.29,0
PX009330,499,mandate_expired,netbanking,saas,6,2,2,14,29,115,376.19,1.326,0.75,0.14286,3.86,1
PX009331,9999,bank_timeout,netbanking,ecommerce,17,2,0,42,25,701,13390.28,0.747,0.895,0.04762,10.9,1
PX009332,999,mandate_expired,wallet,subscription,12,1,2,20,34,9,1001.93,0.997,0.923,0.05,43.83,1
PX009333,9999,expired_card,wallet,education,5,0,3,6,33,374,13914.18,0.719,1.0,0.0,46.13,0
PX009334,499,expired_card,upi,subscription,6,2,1,43,4,320,533.73,0.935,0.75,0.04651,1.64,0
PX009335,9999,insufficient_funds,netbanking,subscription,8,3,2,33,20,709,6447.27,1.551,0.727,0.09091,22.07,1
PX009336,999,expired_card,netbanking,saas,6,1,3,20,54,398,1140.48,0.876,0.857,0.05,1.81,0
PX009337,999,suspicious_reversal,upi,subscription,9,2,0,27,31,599,930.02,1.074,0.818,0.07407,24.72,0
PX009338,4999,bank_timeout,netbanking,media,7,1,1,8,17,412,5896.53,0.848,0.875,0.125,17.32,1
PX009339,2499,bank_timeout,wallet,education,9,4,1,1,30,344,2663.87,0.938,0.692,4.0,10.91,1
PX009340,1999,bank_timeout,netbanking,media,9,4,3,31,40,364,2508.39,0.797,0.692,0.12903,31.58,1
PX009341,2499,mandate_expired,netbanking,education,10,3,0,21,12,206,3227.72,0.774,0.769,0.14286,39.69,0
PX009342,499,expired_card,wallet,education,8,5,2,1,5,274,417.54,1.195,0.615,5.0,7.19,0
PX009343,19999,bank_timeout,upi,subscription,10,1,0,58,40,548,15787.11,1.267,0.909,0.01724,31.68,1
PX009344,999,bank_timeout,wallet,media,14,1,3,28,13,376,808.73,1.235,0.933,0.03571,15.55,1
PX009345,9999,insufficient_funds,wallet,education,8,2,3,16,40,611,6178.24,1.618,0.8,0.125,46.83,0
PX009346,2499,insufficient_funds,card,saas,7,1,1,36,23,404,2642.97,0.946,0.875,0.02778,3.62,1
PX009347,4999,insufficient_funds,netbanking,saas,5,2,0,54,20,499,5296.84,0.944,0.714,0.03704,16.56,1
PX009348,1999,bank_timeout,card,media,6,2,2,50,51,596,1986.47,1.006,0.75,0.04,4.11,1
PX009349,1999,mandate_expired,upi,education,9,2,2,33,36,269,1782.4,1.122,0.818,0.06061,45.04,0
PX009350,999,mandate_expired,upi,media,10,1,1,40,33,289,747.23,1.337,0.909,0.025,24.32,1
PX009351,1999,expired_card,card,ecommerce,3,3,2,28,53,236,2278.88,0.877,0.5,0.10714,0.85,1
PX009352,9999,insufficient_funds,netbanking,subscription,12,2,0,39,47,10,6760.9,1.479,0.857,0.05128,21.61,1
PX009353,9999,expired_card,wallet,subscription,11,3,3,59,57,340,9074.08,1.102,0.786,0.05085,40.98,1
PX009354,1499,suspicious_reversal,card,subscription,7,2,0,43,12,221,1784.83,0.84,0.778,0.04651,26.36,0
PX009355,2499,bank_timeout,upi,saas,9,4,0,6,31,24,3355.76,0.745,0.692,0.66667,9.2,1
PX009356,2499,mandate_expired,wallet,ecommerce,2,4,2,10,4,632,2643.63,0.945,0.333,0.4,38.22,0
PX009357,499,bank_timeout,wallet,education,9,0,0,38,51,489,674.96,0.739,1.0,0.0,19.42,1
PX009358,1999,expired_card,wallet,saas,8,2,2,1,36,454,1240.22,1.612,0.8,2.0,6.98,0
PX009359,9999,suspicious_reversal,upi,education,15,2,0,37,44,157,12907.46,0.775,0.882,0.05405,9.25,0
PX009360,999,expired_card,upi,media,8,2,3,9,32,327,999.12,1.0,0.8,0.22222,13.63,0
PX009361,9999,mandate_expired,card,education,13,2,3,23,1,150,6473.3,1.545,0.867,0.08696,23.81,1
PX009362,9999,insufficient_funds,upi,ecommerce,9,3,3,2,9,684,9806.49,1.02,0.75,1.5,0.98,1
PX009363,9999,suspicious_reversal,upi,saas,8,1,1,35,7,594,10846.64,0.922,0.889,0.02857,8.57,0
PX009364,19999,bank_timeout,upi,education,13,1,0,60,48,110,12636.22,1.583,0.929,0.01667,22.3,1
PX009365,4999,insufficient_funds,upi,education,6,2,2,12,36,21,3984.71,1.255,0.75,0.16667,15.51,0
PX009366,4999,suspicious_reversal,wallet,ecommerce,10,2,1,33,57,705,5521.78,0.905,0.833,0.06061,3.32,0
PX009367,999,suspicious_reversal,wallet,education,9,3,2,8,30,8,687.33,1.453,0.75,0.375,31.19,0
PX009368,1999,suspicious_reversal,upi,media,6,1,1,10,21,561,2664.61,0.75,0.857,0.1,6.45,1
PX009369,4999,expired_card,upi,subscription,10,3,0,43,40,296,6442.25,0.776,0.769,0.06977,6.62,0
PX009370,19999,suspicious_reversal,upi,media,8,0,3,48,53,146,27665.63,0.723,1.0,0.0,36.68,1
PX009371,2499,mandate_expired,upi,ecommerce,7,2,0,8,43,117,3408.38,0.733,0.778,0.25,16.15,1
PX009372,2499,insufficient_funds,wallet,ecommerce,7,3,2,45,7,285,2448.75,1.021,0.7,0.06667,2.08,1
PX009373,1999,bank_timeout,wallet,education,8,3,3,33,53,271,2444.08,0.818,0.727,0.09091,36.49,1
PX009374,1999,insufficient_funds,card,ecommerce,10,0,3,33,3,307,1568.77,1.274,1.0,0.0,34.25,1
PX009375,9999,mandate_expired,netbanking,saas,8,2,1,48,54,289,9463.07,1.057,0.8,0.04167,39.22,0
PX009376,1999,expired_card,netbanking,media,4,0,0,3,35,383,1737.85,1.15,1.0,0.0,4.33,1
PX009377,499,mandate_expired,card,media,5,4,2,30,12,44,400.25,1.247,0.556,0.13333,23.17,0
PX009378,9999,mandate_expired,wallet,subscription,11,3,0,10,31,490,9558.59,1.046,0.786,0.3,41.58,1
PX009379,1499,suspicious_reversal,netbanking,saas,7,2,3,54,10,371,1970.8,0.761,0.778,0.03704,5.64,0
PX009380,4999,suspicious_reversal,wallet,media,8,1,3,48,7,669,4833.95,1.034,0.889,0.02083,22.23,0
PX009381,19999,mandate_expired,card,media,14,1,0,19,41,33,15756.41,1.269,0.933,0.05263,1.1,0
PX009382,999,mandate_expired,card,saas,5,2,2,44,12,375,832.0,1.201,0.714,0.04545,30.06,0
PX009383,19999,insufficient_funds,wallet,subscription,13,4,2,37,45,612,23488.92,0.851,0.765,0.10811,7.29,1
PX009384,19999,expired_card,upi,education,8,3,0,4,5,158,12464.57,1.604,0.727,0.75,31.06,0
PX009385,1499,suspicious_reversal,upi,ecommerce,7,2,3,20,42,425,1289.57,1.162,0.778,0.1,40.15,0
PX009386,19999,insufficient_funds,wallet,education,10,3,0,53,33,404,14462.12,1.383,0.769,0.0566,36.6,0
PX009387,4999,insufficient_funds,card,subscription,5,2,3,15,5,41,6555.96,0.763,0.714,0.13333,35.71,1
PX009388,19999,suspicious_reversal,upi,saas,8,1,1,3,46,160,19029.92,1.051,0.889,0.33333,0.51,1
PX009389,499,expired_card,upi,education,8,1,1,8,11,259,499.72,0.999,0.889,0.125,14.06,0
PX009390,4999,suspicious_reversal,card,subscription,8,2,2,32,56,555,5025.45,0.995,0.8,0.0625,39.2,0
PX009391,999,expired_card,netbanking,education,10,1,1,27,53,426,1023.54,0.976,0.909,0.03704,21.06,1
PX009392,999,bank_timeout,upi,education,6,2,1,51,16,251,691.21,1.445,0.75,0.03922,2.46,1
PX009393,9999,mandate_expired,wallet,ecommerce,4,0,2,52,34,276,11934.12,0.838,1.0,0.0,42.19,0
PX009394,1999,expired_card,upi,media,8,1,3,27,5,152,1647.85,1.213,0.889,0.03704,28.09,0
PX009395,499,mandate_expired,upi,media,11,4,2,38,2,80,405.75,1.23,0.733,0.10526,23.59,0
PX009396,1499,suspicious_reversal,card,media,6,0,1,50,5,364,1732.62,0.865,1.0,0.0,10.93,1
PX009397,1999,mandate_expired,upi,subscription,7,3,1,26,16,309,2661.62,0.751,0.7,0.11538,24.83,1
PX009398,1499,expired_card,upi,education,8,1,0,59,56,411,1493.23,1.004,0.889,0.01695,37.55,0
PX009399,499,expired_card,upi,ecommerce,6,0,2,30,57,350,334.04,1.494,1.0,0.0,11.47,1
PX009400,499,insufficient_funds,netbanking,subscription,7,3,0,21,29,405,420.75,1.186,0.7,0.14286,41.13,1
PX009401,499,bank_timeout,netbanking,education,7,2,0,24,43,375,502.45,0.993,0.778,0.08333,24.58,1
PX009402,19999,expired_card,wallet,education,14,2,1,31,12,596,22334.25,0.895,0.875,0.06452,5.88,1
PX009403,1999,insufficient_funds,wallet,education,4,1,1,42,9,650,2610.3,0.766,0.8,0.02381,1.11,1
PX009404,1499,insufficient_funds,upi,saas,7,1,2,2,16,606,1031.5,1.453,0.875,0.5,44.9,1
PX009405,2499,suspicious_reversal,netbanking,media,9,1,1,57,19,190,1775.08,1.408,0.9,0.01754,1.18,0
PX009406,4999,insufficient_funds,upi,ecommerce,7,2,2,43,13,20,6264.72,0.798,0.778,0.04651,47.3,0
PX009407,1999,suspicious_reversal,upi,subscription,9,2,1,58,24,549,2515.52,0.795,0.818,0.03448,21.56,0
PX009408,1499,bank_timeout,card,media,6,4,0,3,55,242,1391.18,1.078,0.6,1.33333,37.38,1
PX009409,1999,insufficient_funds,netbanking,education,4,3,0,40,21,237,2085.46,0.959,0.571,0.075,12.59,1
PX009410,499,insufficient_funds,netbanking,education,5,2,1,13,28,554,596.43,0.837,0.714,0.15385,23.73,1
PX009411,1999,mandate_expired,upi,ecommerce,9,1,1,18,5,201,2350.17,0.851,0.9,0.05556,25.37,0
PX009412,19999,suspicious_reversal,upi,ecommerce,13,1,0,33,3,500,15708.47,1.273,0.929,0.0303,8.55,1
PX009413,1499,mandate_expired,upi,media,7,2,3,44,49,494,1419.51,1.056,0.778,0.04545,34.33,1
PX009414,1999,expired_card,wallet,saas,6,2,0,48,18,220,2148.46,0.93,0.75,0.04167,37.25,0
PX009415,499,insufficient_funds,card,education,3,0,2,40,12,625,394.16,1.266,1.0,0.0,20.49,1
PX009416,19999,mandate_expired,netbanking,ecommerce,10,0,1,22,34,627,12860.77,1.555,1.0,0.0,15.39,1
PX009417,499,suspicious_reversal,card,subscription,9,1,2,35,45,524,662.58,0.753,0.9,0.02857,16.84,1
PX009418,19999,suspicious_reversal,wallet,saas,12,2,0,3,39,93,20486.49,0.976,0.857,0.66667,22.76,0
PX009419,1499,insufficient_funds,wallet,saas,12,2,0,6,45,460,1993.35,0.752,0.857,0.33333,1.84,1
PX009420,19999,expired_card,wallet,saas,7,1,1,10,12,190,25891.54,0.772,0.875,0.1,37.15,0
PX009421,19999,suspicious_reversal,netbanking,ecommerce,9,0,0,12,3,41,22077.59,0.906,1.0,0.0,38.11,0
PX009422,1499,mandate_expired,upi,saas,7,3,2,53,51,570,1357.98,1.104,0.7,0.0566,45.67,0
PX009423,1999,mandate_expired,card,media,7,3,1,10,43,672,1605.58,1.245,0.7,0.3,23.28,0
PX009424,2499,mandate_expired,upi,subscription,5,0,2,10,12,12,1693.92,1.475,1.0,0.0,11.35,1
PX009425,9999,suspicious_reversal,card,media,9,1,3,54,25,266,8417.77,1.188,0.9,0.01852,33.02,0
PX009426,19999,expired_card,wallet,education,11,2,2,46,8,23,24126.2,0.829,0.846,0.04348,35.33,0
PX009427,4999,mandate_expired,netbanking,saas,6,4,1,12,31,570,4492.08,1.113,0.6,0.33333,44.9,0
PX009428,999,bank_timeout,upi,ecommerce,11,2,3,50,44,229,1067.16,0.936,0.846,0.04,4.85,0
PX009429,4999,mandate_expired,upi,media,7,2,3,47,19,151,5058.13,0.988,0.778,0.04255,42.3,0
PX009430,2499,suspicious_reversal,card,saas,5,1,0,39,49,516,3440.85,0.726,0.833,0.02564,35.6,1
PX009431,1999,insufficient_funds,wallet,ecommerce,6,0,0,11,35,577,2180.0,0.917,1.0,0.0,11.02,1
PX009432,4999,insufficient_funds,card,education,4,2,1,37,56,129,5478.2,0.913,0.667,0.05405,43.35,0
PX009433,999,bank_timeout,netbanking,saas,10,2,2,13,58,584,1003.94,0.995,0.833,0.15385,17.16,1
PX009434,1499,suspicious_reversal,card,education,7,1,1,49,57,203,1480.88,1.012,0.875,0.02041,12.76,0
PX009435,999,mandate_expired,netbanking,ecommerce,7,1,3,46,59,491,814.3,1.227,0.875,0.02174,16.39,0
PX009436,19999,mandate_expired,card,media,9,5,0,28,29,76,19202.0,1.042,0.643,0.17857,35.49,0
PX009437,9999,suspicious_reversal,wallet,saas,7,2,2,34,43,677,10781.65,0.927,0.778,0.05882,22.11,0
PX009438,2499,expired_card,card,ecommerce,4,0,0,48,30,154,1894.47,1.319,1.0,0.0,14.1,0
PX009439,2499,expired_card,wallet,subscription,10,0,1,7,60,162,1792.13,1.394,1.0,0.0,43.12,0
PX009440,1999,insufficient_funds,card,ecommerce,5,2,3,3,17,186,1339.79,1.492,0.714,0.66667,4.15,1
PX009441,499,insufficient_funds,wallet,ecommerce,6,0,0,30,38,724,439.51,1.135,1.0,0.0,1.6,1
PX009442,4999,bank_timeout,wallet,media,8,2,0,43,20,482,3824.96,1.307,0.8,0.04651,9.79,1
PX009443,4999,suspicious_reversal,netbanking,ecommerce,11,3,1,6,38,524,3222.42,1.551,0.786,0.5,44.85,0
PX009444,1999,suspicious_reversal,upi,media,10,0,0,44,18,691,1452.6,1.376,1.0,0.0,16.88,1
PX009445,9999,suspicious_reversal,card,education,5,3,0,28,59,681,10341.05,0.967,0.625,0.10714,45.2,0
PX009446,2499,bank_timeout,netbanking,media,8,2,2,55,34,231,2428.08,1.029,0.8,0.03636,22.89,1
PX009447,1999,insufficient_funds,upi,media,7,8,0,15,29,331,1991.05,1.004,0.467,0.53333,29.49,0
PX009448,1499,bank_timeout,upi,saas,9,2,3,39,40,248,1953.19,0.767,0.818,0.05128,9.38,1
PX009449,2499,suspicious_reversal,netbanking,subscription,5,2,3,13,51,113,2515.73,0.993,0.714,0.15385,11.78,0
PX009450,19999,insufficient_funds,wallet,media,6,0,1,3,37,565,14671.27,1.363,1.0,0.0,26.01,1
PX009451,19999,bank_timeout,card,media,10,3,3,13,32,282,20011.0,0.999,0.769,0.23077,0.74,1
PX009452,499,suspicious_reversal,card,subscription,5,3,3,1,1,7,397.71,1.255,0.625,3.0,4.22,1
PX009453,999,expired_card,card,saas,8,0,3,57,2,615,1077.71,0.927,1.0,0.0,28.55,1
PX009454,9999,suspicious_reversal,netbanking,media,4,0,1,30,2,523,10018.61,0.998,1.0,0.0,2.57,1
PX009455,2499,mandate_expired,card,subscription,7,0,0,53,3,150,2816.44,0.887,1.0,0.0,20.62,0
PX009456,2499,bank_timeout,card,ecommerce,6,1,0,48,27,663,2437.93,1.025,0.857,0.02083,28.09,1
PX009457,4999,expired_card,wallet,media,8,2,2,8,40,109,5849.64,0.855,0.8,0.25,1.21,0
PX009458,9999,insufficient_funds,wallet,subscription,4,1,2,34,12,556,13443.95,0.744,0.8,0.02941,43.63,0
PX009459,999,bank_timeout,card,education,9,2,2,53,4,552,1397.05,0.715,0.818,0.03774,38.78,1
PX009460,1499,suspicious_reversal,card,media,5,4,3,56,24,453,1429.02,1.049,0.556,0.07143,5.67,0
PX009461,9999,insufficient_funds,netbanking,subscription,7,2,1,8,35,216,9035.91,1.107,0.778,0.25,26.05,0
PX009462,1999,bank_timeout,card,education,9,3,3,33,14,440,2426.05,0.824,0.75,0.09091,38.61,1
PX009463,999,mandate_expired,wallet,subscription,7,4,0,29,38,240,608.21,1.643,0.636,0.13793,21.95,0
PX009464,1499,insufficient_funds,upi,subscription,11,0,2,46,39,626,1794.25,0.835,1.0,0.0,5.61,0
PX009465,1499,suspicious_reversal,wallet,media,8,2,1,46,7,366,1141.04,1.314,0.8,0.04348,18.0,0
PX009466,999,insufficient_funds,netbanking,education,8,1,3,60,2,206,814.59,1.226,0.889,0.01667,5.2,0
PX009467,999,suspicious_reversal,wallet,saas,13,6,2,52,50,186,1217.2,0.821,0.684,0.11538,9.19,0
PX009468,1499,bank_timeout,netbanking,subscription,4,1,1,39,50,483,1561.53,0.96,0.8,0.02564,5.32,1
PX009469,2499,insufficient_funds,upi,saas,5,5,3,45,48,95,1911.99,1.307,0.5,0.11111,11.86,1
PX009470,2499,suspicious_reversal,wallet,education,4,1,2,5,57,478,2881.39,0.867,0.8,0.2,4.62,0
PX009471,1499,mandate_expired,wallet,subscription,10,1,1,10,28,256,1578.9,0.949,0.909,0.1,47.64,1
PX009472,19999,insufficient_funds,netbanking,media,11,2,1,10,48,727,23201.57,0.862,0.846,0.2,40.92,1
PX009473,9999,expired_card,netbanking,media,5,2,3,57,17,19,9744.51,1.026,0.714,0.03509,7.05,0
PX009474,1999,bank_timeout,wallet,saas,4,1,3,17,59,624,1964.75,1.017,0.8,0.05882,12.22,1
PX009475,999,expired_card,card,saas,5,4,2,34,45,546,703.06,1.421,0.556,0.11765,12.86,0
PX009476,4999,insufficient_funds,card,saas,5,2,3,22,24,707,4676.59,1.069,0.714,0.09091,47.6,0
PX009477,19999,bank_timeout,wallet,saas,6,4,0,14,39,36,17996.7,1.111,0.6,0.28571,13.16,0
PX009478,1999,expired_card,wallet,subscription,7,3,3,52,60,517,2282.23,0.876,0.7,0.05769,20.44,1
PX009479,9999,suspicious_reversal,netbanking,education,5,2,0,57,31,309,8274.92,1.208,0.714,0.03509,12.86,0
PX009480,19999,expired_card,card,education,5,2,1,49,49,459,17701.65,1.13,0.714,0.04082,8.35,0
PX009481,9999,mandate_expired,wallet,media,6,0,2,14,16,264,8121.97,1.231,1.0,0.0,10.93,0
PX009482,499,mandate_expired,upi,saas,12,3,0,43,28,535,412.53,1.21,0.8,0.06977,0.71,1
PX009483,9999,expired_card,card,media,2,2,2,25,23,404,10582.6,0.945,0.5,0.08,21.25,0
PX009484,19999,suspicious_reversal,upi,subscription,8,1,2,21,38,180,27626.35,0.724,0.889,0.04762,12.04,0
PX009485,1499,suspicious_reversal,card,subscription,6,0,3,60,35,121,1288.53,1.163,1.0,0.0,33.4,0
PX009486,499,insufficient_funds,upi,saas,5,1,1,34,2,626,394.7,1.264,0.833,0.02941,1.82,1
PX009487,1499,expired_card,netbanking,ecommerce,7,1,3,57,39,509,2026.98,0.74,0.875,0.01754,29.51,1
PX009488,1499,insufficient_funds,wallet,education,4,1,1,40,56,522,1324.45,1.132,0.8,0.025,21.84,1
PX009489,9999,mandate_expired,upi,subscription,11,0,2,39,13,65,13907.37,0.719,1.0,0.0,5.79,0
PX009490,4999,suspicious_reversal,card,ecommerce,9,2,3,31,36,534,4852.33,1.03,0.818,0.06452,40.1,0
PX009491,9999,bank_timeout,wallet,education,4,1,3,57,28,395,6494.85,1.54,0.8,0.01754,1.06,0
PX009492,4999,bank_timeout,netbanking,ecommerce,7,1,1,60,14,206,5975.66,0.837,0.875,0.01667,21.1,1
PX009493,1499,bank_timeout,wallet,saas,12,2,0,12,6,81,1122.32,1.336,0.857,0.16667,8.09,1
PX009494,9999,expired_card,card,subscription,10,0,1,14,10,328,12391.6,0.807,1.0,0.0,8.56,0
PX009495,9999,insufficient_funds,card,media,8,2,3,10,44,142,7105.7,1.407,0.8,0.2,22.24,1
PX009496,1999,bank_timeout,card,saas,8,3,0,48,59,506,2693.02,0.742,0.727,0.0625,43.01,1
PX009497,1499,bank_timeout,upi,subscription,10,1,0,1,3,201,1517.32,0.988,0.909,1.0,33.19,1
PX009498,4999,bank_timeout,netbanking,media,9,4,3,18,33,65,6732.98,0.742,0.692,0.22222,22.19,0
PX009499,999,mandate_expired,upi,saas,4,1,3,37,49,680,985.5,1.014,0.8,0.02703,44.43,0
PX009500,1999,mandate_expired,card,media,8,4,1,43,30,303,1510.39,1.323,0.667,0.09302,46.67,1
PX009501,2499,bank_timeout,card,saas,9,1,0,59,34,725,2810.0,0.889,0.9,0.01695,44.17,1
PX009502,9999,suspicious_reversal,netbanking,saas,9,6,1,24,54,442,6871.28,1.455,0.6,0.25,39.34,0
PX009503,999,expired_card,card,ecommerce,8,1,1,29,34,1,623.23,1.603,0.889,0.03448,41.33,1
PX009504,19999,bank_timeout,netbanking,saas,6,1,1,55,44,631,15899.15,1.258,0.857,0.01818,38.75,1
PX009505,9999,expired_card,netbanking,saas,4,3,0,13,33,681,9213.44,1.085,0.571,0.23077,19.14,0
PX009506,999,suspicious_reversal,card,ecommerce,12,2,0,37,26,108,803.82,1.243,0.857,0.05405,8.63,0
PX009507,1499,expired_card,netbanking,subscription,7,2,3,47,26,714,1307.18,1.147,0.778,0.04255,37.83,0
PX009508,499,bank_timeout,wallet,media,8,1,3,19,54,568,409.67,1.218,0.889,0.05263,41.81,1
PX009509,499,expired_card,upi,ecommerce,10,0,1,9,19,65,485.29,1.028,1.0,0.0,37.09,1
PX009510,1999,insufficient_funds,upi,education,5,2,3,46,36,275,1538.74,1.299,0.714,0.04348,34.99,1
PX009511,9999,insufficient_funds,wallet,ecommerce,7,1,3,2,28,668,8703.46,1.149,0.875,0.5,40.34,1
PX009512,4999,suspicious_reversal,netbanking,education,7,0,2,26,46,141,4201.43,1.19,1.0,0.0,15.56,0
PX009513,2499,expired_card,netbanking,education,7,0,2,7,23,76,1654.05,1.511,1.0,0.0,16.85,1
PX009514,9999,mandate_expired,wallet,ecommerce,10,2,2,33,2,326,10403.29,0.961,0.833,0.06061,18.69,1
PX009515,1999,expired_card,upi,subscription,6,2,3,8,1,279,2350.77,0.85,0.75,0.25,11.06,1
PX009516,1499,bank_timeout,card,saas,8,1,1,60,6,624,2092.05,0.717,0.889,0.01667,47.55,0
PX009517,4999,mandate_expired,upi,education,8,2,3,53,6,140,5977.69,0.836,0.8,0.03774,17.48,0
PX009518,9999,suspicious_reversal,wallet,ecommerce,10,2,2,26,12,279,10266.22,0.974,0.833,0.07692,34.26,0
PX009519,9999,mandate_expired,wallet,education,12,4,0,1,21,109,13389.42,0.747,0.75,4.0,12.4,1
PX009520,19999,suspicious_reversal,netbanking,ecommerce,6,4,1,28,43,285,16077.53,1.244,0.6,0.14286,13.66,1
PX009521,1999,insufficient_funds,netbanking,education,6,2,3,23,25,382,2381.96,0.839,0.75,0.08696,20.79,0
PX009522,9999,expired_card,card,ecommerce,13,0,3,46,58,673,8713.0,1.148,1.0,0.0,6.55,1
PX009523,1499,mandate_expired,wallet,saas,5,2,3,22,50,268,2024.9,0.74,0.714,0.09091,33.77,0
PX009524,2499,bank_timeout,wallet,saas,9,2,2,32,7,244,3495.05,0.715,0.818,0.0625,37.42,1
PX009525,19999,bank_timeout,wallet,media,11,2,1,23,55,201,15762.25,1.269,0.846,0.08696,17.49,1
PX009526,9999,mandate_expired,netbanking,media,10,3,0,39,23,409,7584.47,1.318,0.769,0.07692,42.44,0
PX009527,999,suspicious_reversal,upi,ecommerce,10,0,0,37,57,41,643.51,1.552,1.0,0.0,36.05,0
PX009528,19999,mandate_expired,card,media,8,0,1,23,8,176,19903.18,1.005,1.0,0.0,21.68,1
PX009529,1999,insufficient_funds,wallet,media,10,1,1,44,31,230,1238.55,1.614,0.909,0.02273,20.25,0
PX009530,2499,bank_timeout,wallet,saas,9,2,3,23,37,519,3070.65,0.814,0.818,0.08696,45.28,1
PX009531,499,suspicious_reversal,netbanking,ecommerce,3,2,1,26,43,621,658.81,0.757,0.6,0.07692,27.22,0
PX009532,4999,suspicious_reversal,upi,saas,7,2,1,39,21,301,4218.77,1.185,0.778,0.05128,29.78,0
PX009533,19999,mandate_expired,card,subscription,11,3,3,25,52,180,21097.96,0.948,0.786,0.12,43.96,0
PX009534,4999,insufficient_funds,wallet,subscription,6,3,1,10,31,85,6501.35,0.769,0.667,0.3,34.47,1
PX009535,4999,expired_card,wallet,saas,10,1,2,11,13,527,5080.69,0.984,0.909,0.09091,20.36,1
PX009536,19999,suspicious_reversal,card,saas,8,0,0,40,46,379,20273.71,0.986,1.0,0.0,16.07,0
PX009537,499,insufficient_funds,netbanking,media,10,3,0,28,23,495,414.28,1.204,0.769,0.10714,39.24,0
PX009538,4999,insufficient_funds,wallet,media,10,2,0,56,28,705,6443.76,0.776,0.833,0.03571,7.42,1
PX009539,1999,expired_card,card,ecommerce,8,2,0,60,16,466,1781.27,1.122,0.8,0.03333,18.29,0
PX009540,999,bank_timeout,upi,media,9,1,2,34,23,516,882.76,1.132,0.9,0.02941,16.88,1
PX009541,1499,insufficient_funds,netbanking,ecommerce,10,1,1,41,15,525,1992.47,0.752,0.909,0.02439,4.0,0
PX009542,1499,insufficient_funds,card,subscription,5,0,0,40,26,294,1007.72,1.488,1.0,0.0,46.09,1
PX009543,999,bank_timeout,wallet,subscription,9,2,0,26,32,671,1111.92,0.898,0.818,0.07692,31.31,1
PX009544,2499,expired_card,netbanking,saas,5,1,0,20,45,33,2933.14,0.852,0.833,0.05,37.38,1
PX009545,1999,mandate_expired,wallet,saas,12,4,2,20,36,172,1799.99,1.111,0.75,0.2,9.74,1
PX009546,2499,expired_card,card,media,10,2,1,55,55,181,3446.52,0.725,0.833,0.03636,3.2,0
PX009547,9999,mandate_expired,netbanking,ecommerce,4,2,2,4,35,207,8502.31,1.176,0.667,0.5,40.62,1
PX009548,9999,suspicious_reversal,netbanking,saas,10,3,0,48,11,313,10368.5,0.964,0.769,0.0625,40.21,0
PX009549,1999,expired_card,wallet,ecommerce,7,1,0,37,41,537,2177.54,0.918,0.875,0.02703,19.33,0
PX009550,499,suspicious_reversal,wallet,education,13,1,1,51,42,419,398.5,1.252,0.929,0.01961,29.57,0
PX009551,999,expired_card,upi,saas,4,1,2,40,33,300,742.26,1.346,0.8,0.025,29.07,0
PX009552,999,suspicious_reversal,card,saas,6,2,3,3,50,199,691.38,1.445,0.75,0.66667,18.24,0
PX009553,4999,mandate_expired,upi,media,8,1,1,25,15,584,3855.02,1.297,0.889,0.04,20.88,1
PX009554,2499,bank_timeout,upi,ecommerce,5,5,2,41,11,685,1552.78,1.609,0.5,0.12195,1.46,1
PX009555,499,expired_card,netbanking,ecommerce,16,4,3,60,17,356,424.51,1.175,0.8,0.06667,7.13,0
PX009556,499,insufficient_funds,wallet,subscription,8,2,0,21,52,605,685.34,0.728,0.8,0.09524,2.44,1
PX009557,4999,bank_timeout,card,media,12,0,2,58,33,605,6498.03,0.769,1.0,0.0,26.12,1
PX009558,499,suspicious_reversal,upi,education,12,4,0,53,54,303,517.16,0.965,0.75,0.07547,39.78,0
PX009559,999,suspicious_reversal,netbanking,media,6,0,2,13,49,351,1222.48,0.817,1.0,0.0,33.26,1
PX009560,19999,suspicious_reversal,card,media,10,0,2,30,57,55,15935.28,1.255,1.0,0.0,13.85,0
PX009561,999,suspicious_reversal,card,subscription,8,1,2,51,19,185,1225.98,0.815,0.889,0.01961,5.32,0
PX009562,499,suspicious_reversal,card,subscription,8,2,1,34,27,175,406.87,1.226,0.8,0.05882,28.24,1
PX009563,4999,suspicious_reversal,netbanking,media,11,1,1,58,19,630,3764.89,1.328,0.917,0.01724,6.59,0
PX009564,19999,suspicious_reversal,upi,saas,5,0,2,26,10,273,23056.66,0.867,1.0,0.0,30.95,0
PX009565,19999,expired_card,card,ecommerce,5,1,0,26,48,165,16194.12,1.235,0.833,0.03846,42.62,1
PX009566,499,bank_timeout,card,ecommerce,6,1,0,30,8,255,327.26,1.525,0.857,0.03333,22.67,1
PX009567,4999,expired_card,wallet,subscription,11,4,2,4,6,396,3601.67,1.388,0.733,1.0,3.53,0
PX009568,4999,suspicious_reversal,netbanking,saas,9,1,3,27,45,5,3107.39,1.609,0.9,0.03704,20.02,0
PX009569,4999,suspicious_reversal,card,subscription,8,2,0,57,9,22,6947.25,0.72,0.8,0.03509,5.22,1
PX009570,9999,insufficient_funds,upi,subscription,11,1,2,57,7,622,13345.11,0.749,0.917,0.01754,20.77,0
PX009571,499,mandate_expired,wallet,subscription,5,1,1,15,12,51,446.5,1.118,0.833,0.06667,32.51,1
PX009572,19999,suspicious_reversal,netbanking,ecommerce,12,2,2,6,24,310,12391.09,1.614,0.857,0.33333,44.66,0
PX009573,9999,expired_card,card,education,10,2,2,37,29,578,8500.54,1.176,0.833,0.05405,29.21,0
PX009574,2499,bank_timeout,netbanking,education,13,0,3,8,26,23,2499.66,1.0,1.0,0.0,1.65,1
PX009575,499,expired_card,netbanking,ecommerce,6,3,3,29,58,577,626.11,0.797,0.667,0.10345,16.12,1
PX009576,999,expired_card,wallet,media,10,5,1,34,22,548,1155.61,0.864,0.667,0.14706,22.73,0
PX009577,19999,suspicious_reversal,card,education,10,4,2,29,15,156,13452.58,1.487,0.714,0.13793,42.73,0
PX009578,499,bank_timeout,upi,education,12,2,2,27,56,395,639.3,0.781,0.857,0.07407,12.3,1
PX009579,499,suspicious_reversal,wallet,saas,9,0,2,46,41,168,365.38,1.366,1.0,0.0,14.64,0
PX009580,19999,suspicious_reversal,upi,saas,5,2,1,51,30,169,18255.7,1.095,0.714,0.03922,8.31,0
PX009581,499,mandate_expired,card,media,11,4,1,45,36,671,589.12,0.847,0.733,0.08889,26.55,1
PX009582,499,mandate_expired,netbanking,subscription,5,1,0,3,19,332,654.66,0.762,0.833,0.33333,5.87,1
PX009583,1499,insufficient_funds,netbanking,subscription,4,6,1,25,4,520,1662.56,0.902,0.4,0.24,42.24,0
PX009584,2499,expired_card,netbanking,media,10,2,0,20,31,113,2655.57,0.941,0.833,0.1,25.52,0
PX009585,4999,suspicious_reversal,upi,ecommerce,5,0,2,51,56,327,3804.9,1.314,1.0,0.0,21.03,0
PX009586,999,mandate_expired,card,subscription,9,4,3,27,55,449,1310.58,0.762,0.692,0.14815,26.28,0
PX009587,499,suspicious_reversal,wallet,media,6,2,0,49,32,625,405.23,1.231,0.75,0.04082,8.21,0
PX009588,999,expired_card,wallet,education,10,2,2,9,43,46,957.39,1.043,0.833,0.22222,11.19,0
PX009589,1499,insufficient_funds,wallet,ecommerce,4,1,0,35,54,172,1977.28,0.758,0.8,0.02857,45.21,1
PX009590,2499,mandate_expired,upi,education,9,1,1,48,56,61,1880.49,1.329,0.9,0.02083,36.68,1
PX009591,1999,mandate_expired,upi,saas,10,7,2,44,43,660,1898.84,1.053,0.588,0.15909,22.52,0
PX009592,499,suspicious_reversal,card,education,8,0,2,8,46,139,499.34,0.999,1.0,0.0,6.4,0
PX009593,1499,mandate_expired,card,education,5,1,3,6,9,401,2060.72,0.727,0.833,0.16667,30.36,0
PX009594,2499,mandate_expired,netbanking,media,4,4,3,15,21,694,2535.6,0.986,0.5,0.26667,35.01,0
PX009595,19999,insufficient_funds,wallet,media,8,3,2,40,33,505,22840.72,0.876,0.727,0.075,37.93,0
PX009596,19999,bank_timeout,netbanking,subscription,7,2,2,44,23,75,22693.94,0.881,0.778,0.04545,25.68,0
PX009597,2499,expired_card,wallet,media,7,1,2,58,46,129,2044.3,1.222,0.875,0.01724,14.52,0
PX009598,9999,bank_timeout,upi,ecommerce,4,2,2,44,6,707,6349.14,1.575,0.667,0.04545,35.81,1
PX009599,4999,insufficient_funds,card,subscription,6,1,3,16,51,492,6145.61,0.813,0.857,0.0625,25.99,0
PX009600,1499,expired_card,card,media,12,4,3,2,49,111,1239.19,1.21,0.75,2.0,47.46,1
PX009601,1499,insufficient_funds,wallet,subscription,4,0,2,38,14,411,1409.43,1.064,1.0,0.0,44.12,0
PX009602,1999,insufficient_funds,upi,saas,13,2,1,26,8,2,2688.32,0.744,0.867,0.07692,5.2,1
PX009603,2499,insufficient_funds,upi,subscription,3,1,0,2,17,440,2873.89,0.87,0.75,0.5,19.01,1
PX009604,1499,bank_timeout,wallet,education,5,1,2,13,20,325,1868.29,0.802,0.833,0.07692,9.89,0
PX009605,2499,expired_card,netbanking,saas,8,3,2,41,24,689,3140.91,0.796,0.727,0.07317,32.13,0
PX009606,4999,bank_timeout,card,education,9,0,0,53,17,208,4381.56,1.141,1.0,0.0,23.73,1
PX009607,19999,expired_card,upi,education,3,0,0,14,7,702,19625.11,1.019,1.0,0.0,36.91,1
PX009608,2499,expired_card,upi,saas,8,2,2,15,50,633,3032.73,0.824,0.8,0.13333,3.03,1
PX009609,1999,suspicious_reversal,netbanking,saas,6,2,2,32,36,682,1702.46,1.174,0.75,0.0625,29.5,0
PX009610,4999,expired_card,netbanking,subscription,12,1,3,52,2,205,5157.89,0.969,0.923,0.01923,5.01,0
PX009611,19999,suspicious_reversal,netbanking,media,11,1,1,33,47,48,21658.82,0.923,0.917,0.0303,8.5,1
PX009612,499,suspicious_reversal,wallet,subscription,3,1,0,60,38,367,523.94,0.952,0.75,0.01667,29.22,1
PX009613,499,suspicious_reversal,netbanking,education,5,3,0,35,53,568,676.14,0.738,0.625,0.08571,15.09,0
PX009614,1999,suspicious_reversal,card,education,5,3,1,41,19,324,1352.47,1.478,0.625,0.07317,29.89,0
PX009615,4999,insufficient_funds,card,media,4,5,0,53,11,306,6961.77,0.718,0.444,0.09434,4.79,1
PX009616,1999,mandate_expired,upi,saas,7,1,1,21,60,114,2691.82,0.743,0.875,0.04762,34.31,1
PX009617,1999,suspicious_reversal,wallet,saas,6,4,2,7,31,191,2405.33,0.831,0.6,0.57143,31.9,0
PX009618,499,insufficient_funds,upi,saas,12,4,1,25,17,274,537.04,0.929,0.75,0.16,24.69,0
PX009619,19999,suspicious_reversal,upi,education,10,3,0,10,9,199,22609.44,0.885,0.769,0.3,13.81,0
PX009620,499,mandate_expired,card,saas,5,2,1,37,48,587,349.43,1.428,0.714,0.05405,15.28,1
PX009621,9999,suspicious_reversal,card,saas,9,1,1,19,10,213,8080.04,1.237,0.9,0.05263,24.69,1
PX009622,499,mandate_expired,netbanking,education,7,0,0,7,38,705,380.79,1.31,1.0,0.0,15.76,0
PX009623,9999,bank_timeout,wallet,subscription,6,1,3,19,49,379,7160.88,1.396,0.857,0.05263,11.36,1
PX009624,1499,expired_card,wallet,ecommerce,5,0,1,33,22,724,1487.32,1.008,1.0,0.0,14.06,0
PX009625,1999,bank_timeout,upi,education,5,1,2,3,12,568,2328.61,0.858,0.833,0.33333,13.89,1
PX009626,999,expired_card,wallet,media,6,2,1,17,15,278,657.14,1.52,0.75,0.11765,10.67,0
PX009627,4999,expired_card,wallet,saas,8,7,1,6,31,515,4012.67,1.246,0.533,1.16667,3.11,0
PX009628,1999,bank_timeout,upi,subscription,4,2,2,40,47,402,2293.81,0.871,0.667,0.05,47.46,1
PX009629,1499,expired_card,netbanking,ecommerce,8,0,2,57,58,26,1066.95,1.405,1.0,0.0,1.81,0
PX009630,1499,suspicious_reversal,netbanking,education,5,6,1,15,14,448,2061.35,0.727,0.455,0.4,19.38,0
PX009631,1499,expired_card,upi,saas,8,3,2,34,22,353,1053.15,1.423,0.727,0.08824,36.24,1
PX009632,2499,mandate_expired,upi,education,9,1,1,17,35,580,3083.85,0.81,0.9,0.05882,8.74,0
PX009633,499,insufficient_funds,wallet,ecommerce,14,2,1,40,9,406,565.66,0.882,0.875,0.05,29.85,1
PX009634,499,expired_card,wallet,ecommerce,9,0,2,36,31,682,499.85,0.998,1.0,0.0,23.95,1
PX009635,9999,mandate_expired,upi,education,7,3,1,7,40,342,8193.78,1.22,0.7,0.42857,2.06,0
PX009636,9999,insufficient_funds,upi,saas,13,1,3,46,31,149,9711.16,1.03,0.929,0.02174,36.52,0
PX009637,19999,suspicious_reversal,upi,saas,13,1,1,3,26,367,15763.76,1.269,0.929,0.33333,0.51,0
PX009638,19999,expired_card,netbanking,media,8,2,0,56,41,670,24191.05,0.827,0.8,0.03571,46.44,0
PX009639,499,suspicious_reversal,card,subscription,8,1,0,11,26,499,401.69,1.242,0.889,0.09091,41.98,0
PX009640,499,bank_timeout,wallet,education,6,2,1,7,23,692,612.71,0.814,0.75,0.28571,46.38,1
PX009641,499,suspicious_reversal,upi,media,15,0,1,48,53,102,411.64,1.212,1.0,0.0,11.65,0
PX009642,19999,suspicious_reversal,upi,education,8,4,2,44,60,505,26053.07,0.768,0.667,0.09091,32.95,1
PX009643,4999,expired_card,netbanking,subscription,6,1,3,17,26,723,3180.27,1.572,0.857,0.05882,14.75,0
PX009644,499,suspicious_reversal,wallet,subscription,5,1,3,34,5,720,552.51,0.903,0.833,0.02941,28.77,0
PX009645,2499,bank_timeout,upi,media,9,1,0,16,48,42,1825.33,1.369,0.9,0.0625,21.75,1
PX009646,499,mandate_expired,card,subscription,5,1,1,29,18,625,448.31,1.113,0.833,0.03448,16.81,1
PX009647,4999,mandate_expired,wallet,ecommerce,4,3,3,43,19,300,6935.4,0.721,0.571,0.06977,36.6,1
PX009648,1499,expired_card,netbanking,education,7,2,2,3,34,277,974.98,1.537,0.778,0.66667,21.22,1
PX009649,999,suspicious_reversal,netbanking,subscription,8,2,3,24,29,591,942.53,1.06,0.8,0.08333,22.71,0
PX009650,999,mandate_expired,netbanking,subscription,5,4,0,25,45,585,1356.56,0.736,0.556,0.16,7.21,1
PX009651,999,mandate_expired,wallet,education,9,3,1,54,5,108,967.9,1.032,0.75,0.05556,29.11,0
PX009652,2499,expired_card,wallet,media,7,6,2,12,24,469,2736.8,0.913,0.538,0.5,27.98,0
PX009653,19999,bank_timeout,upi,ecommerce,7,0,2,54,3,141,23530.12,0.85,1.0,0.0,37.16,1
PX009654,9999,mandate_expired,netbanking,education,9,1,2,32,4,515,6073.47,1.646,0.9,0.03125,15.57,0
PX009655,499,bank_timeout,netbanking,saas,12,4,0,59,48,720,646.43,0.772,0.75,0.0678,8.89,1
PX009656,9999,insufficient_funds,wallet,education,9,3,0,7,30,345,8573.09,1.166,0.75,0.42857,5.28,1
PX009657,1499,expired_card,card,subscription,6,1,3,55,46,495,956.39,1.567,0.857,0.01818,33.21,1
PX009658,2499,mandate_expired,upi,saas,6,5,3,54,20,216,3199.25,0.781,0.545,0.09259,17.57,0
PX009659,19999,suspicious_reversal,card,ecommerce,10,1,1,24,57,65,22745.87,0.879,0.909,0.04167,13.46,0
PX009660,4999,expired_card,netbanking,subscription,7,2,1,44,43,594,6193.78,0.807,0.778,0.04545,9.15,0
PX009661,1499,suspicious_reversal,upi,education,6,3,0,37,6,272,937.8,1.598,0.667,0.08108,45.17,1
PX009662,1499,bank_timeout,wallet,ecommerce,7,2,0,7,29,58,1390.09,1.078,0.778,0.28571,37.93,1
PX009663,9999,insufficient_funds,upi,saas,5,3,2,34,28,604,11216.19,0.891,0.625,0.08824,28.52,1
PX009664,4999,bank_timeout,netbanking,education,9,3,1,40,55,407,3305.82,1.512,0.75,0.075,16.09,0
PX009665,2499,suspicious_reversal,card,media,8,2,1,5,35,364,2397.83,1.042,0.8,0.4,25.77,0
PX009666,19999,suspicious_reversal,wallet,subscription,6,3,1,11,39,569,22411.48,0.892,0.667,0.27273,34.4,0
PX009667,19999,mandate_expired,netbanking,subscription,11,1,1,20,40,53,26038.55,0.768,0.917,0.05,35.86,0
PX009668,999,bank_timeout,wallet,subscription,10,4,1,60,43,158,1170.57,0.853,0.714,0.06667,40.18,0
PX009669,1999,suspicious_reversal,wallet,ecommerce,10,5,0,2,19,540,1638.16,1.22,0.667,2.5,30.32,1
PX009670,499,expired_card,upi,education,9,2,2,44,1,225,545.62,0.915,0.818,0.04545,21.52,0
PX009671,4999,suspicious_reversal,upi,education,8,5,3,48,24,464,5100.24,0.98,0.615,0.10417,17.1,0
PX009672,9999,mandate_expired,wallet,ecommerce,10,1,2,32,43,500,9586.42,1.043,0.909,0.03125,5.23,0
PX009673,19999,insufficient_funds,card,education,8,1,0,9,25,508,19503.27,1.025,0.889,0.11111,8.19,0
PX009674,999,insufficient_funds,upi,education,6,3,2,21,16,486,858.13,1.164,0.667,0.14286,31.15,0
PX009675,2499,bank_timeout,card,education,9,2,1,18,16,262,2303.86,1.085,0.818,0.11111,22.2,0
PX009676,1499,expired_card,card,subscription,4,2,1,14,29,427,1592.79,0.941,0.667,0.14286,1.64,1
PX009677,19999,bank_timeout,wallet,subscription,5,1,1,46,34,471,15169.69,1.318,0.833,0.02174,16.29,1
PX009678,1499,bank_timeout,wallet,ecommerce,5,3,3,42,33,38,1173.87,1.277,0.625,0.07143,2.28,1
PX009679,19999,suspicious_reversal,netbanking,saas,7,2,3,58,9,165,12167.23,1.644,0.778,0.03448,14.12,0
PX009680,4999,expired_card,wallet,saas,9,4,0,13,35,505,4427.53,1.129,0.692,0.30769,4.2,1
PX009681,1999,insufficient_funds,wallet,saas,9,2,2,55,9,96,1520.31,1.315,0.818,0.03636,39.96,0
PX009682,999,bank_timeout,upi,saas,11,2,3,24,23,463,1060.49,0.942,0.846,0.08333,26.92,1
PX009683,19999,mandate_expired,upi,subscription,8,1,0,12,46,180,24758.12,0.808,0.889,0.08333,21.39,1
PX009684,4999,insufficient_funds,upi,media,19,4,2,6,56,612,5915.84,0.845,0.826,0.66667,8.24,1
PX009685,9999,mandate_expired,wallet,education,5,7,2,58,27,704,11365.3,0.88,0.417,0.12069,26.72,1
PX009686,9999,insufficient_funds,wallet,ecommerce,6,1,3,23,48,712,11795.84,0.848,0.857,0.04348,10.54,1
PX009687,4999,insufficient_funds,card,media,8,1,1,15,42,98,3534.08,1.415,0.889,0.06667,9.48,1
PX009688,999,expired_card,wallet,education,8,0,1,1,12,89,876.57,1.14,1.0,0.0,17.92,1
PX009689,499,bank_timeout,netbanking,education,7,2,2,12,2,373,467.22,1.068,0.778,0.16667,35.99,1
PX009690,999,suspicious_reversal,card,ecommerce,8,0,3,32,22,453,1345.7,0.742,1.0,0.0,35.85,0
PX009691,999,insufficient_funds,netbanking,education,11,1,1,45,41,629,652.54,1.531,0.917,0.02222,31.7,1
PX009692,1999,bank_timeout,wallet,subscription,8,1,3,8,52,505,1820.43,1.098,0.889,0.125,46.95,1
PX009693,1999,expired_card,netbanking,ecommerce,12,3,1,11,48,412,1951.03,1.025,0.8,0.27273,32.35,1
PX009694,1499,bank_timeout,wallet,subscription,5,1,3,13,36,508,1013.56,1.479,0.833,0.07692,31.52,0
PX009695,1999,insufficient_funds,wallet,education,6,1,1,46,34,160,2264.57,0.883,0.857,0.02174,0.94,1
PX009696,19999,mandate_expired,wallet,subscription,5,2,3,46,52,318,24297.43,0.823,0.714,0.04348,23.77,0
PX009697,1999,insufficient_funds,wallet,subscription,5,6,0,2,20,352,2574.07,0.777,0.455,3.0,23.55,0
PX009698,4999,expired_card,netbanking,media,5,1,0,17,20,484,6361.86,0.786,0.833,0.05882,15.52,0
PX009699,4999,insufficient_funds,wallet,saas,8,1,0,27,39,53,4188.68,1.193,0.889,0.03704,11.69,1
PX009700,2499,mandate_expired,netbanking,media,7,3,1,8,32,153,2957.21,0.845,0.7,0.375,47.6,0
PX009701,9999,bank_timeout,upi,ecommerce,7,1,2,19,48,550,11959.44,0.836,0.875,0.05263,8.09,1
PX009702,19999,bank_timeout,card,ecommerce,5,2,1,48,29,564,25949.9,0.771,0.714,0.04167,20.94,0
PX009703,999,mandate_expired,wallet,ecommerce,8,2,2,55,44,427,1066.66,0.937,0.8,0.03636,2.29,1
PX009704,9999,insufficient_funds,upi,subscription,12,3,0,55,49,629,6155.81,1.624,0.8,0.05455,5.32,1
PX009705,19999,bank_timeout,wallet,saas,10,2,1,58,54,466,21232.71,0.942,0.833,0.03448,37.74,1
PX009706,4999,mandate_expired,wallet,media,6,1,3,40,18,383,6113.86,0.818,0.857,0.025,22.07,1
PX009707,9999,suspicious_reversal,upi,saas,8,2,0,27,42,425,7265.83,1.376,0.8,0.07407,39.2,0
PX009708,1499,mandate_expired,wallet,subscription,9,0,3,24,46,32,1036.43,1.446,1.0,0.0,36.27,0
PX009709,9999,suspicious_reversal,upi,media,10,0,2,35,30,100,10549.15,0.948,1.0,0.0,16.88,1
PX009710,999,insufficient_funds,upi,subscription,9,3,2,46,24,324,977.67,1.022,0.75,0.06522,8.55,1
PX009711,19999,suspicious_reversal,upi,saas,12,1,2,46,9,211,27921.86,0.716,0.923,0.02174,26.61,0
PX009712,19999,suspicious_reversal,netbanking,media,10,2,2,8,14,688,24883.27,0.804,0.833,0.25,25.41,0
PX009713,1499,mandate_expired,upi,education,10,2,3,53,42,542,1027.34,1.459,0.833,0.03774,24.26,1
PX009714,499,insufficient_funds,card,subscription,7,3,1,27,2,212,352.82,1.414,0.7,0.11111,45.39,1
PX009715,1499,bank_timeout,netbanking,ecommerce,6,2,3,41,18,240,2047.08,0.732,0.75,0.04878,1.03,0
PX009716,2499,mandate_expired,wallet,subscription,9,1,0,40,23,139,2817.19,0.887,0.9,0.025,43.48,0
PX009717,19999,insufficient_funds,card,subscription,7,1,1,9,31,343,23767.2,0.841,0.875,0.11111,11.74,0
PX009718,4999,suspicious_reversal,card,ecommerce,9,0,2,31,4,476,6170.66,0.81,1.0,0.0,3.84,0
PX009719,1999,suspicious_reversal,card,subscription,5,2,3,17,37,219,2316.15,0.863,0.714,0.11765,26.2,0
PX009720,2499,bank_timeout,wallet,media,11,2,0,59,32,373,1754.68,1.424,0.846,0.0339,45.17,1
PX009721,4999,expired_card,wallet,subscription,3,1,3,44,1,602,3452.15,1.448,0.75,0.02273,0.52,0
PX009722,19999,bank_timeout,card,media,7,2,0,45,27,382,17320.68,1.155,0.778,0.04444,22.26,1
PX009723,9999,expired_card,wallet,media,5,2,0,12,34,4,13155.19,0.76,0.714,0.16667,36.06,1
PX009724,999,expired_card,card,ecommerce,7,2,1,1,21,247,915.67,1.091,0.778,2.0,20.89,0
PX009725,1499,expired_card,netbanking,saas,7,3,1,9,58,237,1091.89,1.373,0.7,0.33333,37.22,1
PX009726,1499,insufficient_funds,upi,media,4,2,1,2,40,261,926.52,1.618,0.667,1.0,41.35,0
PX009727,499,bank_timeout,netbanking,subscription,4,2,3,5,59,269,680.68,0.733,0.667,0.4,38.83,1
PX009728,2499,suspicious_reversal,card,ecommerce,8,5,2,41,4,503,2729.11,0.916,0.615,0.12195,46.39,0
PX009729,19999,insufficient_funds,card,ecommerce,5,1,0,10,24,506,22020.86,0.908,0.833,0.1,14.72,0
PX009730,9999,bank_timeout,card,saas,5,0,1,50,36,375,7570.03,1.321,1.0,0.0,39.74,1
PX009731,4999,bank_timeout,card,media,6,1,0,8,50,444,5350.24,0.934,0.857,0.125,14.23,1
PX009732,499,insufficient_funds,card,saas,7,1,3,44,56,386,668.49,0.746,0.875,0.02273,23.35,0
PX009733,999,mandate_expired,card,media,8,0,1,20,27,336,999.09,1.0,1.0,0.0,28.72,1
PX009734,1499,insufficient_funds,wallet,media,10,2,3,15,12,450,1927.89,0.778,0.833,0.13333,5.15,0
PX009735,4999,expired_card,upi,saas,9,2,2,2,7,14,4221.3,1.184,0.818,1.0,15.42,0
PX009736,19999,mandate_expired,upi,ecommerce,12,1,2,49,26,461,21262.72,0.941,0.923,0.02041,12.15,0
PX009737,2499,mandate_expired,card,education,10,1,0,5,34,670,1915.99,1.304,0.909,0.2,33.1,1
PX009738,1999,bank_timeout,netbanking,media,9,6,2,38,17,313,2065.98,0.968,0.6,0.15789,9.59,1
PX009739,4999,insufficient_funds,card,education,12,3,1,22,21,579,3247.01,1.54,0.8,0.13636,11.22,0
PX009740,4999,bank_timeout,upi,media,6,3,3,14,48,682,3527.42,1.417,0.667,0.21429,5.32,1
PX009741,1499,expired_card,wallet,media,4,5,3,45,2,308,1456.76,1.029,0.444,0.11111,7.11,0
PX009742,19999,expired_card,wallet,education,6,3,1,51,59,534,23351.39,0.856,0.667,0.05882,44.32,0
PX009743,999,mandate_expired,card,saas,8,1,2,54,10,258,934.43,1.069,0.889,0.01852,43.29,0
PX009744,4999,suspicious_reversal,card,education,5,3,1,26,26,493,5202.1,0.961,0.625,0.11538,47.32,0
PX009745,2499,bank_timeout,card,media,11,2,2,42,17,170,1987.37,1.257,0.846,0.04762,11.05,1
PX009746,4999,insufficient_funds,upi,subscription,11,4,1,19,58,172,4028.44,1.241,0.733,0.21053,13.91,1
PX009747,499,insufficient_funds,netbanking,education,9,4,3,36,5,258,624.54,0.799,0.692,0.11111,42.2,0
PX009748,9999,bank_timeout,upi,media,6,0,0,52,16,121,9303.06,1.075,1.0,0.0,35.18,1
PX009749,1999,suspicious_reversal,wallet,saas,6,1,2,2,9,653,2454.79,0.814,0.857,0.5,16.48,1
PX009750,499,insufficient_funds,wallet,ecommerce,9,3,3,52,7,574,658.83,0.757,0.75,0.05769,6.03,0
PX009751,1499,insufficient_funds,card,ecommerce,12,0,3,24,6,197,1048.95,1.429,1.0,0.0,42.74,0
PX009752,2499,suspicious_reversal,card,saas,3,5,2,55,36,183,1797.65,1.39,0.375,0.09091,12.09,0
PX009753,19999,mandate_expired,wallet,subscription,11,2,1,51,36,533,21500.91,0.93,0.846,0.03922,24.07,1
PX009754,499,mandate_expired,netbanking,education,9,3,2,57,49,173,339.97,1.468,0.75,0.05263,38.79,1
PX009755,1999,bank_timeout,upi,subscription,7,1,0,56,49,107,2158.52,0.926,0.875,0.01786,12.77,1
PX009756,2499,bank_timeout,netbanking,ecommerce,9,3,2,38,52,158,1765.85,1.415,0.75,0.07895,46.23,1
PX009757,1999,expired_card,netbanking,subscription,8,3,3,44,1,123,1878.22,1.064,0.727,0.06818,39.89,0
PX009758,9999,suspicious_reversal,netbanking,media,3,2,1,34,53,109,8260.98,1.21,0.6,0.05882,2.68,0
PX009759,1499,expired_card,netbanking,media,7,5,0,23,57,449,1530.5,0.979,0.583,0.21739,8.44,0
PX009760,499,suspicious_reversal,upi,education,6,2,3,34,20,727,498.55,1.001,0.75,0.05882,47.15,0
PX009761,499,expired_card,upi,subscription,11,2,2,11,3,709,356.95,1.398,0.846,0.18182,9.8,0
PX009762,9999,insufficient_funds,netbanking,education,8,0,0,51,6,232,9642.4,1.037,1.0,0.0,30.87,0
PX009763,1999,bank_timeout,card,saas,11,1,2,31,28,564,1416.09,1.412,0.917,0.03226,28.6,1
PX009764,499,bank_timeout,upi,subscription,6,0,2,14,16,162,625.64,0.798,1.0,0.0,23.08,1
PX009765,499,expired_card,netbanking,saas,5,3,1,21,24,410,461.09,1.082,0.625,0.14286,4.95,0
PX009766,19999,bank_timeout,card,ecommerce,11,2,3,16,18,17,24302.36,0.823,0.846,0.125,16.72,1
PX009767,2499,insufficient_funds,card,subscription,7,3,0,47,16,358,1704.88,1.466,0.7,0.06383,12.02,1
PX009768,9999,expired_card,card,subscription,6,6,3,54,11,635,9790.85,1.021,0.5,0.11111,32.47,0
PX009769,4999,mandate_expired,card,media,6,5,0,55,31,697,6819.52,0.733,0.545,0.09091,30.41,0
PX009770,999,insufficient_funds,upi,ecommerce,9,1,2,6,21,512,1194.66,0.836,0.9,0.16667,40.64,1
PX009771,4999,suspicious_reversal,wallet,media,8,2,0,41,58,192,6387.71,0.783,0.8,0.04878,38.83,0
PX009772,2499,insufficient_funds,wallet,media,8,2,2,58,36,457,1650.89,1.514,0.8,0.03448,0.96,0
PX009773,9999,mandate_expired,wallet,ecommerce,5,0,3,31,40,351,11880.33,0.842,1.0,0.0,18.02,1
PX009774,2499,insufficient_funds,upi,ecommerce,5,3,2,42,3,341,2871.67,0.87,0.625,0.07143,28.85,0
PX009775,1499,insufficient_funds,card,ecommerce,6,4,1,19,34,486,1611.39,0.93,0.6,0.21053,3.89,0
PX009776,9999,bank_timeout,upi,ecommerce,9,2,3,5,22,580,13092.38,0.764,0.818,0.4,47.19,0
PX009777,1999,insufficient_funds,upi,saas,8,1,1,1,50,606,2076.87,0.963,0.889,1.0,36.01,1
PX009778,9999,bank_timeout,upi,saas,9,3,2,13,41,398,10556.11,0.947,0.75,0.23077,16.22,1
PX009779,999,expired_card,card,media,10,2,2,36,25,177,618.97,1.614,0.833,0.05556,24.9,0
PX009780,1999,mandate_expired,wallet,saas,4,1,2,56,39,269,2736.52,0.73,0.8,0.01786,14.08,0
PX009781,499,expired_card,netbanking,education,5,3,2,40,38,11,589.26,0.847,0.625,0.075,40.82,0
PX009782,1499,expired_card,card,saas,10,1,2,13,5,514,1703.34,0.88,0.909,0.07692,20.02,0
PX009783,999,insufficient_funds,upi,saas,7,2,3,7,44,468,956.87,1.044,0.778,0.28571,46.93,1
PX009784,2499,mandate_expired,wallet,media,9,2,0,59,30,279,2759.53,0.906,0.818,0.0339,32.02,1
PX009785,1999,expired_card,upi,subscription,6,0,1,19,23,259,1976.09,1.012,1.0,0.0,8.89,0
PX009786,4999,expired_card,netbanking,education,8,2,0,47,27,337,5227.61,0.956,0.8,0.04255,6.5,0
PX009787,1999,expired_card,netbanking,saas,14,1,2,15,31,118,1644.87,1.215,0.933,0.06667,28.74,1
PX009788,9999,bank_timeout,card,media,8,0,0,10,50,315,7784.68,1.284,1.0,0.0,34.39,1
PX009789,499,suspicious_reversal,upi,education,6,0,3,9,14,181,665.13,0.75,1.0,0.0,11.63,0
PX009790,1999,expired_card,netbanking,ecommerce,7,3,3,14,38,211,1965.49,1.017,0.7,0.21429,39.53,0
PX009791,999,suspicious_reversal,netbanking,subscription,8,4,0,28,53,21,1238.96,0.806,0.667,0.14286,1.75,0
PX009792,1999,insufficient_funds,card,ecommerce,11,5,3,60,49,473,2795.77,0.715,0.688,0.08333,11.19,1
PX009793,1499,bank_timeout,upi,ecommerce,6,5,1,37,22,14,1873.14,0.8,0.545,0.13514,38.17,1
PX009794,999,bank_timeout,netbanking,ecommerce,4,1,3,49,25,450,815.81,1.225,0.8,0.02041,47.68,0
PX009795,1999,insufficient_funds,card,subscription,6,4,3,56,37,729,2768.73,0.722,0.6,0.07143,7.13,1
PX009796,1999,mandate_expired,upi,saas,8,0,2,44,2,117,2791.77,0.716,1.0,0.0,13.15,0
PX009797,19999,insufficient_funds,card,saas,9,2,2,34,30,446,22593.17,0.885,0.818,0.05882,15.05,1
PX009798,9999,expired_card,netbanking,subscription,8,2,1,13,44,42,10145.45,0.986,0.8,0.15385,18.67,0
PX009799,1499,insufficient_funds,netbanking,education,7,2,1,7,4,491,1677.23,0.894,0.778,0.28571,14.31,0
PX009800,2499,insufficient_funds,card,media,10,5,3,51,16,434,2364.08,1.057,0.667,0.09804,26.32,0
PX009801,4999,expired_card,upi,saas,9,3,0,23,13,291,4371.85,1.143,0.75,0.13043,1.91,0
PX009802,9999,expired_card,card,media,8,2,1,28,49,378,13854.62,0.722,0.8,0.07143,27.23,1
PX009803,2499,bank_timeout,wallet,saas,7,1,0,4,22,200,3268.35,0.765,0.875,0.25,9.85,1
PX009804,9999,expired_card,wallet,saas,11,1,1,3,27,468,6254.72,1.599,0.917,0.33333,32.8,0
PX009805,999,bank_timeout,netbanking,education,7,7,0,21,12,494,868.97,1.15,0.5,0.33333,29.01,1
PX009806,1999,bank_timeout,netbanking,media,3,1,3,49,39,202,1948.74,1.026,0.75,0.02041,12.19,1
PX009807,4999,mandate_expired,card,subscription,5,2,3,40,43,370,4525.11,1.105,0.714,0.05,40.42,1
PX009808,1999,mandate_expired,netbanking,media,4,1,0,53,43,514,1900.02,1.052,0.8,0.01887,47.7,0
PX009809,2499,expired_card,wallet,ecommerce,6,4,3,38,45,705,1605.51,1.557,0.6,0.10526,27.3,1
PX009810,9999,insufficient_funds,wallet,saas,8,4,3,19,10,303,8240.23,1.213,0.667,0.21053,16.91,0
PX009811,499,bank_timeout,netbanking,ecommerce,6,1,2,8,27,432,684.45,0.729,0.857,0.125,29.69,1
PX009812,499,insufficient_funds,card,media,9,2,2,4,40,438,578.34,0.863,0.818,0.5,37.14,1
PX009813,999,mandate_expired,wallet,subscription,7,1,0,43,13,617,762.42,1.31,0.875,0.02326,38.99,1
PX009814,499,mandate_expired,netbanking,media,4,0,1,52,59,158,319.47,1.562,1.0,0.0,19.04,0
PX009815,1499,expired_card,card,education,10,4,2,54,9,498,1050.2,1.427,0.714,0.07407,22.85,1
PX009816,1999,suspicious_reversal,wallet,subscription,5,2,0,60,54,303,1324.6,1.509,0.714,0.03333,8.46,1
PX009817,9999,mandate_expired,card,media,10,4,2,53,10,714,10602.28,0.943,0.714,0.07547,44.09,0
PX009818,499,suspicious_reversal,card,ecommerce,8,2,2,25,2,151,457.04,1.092,0.8,0.08,25.09,0
PX009819,2499,bank_timeout,wallet,saas,5,2,1,20,54,288,2327.05,1.074,0.714,0.1,35.38,1
PX009820,1499,suspicious_reversal,upi,subscription,14,1,3,5,18,570,1347.75,1.112,0.933,0.2,1.84,0
PX009821,999,insufficient_funds,upi,saas,7,3,2,15,4,125,1065.4,0.938,0.7,0.2,11.09,0
PX009822,2499,expired_card,card,saas,9,0,2,1,35,537,1746.91,1.431,1.0,0.0,30.69,0
PX009823,499,bank_timeout,upi,saas,6,2,0,10,23,331,643.27,0.776,0.75,0.2,12.17,1
PX009824,499,bank_timeout,wallet,education,10,2,2,22,6,721,505.51,0.987,0.833,0.09091,33.18,1
PX009825,2499,suspicious_reversal,wallet,media,8,2,1,38,49,340,1575.04,1.587,0.8,0.05263,40.93,0
PX009826,2499,insufficient_funds,netbanking,saas,9,2,1,26,52,637,1982.9,1.26,0.818,0.07692,42.37,0
PX009827,499,insufficient_funds,wallet,media,7,2,3,14,48,320,314.77,1.585,0.778,0.14286,11.11,1
PX009828,9999,mandate_expired,netbanking,education,11,2,1,50,28,184,7342.64,1.362,0.846,0.04,8.66,0
PX009829,1999,insufficient_funds,card,media,6,0,1,19,32,232,1271.12,1.573,1.0,0.0,21.99,0
PX009830,19999,bank_timeout,upi,saas,11,2,3,9,2,393,22227.29,0.9,0.846,0.22222,42.86,1
PX009831,499,insufficient_funds,wallet,saas,10,2,1,48,38,594,414.77,1.203,0.833,0.04167,5.34,0
PX009832,1499,expired_card,wallet,education,7,0,1,48,39,592,2033.29,0.737,1.0,0.0,40.03,0
PX009833,999,bank_timeout,netbanking,media,6,1,1,52,13,122,1366.87,0.731,0.857,0.01923,33.44,1
PX009834,1999,bank_timeout,card,media,3,1,2,3,42,702,2259.72,0.885,0.75,0.33333,27.94,1
PX009835,2499,mandate_expired,upi,media,12,1,1,33,32,31,1612.45,1.55,0.923,0.0303,47.35,0
PX009836,9999,bank_timeout,wallet,education,6,4,2,58,31,392,8285.89,1.207,0.6,0.06897,31.06,1
PX009837,999,insufficient_funds,wallet,ecommerce,9,3,2,40,60,322,1306.45,0.765,0.75,0.075,38.72,1
PX009838,2499,bank_timeout,netbanking,education,6,3,3,31,11,90,2473.1,1.01,0.667,0.09677,17.35,1
PX009839,2499,mandate_expired,netbanking,subscription,6,1,2,3,34,445,3026.08,0.826,0.857,0.33333,33.44,0
PX009840,2499,suspicious_reversal,netbanking,education,10,4,1,38,53,703,1933.36,1.293,0.714,0.10526,42.21,0
PX009841,499,suspicious_reversal,upi,media,11,1,1,34,35,136,627.43,0.795,0.917,0.02941,7.53,0
PX009842,4999,mandate_expired,netbanking,education,5,3,1,57,54,728,3178.73,1.573,0.625,0.05263,25.36,0
PX009843,2499,insufficient_funds,upi,saas,8,2,0,21,5,250,2208.76,1.131,0.8,0.09524,18.3,1
PX009844,1999,bank_timeout,card,education,7,1,1,22,21,483,1310.69,1.525,0.875,0.04545,39.8,1
PX009845,1499,insufficient_funds,upi,ecommerce,7,1,0,19,29,695,1143.25,1.311,0.875,0.05263,15.96,1
PX009846,1999,bank_timeout,netbanking,ecommerce,9,1,2,35,38,717,2077.45,0.962,0.9,0.02857,40.44,1
PX009847,19999,mandate_expired,netbanking,saas,12,0,1,57,12,441,17796.78,1.124,1.0,0.0,20.11,0
PX009848,19999,insufficient_funds,upi,education,11,2,2,41,16,81,25857.16,0.773,0.846,0.04878,4.52,1
PX009849,4999,insufficient_funds,netbanking,subscription,7,0,0,35,45,20,3990.41,1.253,1.0,0.0,12.48,1
PX009850,499,bank_timeout,upi,ecommerce,11,1,0,37,27,150,421.48,1.184,0.917,0.02703,40.56,1
PX009851,1499,expired_card,wallet,education,10,2,2,15,29,349,966.21,1.551,0.833,0.13333,41.07,0
PX009852,9999,bank_timeout,card,ecommerce,5,3,2,59,43,131,13323.79,0.75,0.625,0.05085,27.97,0
PX009853,1999,insufficient_funds,card,ecommerce,8,1,2,26,26,457,2097.16,0.953,0.889,0.03846,45.57,0
PX009854,2499,suspicious_reversal,netbanking,subscription,11,0,0,21,26,663,2901.95,0.861,1.0,0.0,33.82,0
PX009855,1999,insufficient_funds,netbanking,ecommerce,11,4,1,14,47,680,2345.79,0.852,0.733,0.28571,44.51,1
PX009856,1499,mandate_expired,netbanking,subscription,7,4,0,45,25,711,1745.27,0.859,0.636,0.08889,27.4,1
PX009857,2499,mandate_expired,card,ecommerce,12,0,2,59,39,556,2247.18,1.112,1.0,0.0,40.04,1
PX009858,999,mandate_expired,card,education,7,0,0,19,2,256,1272.08,0.785,1.0,0.0,34.34,0
PX009859,2499,suspicious_reversal,wallet,saas,9,1,2,37,41,121,1978.89,1.263,0.9,0.02703,4.29,0
PX009860,999,mandate_expired,card,media,9,1,0,29,4,705,1187.68,0.841,0.9,0.03448,6.29,1
PX009861,4999,bank_timeout,card,saas,14,7,3,59,32,335,6170.27,0.81,0.667,0.11864,31.89,0
PX009862,2499,insufficient_funds,upi,subscription,13,2,3,33,21,654,2103.24,1.188,0.867,0.06061,38.65,0
PX009863,1499,mandate_expired,card,media,6,2,1,24,57,382,1912.42,0.784,0.75,0.08333,42.19,0
PX009864,2499,expired_card,wallet,saas,8,6,2,54,32,236,3137.14,0.797,0.571,0.11111,12.94,0
PX009865,1999,bank_timeout,wallet,saas,12,2,0,54,57,246,2086.15,0.958,0.857,0.03704,29.54,1
PX009866,1499,suspicious_reversal,wallet,media,9,1,1,54,56,580,2002.35,0.749,0.9,0.01852,3.22,1
PX009867,4999,bank_timeout,wallet,ecommerce,10,2,2,42,11,723,3884.16,1.287,0.833,0.04762,20.44,1
PX009868,19999,mandate_expired,wallet,saas,2,2,1,8,20,299,18731.87,1.068,0.5,0.25,31.45,1
PX009869,2499,suspicious_reversal,netbanking,education,9,0,2,41,50,457,3372.25,0.741,1.0,0.0,30.87,1
PX009870,499,bank_timeout,netbanking,education,10,1,2,32,24,196,341.73,1.46,0.909,0.03125,15.0,1
PX009871,19999,insufficient_funds,upi,subscription,7,1,0,31,31,28,21238.53,0.942,0.875,0.03226,39.88,0
PX009872,9999,bank_timeout,netbanking,media,8,2,2,27,34,36,8484.41,1.179,0.8,0.07407,6.35,1
PX009873,999,mandate_expired,netbanking,ecommerce,6,0,0,60,12,137,903.02,1.106,1.0,0.0,1.43,1
PX009874,1499,bank_timeout,netbanking,media,10,1,2,24,42,39,1963.92,0.763,0.909,0.04167,28.79,1
PX009875,4999,insufficient_funds,card,media,6,3,3,47,24,156,3372.48,1.482,0.667,0.06383,14.04,0
PX009876,999,mandate_expired,card,saas,8,2,0,38,4,271,950.0,1.052,0.8,0.05263,44.01,1
PX009877,1499,bank_timeout,netbanking,education,13,3,2,52,31,312,975.66,1.536,0.812,0.05769,30.03,1
PX009878,4999,suspicious_reversal,wallet,media,6,2,0,18,41,723,4891.25,1.022,0.75,0.11111,1.93,0
PX009879,9999,bank_timeout,netbanking,saas,15,1,0,8,8,390,12042.55,0.83,0.938,0.125,44.81,1
PX009880,9999,suspicious_reversal,netbanking,ecommerce,4,2,3,37,2,9,6327.72,1.58,0.667,0.05405,23.49,0
PX009881,1499,bank_timeout,wallet,media,10,0,3,40,4,243,1274.02,1.177,1.0,0.0,1.45,0
PX009882,999,mandate_expired,wallet,saas,14,3,3,34,19,548,793.71,1.259,0.824,0.08824,37.69,0
PX009883,4999,mandate_expired,upi,saas,15,4,0,54,49,307,4392.74,1.138,0.789,0.07407,21.25,0
PX009884,499,mandate_expired,upi,media,5,2,0,27,51,527,588.68,0.848,0.714,0.07407,13.55,1
PX009885,1999,insufficient_funds,netbanking,media,8,1,2,12,8,98,1947.98,1.026,0.889,0.08333,25.86,1
PX009886,1499,bank_timeout,wallet,subscription,7,2,1,1,29,102,1347.05,1.113,0.778,2.0,10.23,0
PX009887,1999,mandate_expired,upi,media,11,3,3,48,4,458,2381.94,0.839,0.786,0.0625,28.12,0
PX009888,9999,expired_card,upi,education,3,1,3,50,47,191,11485.67,0.871,0.75,0.02,12.5,0
PX009889,1499,insufficient_funds,wallet,education,7,1,0,22,15,419,1007.73,1.488,0.875,0.04545,13.55,1
PX009890,1999,suspicious_reversal,card,education,6,2,3,42,13,419,1958.62,1.021,0.75,0.04762,8.33,0
PX009891,999,mandate_expired,wallet,media,6,2,0,10,8,243,1363.07,0.733,0.75,0.2,33.07,0
PX009892,499,suspicious_reversal,netbanking,subscription,8,4,1,42,29,165,539.19,0.925,0.667,0.09524,20.51,0
PX009893,1499,insufficient_funds,netbanking,education,11,3,0,56,58,107,1859.74,0.806,0.786,0.05357,39.13,1
PX009894,499,expired_card,netbanking,saas,6,1,1,10,31,96,335.17,1.489,0.857,0.1,32.73,0
PX009895,19999,insufficient_funds,upi,education,8,1,3,47,5,246,27386.28,0.73,0.889,0.02128,36.78,0
PX009896,499,expired_card,card,saas,12,2,1,5,23,415,320.39,1.557,0.857,0.4,31.56,0
PX009897,4999,mandate_expired,card,subscription,10,1,3,31,21,327,5278.21,0.947,0.909,0.03226,24.31,1
PX009898,499,insufficient_funds,wallet,subscription,6,2,3,35,25,70,384.03,1.299,0.75,0.05714,36.66,0
PX009899,2499,expired_card,wallet,education,12,3,3,58,39,379,2256.31,1.108,0.8,0.05172,36.57,0
PX009900,1999,insufficient_funds,card,education,5,3,2,7,37,133,2646.97,0.755,0.625,0.42857,12.84,1
PX009901,4999,suspicious_reversal,netbanking,subscription,8,1,0,34,53,269,5836.89,0.856,0.889,0.02941,1.32,0
PX009902,2499,mandate_expired,netbanking,ecommerce,8,0,0,26,39,86,3176.64,0.787,1.0,0.0,35.16,1
PX009903,499,expired_card,upi,ecommerce,7,2,0,20,53,200,543.94,0.917,0.778,0.1,45.98,1
PX009904,499,suspicious_reversal,wallet,education,8,1,1,24,7,183,515.28,0.968,0.889,0.04167,18.88,0
PX009905,2499,bank_timeout,netbanking,media,7,0,1,34,21,700,2899.53,0.862,1.0,0.0,43.65,1
PX009906,999,insufficient_funds,upi,ecommerce,9,3,3,43,25,674,1373.76,0.727,0.75,0.06977,16.66,1
PX009907,19999,insufficient_funds,card,saas,7,3,0,39,3,267,21601.74,0.926,0.7,0.07692,6.21,0
PX009908,999,bank_timeout,card,ecommerce,5,3,2,51,3,573,1147.76,0.87,0.625,0.05882,15.98,1
PX009909,9999,mandate_expired,wallet,subscription,7,2,0,23,34,625,8172.82,1.223,0.778,0.08696,5.93,0
PX009910,9999,insufficient_funds,wallet,saas,9,0,3,10,6,725,7193.86,1.39,1.0,0.0,28.86,1
PX009911,19999,suspicious_reversal,upi,subscription,6,3,1,46,19,118,19113.89,1.046,0.667,0.06522,15.89,0
PX009912,9999,mandate_expired,card,media,9,2,2,54,3,149,6889.98,1.451,0.818,0.03704,34.58,0
PX009913,1999,bank_timeout,wallet,saas,8,1,1,50,34,627,1733.63,1.153,0.889,0.02,40.34,1
PX009914,999,suspicious_reversal,card,ecommerce,15,4,2,14,6,36,850.1,1.175,0.789,0.28571,23.41,0
PX009915,4999,bank_timeout,netbanking,subscription,9,2,1,43,24,19,3495.35,1.43,0.818,0.04651,14.96,1
PX009916,4999,bank_timeout,netbanking,subscription,4,1,0,23,38,82,4264.94,1.172,0.8,0.04348,18.3,1
PX009917,2499,suspicious_reversal,card,ecommerce,10,2,1,36,11,46,2598.6,0.962,0.833,0.05556,31.19,0
PX009918,9999,suspicious_reversal,card,media,7,4,2,39,30,273,10566.04,0.946,0.636,0.10256,25.6,0
PX009919,1999,mandate_expired,wallet,education,6,3,1,52,10,561,2215.99,0.902,0.667,0.05769,25.74,0
PX009920,9999,suspicious_reversal,wallet,media,10,2,3,53,19,340,6015.83,1.662,0.833,0.03774,15.5,0
PX009921,499,insufficient_funds,wallet,education,5,2,2,20,38,393,439.21,1.136,0.714,0.1,30.66,1
PX009922,9999,expired_card,card,ecommerce,6,3,0,8,49,592,6991.68,1.43,0.667,0.375,7.93,0
PX009923,1499,insufficient_funds,upi,education,3,3,3,47,36,46,1816.73,0.825,0.5,0.06383,45.19,1
PX009924,499,bank_timeout,netbanking,saas,7,0,1,39,10,305,371.2,1.344,1.0,0.0,16.55,0
PX009925,999,suspicious_reversal,upi,saas,12,2,1,4,38,62,1093.22,0.914,0.857,0.5,3.78,1
PX009926,1999,bank_timeout,upi,saas,7,0,3,21,57,401,1654.17,1.208,1.0,0.0,25.94,1
PX009927,1499,insufficient_funds,upi,media,3,1,2,10,58,633,988.27,1.517,0.75,0.1,39.33,0
PX009928,9999,mandate_expired,netbanking,saas,7,1,2,55,14,67,9132.12,1.095,0.875,0.01818,34.12,0
PX009929,9999,expired_card,wallet,ecommerce,9,1,0,55,53,298,9696.31,1.031,0.9,0.01818,18.77,0
PX009930,2499,mandate_expired,netbanking,saas,3,2,0,60,48,173,3472.89,0.72,0.6,0.03333,18.09,0
PX009931,9999,expired_card,netbanking,education,7,3,1,57,50,291,12239.95,0.817,0.7,0.05263,1.3,0
PX009932,999,mandate_expired,upi,ecommerce,6,1,3,8,19,417,750.51,1.331,0.857,0.125,37.1,1
PX009933,499,insufficient_funds,upi,media,9,0,1,25,46,74,610.58,0.817,1.0,0.0,23.49,0
PX009934,9999,insufficient_funds,wallet,education,4,1,0,10,43,234,10737.37,0.931,0.8,0.1,43.85,1
PX009935,19999,suspicious_reversal,upi,ecommerce,7,0,2,40,25,242,17616.12,1.135,1.0,0.0,12.03,0
PX009936,19999,insufficient_funds,upi,saas,8,2,1,38,3,275,17983.95,1.112,0.8,0.05263,23.85,0
PX009937,1499,insufficient_funds,card,saas,6,3,0,41,25,294,1406.67,1.066,0.667,0.07317,27.19,1
PX009938,9999,expired_card,netbanking,media,7,5,0,8,42,320,12759.79,0.784,0.583,0.625,23.94,0
PX009939,1499,expired_card,wallet,ecommerce,3,1,3,17,43,655,1423.15,1.053,0.75,0.05882,33.16,0
PX009940,19999,bank_timeout,wallet,saas,2,1,2,41,36,100,15491.92,1.291,0.667,0.02439,20.9,0
PX009941,2499,bank_timeout,upi,subscription,9,2,0,20,52,685,1741.38,1.435,0.818,0.1,32.43,1
PX009942,9999,expired_card,upi,saas,6,3,2,26,54,292,7388.76,1.353,0.667,0.11538,24.37,1
PX009943,4999,suspicious_reversal,netbanking,education,15,1,3,59,22,298,5949.37,0.84,0.938,0.01695,29.86,0
PX009944,19999,bank_timeout,upi,saas,10,1,2,31,29,364,14014.83,1.427,0.909,0.03226,24.51,1
PX009945,999,bank_timeout,wallet,saas,7,0,1,26,25,581,695.97,1.435,1.0,0.0,47.05,1
PX009946,499,bank_timeout,upi,media,6,1,3,52,26,606,634.42,0.787,0.857,0.01923,1.96,1
PX009947,499,insufficient_funds,netbanking,education,5,2,1,44,20,95,416.58,1.198,0.714,0.04545,36.66,1
PX009948,9999,expired_card,wallet,media,6,2,3,1,32,599,7418.59,1.348,0.75,2.0,20.79,0
PX009949,999,suspicious_reversal,upi,saas,15,3,0,20,22,143,1228.96,0.813,0.833,0.15,34.09,0
PX009950,4999,mandate_expired,netbanking,education,8,2,2,16,56,723,3198.35,1.563,0.8,0.125,16.18,0
PX009951,999,bank_timeout,wallet,ecommerce,16,2,0,33,42,131,842.23,1.186,0.889,0.06061,0.87,1
PX009952,4999,bank_timeout,card,media,7,3,2,29,10,303,3987.22,1.254,0.7,0.10345,33.11,1
PX009953,2499,insufficient_funds,upi,saas,14,3,2,34,32,58,2210.67,1.13,0.824,0.08824,18.73,1
PX009954,4999,insufficient_funds,upi,saas,3,3,3,38,29,198,6348.12,0.787,0.5,0.07895,43.58,0
PX009955,19999,bank_timeout,netbanking,saas,9,0,2,8,36,573,16154.89,1.238,1.0,0.0,40.13,1
PX009956,9999,expired_card,card,ecommerce,9,2,2,52,58,728,9437.1,1.06,0.818,0.03846,16.47,0
PX009957,2499,bank_timeout,upi,saas,12,0,2,13,28,702,2085.52,1.198,1.0,0.0,38.25,1
PX009958,19999,bank_timeout,wallet,saas,11,2,0,31,53,94,24978.11,0.801,0.846,0.06452,10.46,1
PX009959,9999,insufficient_funds,card,education,7,1,3,23,36,321,8187.83,1.221,0.875,0.04348,10.62,0
PX009960,1999,insufficient_funds,wallet,education,5,4,3,43,41,126,2729.5,0.732,0.556,0.09302,15.37,1
PX009961,999,bank_timeout,wallet,media,10,1,1,23,40,425,1149.72,0.869,0.909,0.04348,27.31,1
PX009962,2499,suspicious_reversal,wallet,saas,10,1,0,25,58,34,1724.58,1.449,0.909,0.04,7.11,1
PX009963,19999,suspicious_reversal,upi,education,7,3,3,33,31,624,25036.61,0.799,0.7,0.09091,13.44,0
PX009964,999,bank_timeout,card,media,6,2,3,11,25,288,911.38,1.096,0.75,0.18182,31.28,0
PX009965,999,suspicious_reversal,wallet,ecommerce,9,1,1,29,1,583,1305.85,0.765,0.9,0.03448,45.11,0
PX009966,499,bank_timeout,netbanking,ecommerce,11,1,2,1,55,631,373.53,1.336,0.917,1.0,16.82,1
PX009967,1999,insufficient_funds,netbanking,education,9,2,3,47,31,463,1928.92,1.036,0.818,0.04255,5.17,0
PX009968,499,expired_card,upi,media,7,2,3,4,34,84,527.49,0.946,0.778,0.5,3.1,1
PX009969,4999,expired_card,upi,ecommerce,14,3,3,22,18,546,6310.06,0.792,0.824,0.13636,40.66,1
PX009970,499,expired_card,upi,subscription,13,2,0,52,37,120,650.49,0.767,0.867,0.03846,33.62,1
PX009971,1999,suspicious_reversal,netbanking,subscription,7,2,3,18,27,467,2227.73,0.897,0.778,0.11111,1.96,0
PX009972,19999,insufficient_funds,card,subscription,9,1,1,19,59,15,12711.52,1.573,0.9,0.05263,5.61,1
PX009973,4999,bank_timeout,upi,media,4,1,0,3,38,495,3940.38,1.269,0.8,0.33333,15.95,1
PX009974,999,expired_card,upi,saas,11,3,1,16,17,272,1303.99,0.766,0.786,0.1875,24.96,1
PX009975,1999,bank_timeout,wallet,saas,8,2,3,29,37,486,2096.86,0.953,0.8,0.06897,24.13,1
PX009976,2499,suspicious_reversal,card,subscription,7,0,0,13,6,577,2538.19,0.985,1.0,0.0,11.92,1
PX009977,2499,mandate_expired,netbanking,saas,6,2,2,27,39,57,2145.03,1.165,0.75,0.07407,22.13,1
PX009978,1999,mandate_expired,wallet,saas,5,1,2,46,9,412,1274.59,1.568,0.833,0.02174,33.42,1
PX009979,9999,insufficient_funds,upi,subscription,10,1,1,34,3,496,12927.78,0.773,0.909,0.02941,18.22,1
PX009980,499,mandate_expired,wallet,subscription,6,2,2,15,1,716,480.91,1.038,0.75,0.13333,13.92,1
PX009981,9999,suspicious_reversal,wallet,ecommerce,7,1,1,24,36,485,11454.56,0.873,0.875,0.04167,23.13,0
PX009982,9999,expired_card,upi,education,9,0,2,16,13,441,9410.2,1.063,1.0,0.0,12.88,0
PX009983,1999,bank_timeout,wallet,subscription,15,2,3,7,32,429,2265.8,0.882,0.882,0.28571,31.73,1
PX009984,19999,bank_timeout,netbanking,ecommerce,5,3,0,8,52,361,14165.83,1.412,0.625,0.375,14.49,1
PX009985,2499,insufficient_funds,card,media,6,2,3,29,5,547,1816.51,1.376,0.75,0.06897,14.04,1
PX009986,999,bank_timeout,netbanking,ecommerce,7,2,1,37,9,224,882.66,1.132,0.778,0.05405,34.18,1
PX009987,4999,mandate_expired,upi,media,15,3,1,23,9,133,3340.87,1.496,0.833,0.13043,46.12,0
PX009988,4999,mandate_expired,netbanking,ecommerce,6,4,3,21,15,600,5946.86,0.841,0.6,0.19048,9.59,0
PX009989,2499,expired_card,upi,saas,12,3,3,58,2,379,3138.88,0.796,0.8,0.05172,22.06,1
PX009990,2499,expired_card,wallet,subscription,6,4,2,7,52,73,1939.86,1.288,0.6,0.57143,19.95,1
PX009991,4999,expired_card,wallet,education,7,1,0,41,48,262,6903.76,0.724,0.875,0.02439,34.62,0
PX009992,2499,insufficient_funds,wallet,saas,9,1,1,11,40,693,2060.88,1.213,0.9,0.09091,23.93,0
PX009993,9999,bank_timeout,wallet,subscription,10,2,2,7,37,236,10231.2,0.977,0.833,0.28571,27.02,0
PX009994,4999,suspicious_reversal,netbanking,ecommerce,12,3,2,52,20,394,3564.83,1.402,0.8,0.05769,47.61,1
PX009995,1499,insufficient_funds,card,media,7,0,1,44,43,480,1770.86,0.846,1.0,0.0,14.99,1
PX009996,999,expired_card,card,saas,14,1,1,58,53,219,864.66,1.155,0.933,0.01724,40.73,0
PX009997,499,insufficient_funds,netbanking,saas,7,1,2,29,1,598,456.27,1.094,0.875,0.03448,29.23,1
PX009998,999,expired_card,netbanking,ecommerce,5,4,0,14,2,618,1245.45,0.802,0.556,0.28571,6.76,0
PX009999,1499,bank_timeout,upi,subscription,5,2,2,42,7,147,1389.42,1.079,0.714,0.04762,23.55,1
PX010000,2499,bank_timeout,netbanking,saas,9,1,0,31,7,435,2311.53,1.081,0.9,0.03226,25.55,1
